method,n_angles,sigma,param,img,psnr,ssim,rel
FBP,5,0.05,,0,8.720612094797932,0.21628742716585625,1.3337709
FBP,5,0.05,,1,9.018543065462126,0.3788194445587531,1.0056854
FBP,5,0.05,,2,9.498370128082286,0.08588061980020006,1.6929837
FBP,5,0.05,,3,8.492695828339702,0.4412377195372842,0.9243765
FBP,5,0.05,,4,8.734599367659087,0.23165907506202996,1.3089685
FBP,5,0.05,,5,9.054794021847183,0.12593016731125692,1.4481767
FBP,5,0.05,,6,8.918067672826705,0.2757874036106533,1.221055
FBP,5,0.05,,7,9.600835462801873,0.3021996749549687,1.110787
FBP,5,0.05,,8,9.434597273910128,0.4192178953376299,0.92403144
FBP,5,0.05,,9,9.602675655998633,0.39504024509236396,0.89975446
FBP,5,0.05,,10,8.412645434025897,0.4211256407324117,1.0752805
FBP,5,0.05,,11,8.475873626891229,0.3758739180837305,1.1293268
FBP,5,0.05,,12,8.741844664147159,0.22209143837942014,1.1864592
FBP,5,0.05,,13,7.745099798769725,0.3211944294822991,1.1606793
FBP,5,0.05,,14,10.738672030000211,0.2856200358446135,1.0642267
FBP,5,0.05,,15,9.251115190339247,0.33407898012280596,1.1725452
FBP,5,0.05,,16,8.914435969566624,0.30067200509130043,1.155186
FBP,5,0.05,,17,9.76569060083287,0.3389195167992643,1.041177
FBP,5,0.05,,18,8.508928436247945,0.4238914593268528,0.9636892
FBP,5,0.05,,19,9.905884544659656,0.22059091144759513,1.2683657
FBP,5,0.05,,20,9.426732225877437,0.3304308813303775,0.9723318
FBP,5,0.05,,21,9.571020335850102,0.32460612080442597,1.0895011
FBP,5,0.05,,22,8.59820886746998,0.3344376487953562,1.1876718
FBP,5,0.05,,23,8.936762720464005,0.30760164633710335,1.2367721
FBP,5,0.05,,24,9.431323318069998,0.24622000226939927,1.5578178
FBP,5,0.05,,25,8.555534001402307,0.4867899490585624,0.759868
FBP,5,0.05,,26,9.291566230864523,0.190374256875766,1.3927017
FBP,5,0.05,,27,8.409060384744665,0.241635744197147,1.2431583
FBP,5,0.05,,28,8.266756908713603,0.39681968474342716,0.9929342
FBP,5,0.05,,29,9.609688674855207,0.21419178924512672,1.4180434
FBP,5,0.05,,30,9.182326264583136,0.3127279769820151,1.0594865
FBP,5,0.05,,31,9.174546211989652,0.17107781628557167,1.6383377
FBP,5,0.05,,32,9.323994464364636,0.43570604409593244,1.0190364
FBP,5,0.05,,33,9.270780198983367,0.2792899947666687,1.0781469
FBP,5,0.05,,34,9.3618843215899,0.3762423319221477,1.0038469
FBP,5,0.05,,35,8.165358445181152,0.34250263886005544,1.1169112
FBP,5,0.05,,36,8.306613097908373,0.2768593932879433,1.26404
FBP,5,0.05,,37,10.128449930288085,0.2604755818352406,1.2724154
FBP,5,0.05,,38,9.352758701725154,0.27562777383279863,1.2478907
FBP,5,0.05,,39,9.361674547871953,0.24563774352777765,1.1954113
FBP,5,0.05,,40,10.255206271867227,0.17976511885140736,1.8751268
FBP,5,0.05,,41,9.448287120697156,0.2557578988813956,1.2950166
FBP,5,0.05,,42,9.221459606053166,0.3085084049263484,1.0783716
FBP,5,0.05,,43,9.449284407695442,0.2830722446036899,1.3382565
FBP,5,0.05,,44,9.395668069272718,0.24824526829345012,1.1989137
FBP,5,0.05,,45,8.41562517858439,0.27639729716701994,1.3649822
FBP,5,0.05,,46,8.736683771114635,0.1672862854160868,1.2585346
FBP,5,0.05,,47,9.11518195194711,0.20660708252922097,1.4123397
FBP,5,0.05,,48,9.520507890274017,0.418822321026534,0.79553294
FBP,5,0.05,,49,8.83488726014425,0.33617613599708907,1.1282713
FBP,5,0.05,,50,9.40709341534737,0.3121373170927406,1.1727897
FBP,5,0.05,,51,8.47700605793014,0.43255652474366824,0.92612576
FBP,5,0.05,,52,9.174407461803453,0.380043483669625,1.1236794
FBP,5,0.05,,53,8.318645810158865,0.20898702314340978,1.5377146
FBP,5,0.05,,54,8.315691795812928,0.38917134818237825,1.0117009
FBP,5,0.05,,55,8.806937186481772,0.4066435037139133,1.0515333
FBP,5,0.05,,56,9.241830056159523,0.3456802639405411,0.9922251
FBP,5,0.05,,57,9.283576951528046,0.1264010924087077,1.6618398
FBP,5,0.05,,58,8.866404548493822,0.3228204238689313,1.082009
FBP,5,0.05,,59,9.634452416515323,0.21277853971651173,1.5424926
FBP,5,0.05,,60,10.069890450360376,0.3397240497693846,0.9205435
FBP,5,0.05,,61,9.037668186006117,0.4099531418629483,0.9537878
FBP,5,0.05,,62,9.521836672377086,0.2466302923833779,1.4833318
FBP,5,0.05,,63,8.453115513036796,0.2883872856862972,1.2496825
FBP,5,0.05,,64,8.80460817933249,0.34646909930215264,0.9881251
FBP,5,0.05,,65,9.624810213484027,0.25750127088812486,1.4378917
FBP,5,0.05,,66,8.58237879693285,0.30310477584657886,1.20894
FBP,5,0.05,,67,9.118203771015235,0.2932314174972723,1.1680847
FBP,5,0.05,,68,8.673743581180121,0.38764948457052306,0.9144759
FBP,5,0.05,,69,8.4846588350994,0.3883452857595407,1.0783482
FBP,5,0.05,,70,9.366004961005391,0.33346511565710063,1.0911431
FBP,5,0.05,,71,8.532407545653658,0.4339231068968331,0.87330955
FBP,5,0.05,,72,8.677137656245744,0.36316287802814756,1.088502
FBP,5,0.05,,73,8.505449098627984,0.2829028567598959,1.0340885
FBP,5,0.05,,74,10.321197990659304,0.2955801210083799,1.1992105
FBP,5,0.05,,75,8.883205144927143,0.2497646544781978,1.1529828
FBP,5,0.05,,76,8.042957187052796,0.23205312179299262,1.4701662
FBP,5,0.05,,77,8.70009448707833,0.2739480356544874,1.372523
FBP,5,0.05,,78,9.513426014068576,0.26195056138744277,1.1368617
FBP,5,0.05,,79,9.511997887029025,0.4256844847625952,0.79672676
FBP,5,0.05,,80,9.48669466352753,0.32912146349487803,1.1167492
FBP,5,0.05,,81,8.923077758240261,0.39463688948375675,1.0600176
FBP,5,0.05,,82,9.359273613441134,0.45165573510300705,0.8811609
FBP,5,0.05,,83,8.489910657640618,0.27118259338950784,1.3762618
FBP,5,0.05,,84,8.576018540610924,0.3595022529259608,1.0941976
FBP,5,0.05,,85,8.841281561257082,0.378547546774458,0.89536834
FBP,5,0.05,,86,9.291762105446198,0.29329194888674737,1.0141802
FBP,5,0.05,,87,8.143506096228654,0.30331560702694516,1.1483619
FBP,5,0.05,,88,9.032617937841108,0.34711611112620516,1.0344669
FBP,5,0.05,,89,8.763353770596511,0.1636129861864041,1.3446764
FBP,5,0.05,,90,8.317148713135428,0.34345668729889434,1.1780398
FBP,5,0.05,,91,8.874535652623889,0.3098668545938649,1.1983067
FBP,5,0.05,,92,9.93269663422393,0.3018806314490549,1.3707381
FBP,5,0.05,,93,9.506256644708898,0.39858426935925984,0.82768327
FBP,5,0.05,,94,9.410881397253187,0.2635445865346806,1.0418879
FBP,5,0.05,,95,9.044253554070002,0.41985142038907997,0.82572854
FBP,5,0.05,,96,9.286731293302354,0.13970769792544524,1.5500059
FBP,5,0.05,,97,8.750571844740216,0.2660435065494996,0.99731016
FBP,5,0.05,,98,9.311346340191294,0.331738063780449,1.1057199
FBP,5,0.05,,99,9.199019302941121,0.42986668828017033,0.94432807
FBP,5,0.05,,100,8.923235005459103,0.2608862576142648,1.3963302
FBP,5,0.05,,101,8.819591491598121,0.4003911924313824,1.0935264
FBP,5,0.05,,102,8.80687402028097,0.37843041065612826,1.0723174
FBP,5,0.05,,103,8.553466361325041,0.34665559371230364,1.1436136
FBP,5,0.05,,104,8.30359157233055,0.29719481500250433,1.281907
FBP,5,0.05,,105,8.27173851118782,0.24831960496667418,1.340184
FBP,5,0.05,,106,8.440740324670283,0.36865046129474643,1.0952717
FBP,5,0.05,,107,9.43553898764262,0.24955404611091486,1.4003507
FBP,5,0.05,,108,9.359646401914294,0.3236336479555147,1.0901972
FBP,5,0.05,,109,8.720701728172916,0.24564188384923466,1.2690241
FBP,5,0.05,,110,8.652413297834963,0.29336332801492726,1.0614328
FBP,5,0.05,,111,9.349108552201903,0.18600547045471555,1.2134534
FBP,5,0.05,,112,8.501523592493754,0.27451504342317257,1.3703582
FBP,5,0.05,,113,8.766240454051575,0.32031475561843614,1.1615628
FBP,5,0.05,,114,9.857488171815053,0.27641011872045296,1.1557939
FBP,5,0.05,,115,9.503244346958777,0.2515843054310409,1.2575997
FBP,5,0.05,,116,8.417738772666262,0.19229623649546979,1.5298377
FBP,5,0.05,,117,9.48485407070028,0.3187785775860598,1.0145814
FBP,5,0.05,,118,8.625331544902581,0.2144935907392176,1.4426498
FBP,5,0.05,,119,7.996153212773562,0.3796620306622519,1.1190908
FBP,5,0.05,,120,8.075592232657831,0.43661442339589107,0.9809841
FBP,5,0.05,,121,8.849569267860742,0.3243416146210451,1.2583573
FBP,5,0.05,,122,8.81639318996766,0.18882906102683494,1.5406834
FBP,5,0.05,,123,8.85822281928169,0.3506061827723846,1.1353548
FBP,5,0.05,,124,9.013636326978435,0.31015343600667306,1.0771016
FBP,5,0.05,,125,9.705477292555043,0.2751469612248005,1.1798829
FBP,5,0.05,,126,9.10613137413383,0.41163248274982334,1.0111501
FBP,5,0.05,,127,9.571398504188872,0.41121291417755684,0.98831886
FBP,5,0.05,,128,9.33712222489344,0.44926048308247124,0.83096886
FBP,5,0.05,,129,8.682104381311115,0.3124340087635756,1.2051637
FBP,5,0.05,,130,8.802407243153326,0.37322999725336575,0.9276419
FBP,5,0.05,,131,8.852616177350003,0.43450562837217593,0.8627343
FBP,5,0.05,,132,8.559654397467943,0.4345110856173178,0.922331
FBP,5,0.05,,133,8.504335947064444,0.3466476601612169,0.99637246
FBP,5,0.05,,134,8.197085644526897,0.27654383497111695,1.1164804
FBP,5,0.05,,135,9.467958693532712,0.2925191402208968,1.1923927
FBP,5,0.05,,136,9.1049865297996,0.37515083865359844,1.0735962
FBP,5,0.05,,137,9.273819258822547,0.19755106261815425,1.1369101
FBP,5,0.05,,138,9.29652238334624,0.35928731815274173,0.99433625
FBP,5,0.05,,139,9.216362517994325,0.36903705668923753,1.04782
FBP,5,0.05,,140,9.575509968341011,0.2241676233601602,1.3573346
FBP,5,0.05,,141,9.841734649201753,0.22858177799092622,1.1715426
FBP,5,0.05,,142,8.398140170635457,0.2703861008510407,1.2556063
FBP,5,0.05,,143,9.170206792495973,0.13136333928294763,1.5913762
FBP,5,0.05,,144,9.762968833569413,0.35246923602062263,1.0015955
FBP,5,0.05,,145,9.17799788635284,0.17114918870944984,1.6089708
FBP,5,0.05,,146,8.335072413439327,0.3115407582182448,1.044762
FBP,5,0.05,,147,9.184105131264662,0.45576131550422,0.8418317
FBP,5,0.05,,148,8.552072656703785,0.3064479190704966,1.1863661
FBP,5,0.05,,149,9.948969520966953,0.2734134051295896,1.2575568
FBP,5,0.05,,150,9.45199910465804,0.3658304835377602,1.0772231
FBP,5,0.05,,151,8.925337134739163,0.377276968353871,1.0050725
FBP,5,0.05,,152,8.501933002042596,0.2515589751695316,1.3182327
FBP,5,0.05,,153,9.492434515546996,0.29780089915467844,1.2049115
FBP,5,0.05,,154,9.762966400036705,0.2320598907666565,1.5999322
FBP,5,0.05,,155,9.2764303263258,0.40259616274852306,0.95029855
FBP,5,0.05,,156,9.481032759478214,0.34636155342593045,1.1213956
FBP,5,0.05,,157,8.924122351633788,0.34781119916292597,1.1292566
FBP,5,0.05,,158,9.048360017514598,0.3360140896290379,1.1222467
FBP,5,0.05,,159,9.655958493096396,0.2797105931014572,1.3352108
FBP,5,0.05,,160,8.845717609053606,0.3110200210811608,1.1016712
FBP,5,0.05,,161,8.925903048712215,0.3589213709678089,1.0959553
FBP,5,0.05,,162,8.350750314669606,0.3855063788097763,0.9740553
FBP,5,0.05,,163,8.833410013234598,0.36452418843440276,0.98845494
FBP,5,0.05,,164,9.151904532904378,0.3044638712341686,1.1371794
FBP,5,0.05,,165,8.124815907490863,0.4023695917353629,1.0778744
FBP,5,0.05,,166,8.814958499724298,0.22915686530432477,1.2273277
FBP,5,0.05,,167,9.313523642186233,0.27419191226763057,1.2693424
FBP,5,0.05,,168,9.789480552064191,0.26222786489244554,1.3092419
FBP,5,0.05,,169,9.032581226649983,0.27708868042234763,1.2455356
FBP,5,0.05,,170,9.691627115736884,0.29159241583855616,1.2604251
FBP,5,0.05,,171,8.890001219689939,0.31483297902185814,0.92979044
FBP,5,0.05,,172,8.57847056523086,0.3950010132517709,1.0142326
FBP,5,0.05,,173,9.265545893936121,0.2777200470135679,1.2578055
FBP,5,0.05,,174,8.778494706224906,0.303073659697409,1.1583046
FBP,5,0.05,,175,9.02110448551323,0.07981282075362167,2.1151628
FBP,5,0.05,,176,10.311714176077269,0.1743698307677434,1.8130947
FBP,5,0.05,,177,8.210733489031975,0.29515727464672825,1.1648324
FBP,5,0.05,,178,10.192628756851157,0.25007847917714565,1.2833848
FBP,5,0.05,,179,8.559587798285936,0.384749714884419,0.9886128
FBP,5,0.05,,180,10.476152379786505,0.24105808466404874,1.326826
FBP,5,0.05,,181,9.092949864163545,0.38252250439059066,0.96095574
FBP,5,0.05,,182,9.285662802196589,0.266213738451197,1.2464606
FBP,5,0.05,,183,8.5379709226749,0.5144304918124706,0.9129339
FBP,5,0.05,,184,9.01094339085287,0.31813024383478283,1.1265825
FBP,5,0.05,,185,9.14437404661943,0.29177268712744714,1.1373618
FBP,5,0.05,,186,9.158988280876562,0.45278330221900104,0.83262205
FBP,5,0.05,,187,7.8780225177458165,0.36509250042033653,1.1788954
FBP,5,0.05,,188,8.986676148519825,0.4330232475775134,0.870899
FBP,5,0.05,,189,9.503801940542571,0.10286220556049594,1.7601612
FBP,5,0.05,,190,9.35773443877633,0.24118311497300393,1.1084999
FBP,5,0.05,,191,9.836884915008925,0.11958999233307577,1.3812704
FBP,5,0.05,,192,8.813635430161044,0.4398341447702512,1.0234078
FBP,5,0.05,,193,8.788728590836993,0.29086709720206444,1.2574286
FBP,5,0.05,,194,9.473590857750176,0.4894513499512504,0.94002354
FBP,5,0.05,,195,9.331518997440742,0.2246279082333778,1.6379619
FBP,5,0.05,,196,9.609407464168708,0.30526747264511606,1.1288704
FBP,5,0.05,,197,8.55768018848957,0.31866939106260495,0.98970604
FBP,5,0.05,,198,8.355149026567904,0.21947140028656156,1.3599222
FBP,5,0.05,,199,9.159713094070781,0.42403779246692014,0.8396486
Tikhonov,5,0.05,0.01,0,13.969884772331458,0.2849037959658294,0.7288155
Tikhonov,5,0.05,0.01,1,12.89952100216138,0.3826018650633016,0.6432996
Tikhonov,5,0.05,0.01,2,15.4185059654475,0.13031887639172507,0.85633945
Tikhonov,5,0.05,0.01,3,13.444291639394697,0.5472275334320653,0.52272
Tikhonov,5,0.05,0.01,4,13.653536333299199,0.29237762029034525,0.74298894
Tikhonov,5,0.05,0.01,5,14.49844590667225,0.17760409954018902,0.77381825
Tikhonov,5,0.05,0.01,6,13.517279731122256,0.3138636120230398,0.7190757
Tikhonov,5,0.05,0.01,7,14.881991015852154,0.36081802266592655,0.60474604
Tikhonov,5,0.05,0.01,8,13.773743905636149,0.4968983105025187,0.56069845
Tikhonov,5,0.05,0.01,9,13.860965272864261,0.4286807792698161,0.5510735
Tikhonov,5,0.05,0.01,10,13.036396451229049,0.4943271924662553,0.63144314
Tikhonov,5,0.05,0.01,11,12.852976815255694,0.3812834880842605,0.6822829
Tikhonov,5,0.05,0.01,12,13.476433344976549,0.2809213016337084,0.68789697
Tikhonov,5,0.05,0.01,13,13.387659368896704,0.4933085277782595,0.6061559
Tikhonov,5,0.05,0.01,14,16.96159800173711,0.35839007918019145,0.5198618
Tikhonov,5,0.05,0.01,15,13.424372039700348,0.3549249579263841,0.72521496
Tikhonov,5,0.05,0.01,16,13.32512857848662,0.34024623277020344,0.69521207
Tikhonov,5,0.05,0.01,17,14.235000059239791,0.38614571917026874,0.62238497
Tikhonov,5,0.05,0.01,18,12.50021574218807,0.43905992340031924,0.608657
Tikhonov,5,0.05,0.01,19,14.66078035183925,0.2643602163619761,0.7336682
Tikhonov,5,0.05,0.01,20,14.548858497910164,0.42046083032005865,0.5391482
Tikhonov,5,0.05,0.01,21,13.985351040090421,0.34828910742506813,0.65540713
Tikhonov,5,0.05,0.01,22,13.793959300297383,0.400055428081498,0.65299356
Tikhonov,5,0.05,0.01,23,13.915576993216476,0.3350858065583031,0.69718647
Tikhonov,5,0.05,0.01,24,15.561300576127245,0.28782764742726247,0.7691619
Tikhonov,5,0.05,0.01,25,13.26870305511245,0.6545113665131133,0.44165152
Tikhonov,5,0.05,0.01,26,14.647796522660384,0.2617393911541738,0.75170356
Tikhonov,5,0.05,0.01,27,13.54495803785315,0.3099727486843815,0.68822676
Tikhonov,5,0.05,0.01,28,13.399257378924625,0.5206171699270677,0.5499149
Tikhonov,5,0.05,0.01,29,15.588811482129232,0.2316427135344331,0.7124155
Tikhonov,5,0.05,0.01,30,13.899155208110827,0.37857048768457074,0.6155368
Tikhonov,5,0.05,0.01,31,15.814952334062172,0.19874422075402487,0.76275164
Tikhonov,5,0.05,0.01,32,14.028475485931573,0.45417870324880005,0.59287846
Tikhonov,5,0.05,0.01,33,13.16100553499086,0.3410123304214015,0.6889166
Tikhonov,5,0.05,0.01,34,14.597673861013787,0.47433666234945665,0.54938656
Tikhonov,5,0.05,0.01,35,12.339928957028302,0.39164509325218966,0.690701
Tikhonov,5,0.05,0.01,36,13.805201119501136,0.3682131286515553,0.6711683
Tikhonov,5,0.05,0.01,37,17.011749626138343,0.3021574234900215,0.57605493
Tikhonov,5,0.05,0.01,38,14.409997053224568,0.35337818731348924,0.69713134
Tikhonov,5,0.05,0.01,39,16.037229950299967,0.33578101492860674,0.55429333
Tikhonov,5,0.05,0.01,40,18.06954139328443,0.24439410655759275,0.7626299
Tikhonov,5,0.05,0.01,41,14.594976187970532,0.29113601656005383,0.7160459
Tikhonov,5,0.05,0.01,42,13.77731189179798,0.33665242122551414,0.638228
Tikhonov,5,0.05,0.01,43,15.133922423742245,0.3358672125789232,0.6955165
Tikhonov,5,0.05,0.01,44,14.817863815605017,0.33256417407326144,0.6422116
Tikhonov,5,0.05,0.01,45,13.74374048857134,0.3104959413669484,0.73913074
Tikhonov,5,0.05,0.01,46,14.186527332405694,0.2631168267050443,0.6720057
Tikhonov,5,0.05,0.01,47,14.621758976316091,0.29099623143984665,0.74922156
Tikhonov,5,0.05,0.01,48,13.350521149134888,0.47236557248714023,0.51186746
Tikhonov,5,0.05,0.01,49,14.105440537562524,0.45384877975766735,0.61501527
Tikhonov,5,0.05,0.01,50,14.040308679742854,0.31483186787599987,0.68795395
Tikhonov,5,0.05,0.01,51,12.335660221950063,0.4523318496740554,0.59393275
Tikhonov,5,0.05,0.01,52,13.608937349760073,0.39349374033833956,0.6743975
Tikhonov,5,0.05,0.01,53,14.100017358122832,0.30837208048107023,0.79032755
Tikhonov,5,0.05,0.01,54,12.436773021003177,0.44728571305211157,0.62950337
Tikhonov,5,0.05,0.01,55,13.307462134793795,0.420660946153062,0.6263207
Tikhonov,5,0.05,0.01,56,13.224205033206243,0.41561236396294343,0.6273234
Tikhonov,5,0.05,0.01,57,15.242233685218963,0.1648840576211618,0.8368668
Tikhonov,5,0.05,0.01,58,13.233158851982365,0.35251759474604943,0.6544751
Tikhonov,5,0.05,0.01,59,15.716319649352549,0.27127596569328843,0.7658254
Tikhonov,5,0.05,0.01,60,13.881761937917119,0.3687931399088649,0.59354097
Tikhonov,5,0.05,0.01,61,13.641270435177477,0.48453828937437554,0.56139904
Tikhonov,5,0.05,0.01,62,15.501027869562495,0.2854927122463763,0.7452101
Tikhonov,5,0.05,0.01,63,14.039949342766857,0.3738101650875356,0.6568376
Tikhonov,5,0.05,0.01,64,12.77745138230415,0.3934562502541997,0.6254171
Tikhonov,5,0.05,0.01,65,16.893792098248262,0.3570472463416532,0.6226975
Tikhonov,5,0.05,0.01,66,13.225110409812412,0.3643667122562551,0.7083831
Tikhonov,5,0.05,0.01,67,13.68656205398916,0.3491404242251354,0.69032955
Tikhonov,5,0.05,0.01,68,13.657064267044365,0.46813352347709036,0.515236
Tikhonov,5,0.05,0.01,69,13.19023171146762,0.4923532234981304,0.6273073
Tikhonov,5,0.05,0.01,70,14.00816430081491,0.38960699164887075,0.6394016
Tikhonov,5,0.05,0.01,71,13.173378710157815,0.6034850517540645,0.5118228
Tikhonov,5,0.05,0.01,72,13.243399482300367,0.44810105926931587,0.643452
Tikhonov,5,0.05,0.01,73,14.183118840239523,0.42375141972962027,0.5378661
Tikhonov,5,0.05,0.01,74,17.29236448543194,0.3513736209720527,0.5374489
Tikhonov,5,0.05,0.01,75,13.436936095679687,0.28442564170668333,0.6825528
Tikhonov,5,0.05,0.01,76,13.97417626885205,0.3055618399395059,0.74268645
Tikhonov,5,0.05,0.01,77,14.213228438389393,0.3534414467073723,0.72755015
Tikhonov,5,0.05,0.01,78,14.493779921650322,0.29789209327685034,0.64075196
Tikhonov,5,0.05,0.01,79,13.948363341485974,0.5142767071627847,0.47806957
Tikhonov,5,0.05,0.01,80,14.72051129509306,0.35895059254715095,0.6113146
Tikhonov,5,0.05,0.01,81,13.89488245097904,0.42134517303920876,0.59802985
Tikhonov,5,0.05,0.01,82,13.660553204280841,0.5409046842113873,0.537021
Tikhonov,5,0.05,0.01,83,14.751500690285672,0.35199114232848894,0.66930115
Tikhonov,5,0.05,0.01,84,13.062441043263672,0.4091253770288746,0.6527917
Tikhonov,5,0.05,0.01,85,13.348225372302938,0.47612129522134305,0.5329108
Tikhonov,5,0.05,0.01,86,13.919095792761452,0.36221064483136667,0.59531724
Tikhonov,5,0.05,0.01,87,13.380546034681323,0.3908729426605961,0.6283864
Tikhonov,5,0.05,0.01,88,13.573171305393661,0.40562406862170236,0.6133225
Tikhonov,5,0.05,0.01,89,14.400653317565963,0.22084530182467815,0.7026722
Tikhonov,5,0.05,0.01,90,13.767068895491095,0.42349948874813764,0.62901926
Tikhonov,5,0.05,0.01,91,14.319382178577499,0.3643056011297172,0.64021474
Tikhonov,5,0.05,0.01,92,16.113769860148977,0.37743095392390147,0.672823
Tikhonov,5,0.05,0.01,93,14.480572797774741,0.5109976821435684,0.46681887
Tikhonov,5,0.05,0.01,94,15.032852430539412,0.3323840818679141,0.54540914
Tikhonov,5,0.05,0.01,95,13.525694439565122,0.49509733467911704,0.49290735
Tikhonov,5,0.05,0.01,96,15.156706941869118,0.17849691405994356,0.7885597
Tikhonov,5,0.05,0.01,97,13.274410782500885,0.3558173208058622,0.5924318
Tikhonov,5,0.05,0.01,98,13.772559781948484,0.37507367641378814,0.66158324
Tikhonov,5,0.05,0.01,99,13.774417382262062,0.4610643568496828,0.55763876
Tikhonov,5,0.05,0.01,100,14.417125038851488,0.3270268015511053,0.7418116
Tikhonov,5,0.05,0.01,101,13.571020922692105,0.47553236128688764,0.63278735
Tikhonov,5,0.05,0.01,102,13.301042798125968,0.4445752273234327,0.63916785
Tikhonov,5,0.05,0.01,103,14.008865133538528,0.44288884032017856,0.61025214
Tikhonov,5,0.05,0.01,104,13.476715127840084,0.3336085367355879,0.7066434
Tikhonov,5,0.05,0.01,105,13.883544158543506,0.32922776636784445,0.7023832
Tikhonov,5,0.05,0.01,106,12.91289538802647,0.4690739173651505,0.65450674
Tikhonov,5,0.05,0.01,107,15.688816230787673,0.2845155316970719,0.68166804
Tikhonov,5,0.05,0.01,108,14.853846157600454,0.38624115713943213,0.5791553
Tikhonov,5,0.05,0.01,109,13.205393741148306,0.2545976450404971,0.75724304
Tikhonov,5,0.05,0.01,110,13.330832925729778,0.36721729752230015,0.6194005
Tikhonov,5,0.05,0.01,111,14.553564505455231,0.2662540852899898,0.6665002
Tikhonov,5,0.05,0.01,112,14.464287540121068,0.30308236262998217,0.6897567
Tikhonov,5,0.05,0.01,113,14.051361965278575,0.35710053744071407,0.6321012
Tikhonov,5,0.05,0.01,114,14.789832235326784,0.32981285416023964,0.65503305
Tikhonov,5,0.05,0.01,115,14.621174616939722,0.2787933050696199,0.6976633
Tikhonov,5,0.05,0.01,116,14.81002276576123,0.2362598097009569,0.73287714
Tikhonov,5,0.05,0.01,117,13.642336774736762,0.3736006863518548,0.6286557
Tikhonov,5,0.05,0.01,118,14.242051977414132,0.2614723941332166,0.7556574
Tikhonov,5,0.05,0.01,119,13.376462873063833,0.4621861788574647,0.6023513
Tikhonov,5,0.05,0.01,120,12.829257551368517,0.49351761576359754,0.5675168
Tikhonov,5,0.05,0.01,121,14.653481713318826,0.3969006034187094,0.6450722
Tikhonov,5,0.05,0.01,122,15.251051413340113,0.24713873914055706,0.73448086
Tikhonov,5,0.05,0.01,123,13.602237753891513,0.37269170369163024,0.65755314
Tikhonov,5,0.05,0.01,124,13.719528452068007,0.3655118690097097,0.62655914
Tikhonov,5,0.05,0.01,125,14.27017295882436,0.2899885345569067,0.69759625
Tikhonov,5,0.05,0.01,126,13.382031584261892,0.4944814848584895,0.61804575
Tikhonov,5,0.05,0.01,127,13.769304350134881,0.4281766504469142,0.60953945
Tikhonov,5,0.05,0.01,128,13.41010328991841,0.4893042788304935,0.519919
Tikhonov,5,0.05,0.01,129,13.479146646212792,0.3639960568023014,0.69373554
Tikhonov,5,0.05,0.01,130,13.665291667181913,0.45367908725851264,0.5299516
Tikhonov,5,0.05,0.01,131,13.576877708723792,0.5153071266679997,0.5007996
Tikhonov,5,0.05,0.01,132,12.847176008594193,0.5092427414968046,0.563003
Tikhonov,5,0.05,0.01,133,13.121903414895275,0.4526421308091963,0.5855222
Tikhonov,5,0.05,0.01,134,13.175370577442024,0.37152177060284164,0.6294146
Tikhonov,5,0.05,0.01,135,16.33792625023396,0.3433035701106318,0.5406559
Tikhonov,5,0.05,0.01,136,13.546180177324697,0.42264631031927014,0.64384496
Tikhonov,5,0.05,0.01,137,14.285591940995367,0.2666631709087461,0.6384655
Tikhonov,5,0.05,0.01,138,13.319775805423005,0.3944214027679731,0.6257064
Tikhonov,5,0.05,0.01,139,14.0983523570329,0.4426974827319183,0.59729266
Tikhonov,5,0.05,0.01,140,14.729850342957215,0.2579726180360433,0.7498423
Tikhonov,5,0.05,0.01,141,14.221601905571395,0.26307805432528664,0.70756245
Tikhonov,5,0.05,0.01,142,13.346279911626029,0.35737971814199204,0.71030766
Tikhonov,5,0.05,0.01,143,15.333881982870558,0.17557914089026652,0.78268874
Tikhonov,5,0.05,0.01,144,13.801133819827394,0.35666181342034076,0.6291933
Tikhonov,5,0.05,0.01,145,15.56060624041172,0.19603778326780244,0.77164537
Tikhonov,5,0.05,0.01,146,12.92584157894561,0.3778346929749573,0.61585563
Tikhonov,5,0.05,0.01,147,12.813573314699344,0.5057777001536071,0.5543089
Tikhonov,5,0.05,0.01,148,13.475718444707072,0.3836303218830692,0.67303306
Tikhonov,5,0.05,0.01,149,14.424309984021937,0.2822592789097978,0.7512088
Tikhonov,5,0.05,0.01,150,13.95666773520144,0.3841365699497319,0.6413162
Tikhonov,5,0.05,0.01,151,12.85966107331054,0.43847683812487986,0.6389711
Tikhonov,5,0.05,0.01,152,13.687754695560235,0.30804598044706527,0.7256062
Tikhonov,5,0.05,0.01,153,14.0394896566584,0.34497046641019763,0.7138425
Tikhonov,5,0.05,0.01,154,18.056524737153744,0.2957187987883741,0.61577725
Tikhonov,5,0.05,0.01,155,13.139539643858306,0.4283549473149517,0.6091224
Tikhonov,5,0.05,0.01,156,14.869774895691656,0.40609906022580033,0.6030061
Tikhonov,5,0.05,0.01,157,13.791994595838766,0.41666622043366947,0.6447613
Tikhonov,5,0.05,0.01,158,14.225156795578114,0.4221734190730124,0.6183701
Tikhonov,5,0.05,0.01,159,15.9036855585921,0.3439893716535423,0.65037453
Tikhonov,5,0.05,0.01,160,13.782131388721638,0.36021294134960885,0.6240672
Tikhonov,5,0.05,0.01,161,13.44758922427551,0.4116275693332148,0.65119123
Tikhonov,5,0.05,0.01,162,12.637825003904863,0.46115461820873627,0.5946068
Tikhonov,5,0.05,0.01,163,13.564021059685484,0.4572024637266374,0.57335865
Tikhonov,5,0.05,0.01,164,13.806058491022487,0.34181502941893155,0.66545904
Tikhonov,5,0.05,0.01,165,12.868643090056736,0.45758754871541507,0.6242762
Tikhonov,5,0.05,0.01,166,13.367735023019042,0.2951013348980524,0.726644
Tikhonov,5,0.05,0.01,167,14.63566086561328,0.33393273629947595,0.6878155
Tikhonov,5,0.05,0.01,168,17.08455355283001,0.3339598070736782,0.5652834
Tikhonov,5,0.05,0.01,169,14.685256461645482,0.35328196096178704,0.64971423
Tikhonov,5,0.05,0.01,170,15.430003293721517,0.36417731704887424,0.6510259
Tikhonov,5,0.05,0.01,171,14.116502927933471,0.46266616010196093,0.5094012
Tikhonov,5,0.05,0.01,172,12.620462746749418,0.45683762200166134,0.63685125
Tikhonov,5,0.05,0.01,173,13.845672132624024,0.34096371430472167,0.74234736
Tikhonov,5,0.05,0.01,174,14.197965220988682,0.39217052180781836,0.62065357
Tikhonov,5,0.05,0.01,175,16.37757172641451,0.14914901599755573,0.9068186
Tikhonov,5,0.05,0.01,176,18.01908376773098,0.24476658343169108,0.74653816
Tikhonov,5,0.05,0.01,177,13.821032979093243,0.39370314906253134,0.6105883
Tikhonov,5,0.05,0.01,178,16.462550263441283,0.28337201693485886,0.623535
Tikhonov,5,0.05,0.01,179,13.888250745474217,0.4638904264649667,0.5352949
Tikhonov,5,0.05,0.01,180,17.79584442698929,0.32115681359615594,0.5712541
Tikhonov,5,0.05,0.01,181,13.357233584782442,0.42267589164033825,0.5881515
Tikhonov,5,0.05,0.01,182,14.536415195109724,0.32013599530934195,0.68099034
Tikhonov,5,0.05,0.01,183,12.608500022327991,0.5571476236955804,0.571364
Tikhonov,5,0.05,0.01,184,13.912602668482531,0.36578769761586005,0.64073735
Tikhonov,5,0.05,0.01,185,13.653623184520988,0.3261404933545244,0.67676234
Tikhonov,5,0.05,0.01,186,13.651208196111018,0.5324840441946044,0.4964059
Tikhonov,5,0.05,0.01,187,12.872694432874582,0.4235386756603069,0.6633483
Tikhonov,5,0.05,0.01,188,12.395787514604383,0.46902049666083967,0.5881826
Tikhonov,5,0.05,0.01,189,15.767487164509257,0.1405491838058503,0.855792
Tikhonov,5,0.05,0.01,190,15.035080075657788,0.3219003000468389,0.5765917
Tikhonov,5,0.05,0.01,191,14.917671928106524,0.1699487126257616,0.7695545
Tikhonov,5,0.05,0.01,192,13.091024572985184,0.4554857080502865,0.62543076
Tikhonov,5,0.05,0.01,193,14.66976713551104,0.38493520661903263,0.63889784
Tikhonov,5,0.05,0.01,194,13.361425746925484,0.5028229179493371,0.6008236
Tikhonov,5,0.05,0.01,195,15.717431262517742,0.2537199063955379,0.78525037
Tikhonov,5,0.05,0.01,196,16.465364560083536,0.3751206797960023,0.51267976
Tikhonov,5,0.05,0.01,197,14.144051132149812,0.4318681145135892,0.52022076
Tikhonov,5,0.05,0.01,198,13.973565040715172,0.2816644907911084,0.7121857
Tikhonov,5,0.05,0.01,199,14.309498665967501,0.5604148505224071,0.46409652
TV,5,0.05,0.0031622776601683794,0,14.980135715882616,0.3960091958116126,0.6487913
TV,5,0.05,0.0031622776601683794,1,12.785568943584247,0.40384846153786436,0.6517948
TV,5,0.05,0.0031622776601683794,2,16.260346775624974,0.2947498033607806,0.77723783
TV,5,0.05,0.0031622776601683794,3,16.189568482816167,0.6996014738607669,0.38107046
TV,5,0.05,0.0031622776601683794,4,14.29644054904436,0.36313575675036597,0.68998104
TV,5,0.05,0.0031622776601683794,5,15.91293922192824,0.30862076140359074,0.65752804
TV,5,0.05,0.0031622776601683794,6,14.339786782639203,0.3885653028671133,0.65410763
TV,5,0.05,0.0031622776601683794,7,16.150295906531873,0.49325959713531137,0.522586
TV,5,0.05,0.0031622776601683794,8,16.376141042076263,0.6577443198016113,0.41553682
TV,5,0.05,0.0031622776601683794,9,14.528153545638752,0.516670545960363,0.5103288
TV,5,0.05,0.0031622776601683794,10,14.44517917164598,0.6376502028455253,0.5369021
TV,5,0.05,0.0031622776601683794,11,12.95168380626803,0.369327107102646,0.6745733
TV,5,0.05,0.0031622776601683794,12,13.962436773546397,0.3991489266359881,0.6504639
TV,5,0.05,0.0031622776601683794,13,14.555830772672048,0.631270332057231,0.52987784
TV,5,0.05,0.0031622776601683794,14,21.906656754681425,0.6860673564326495,0.2941948
TV,5,0.05,0.0031622776601683794,15,13.676929039638097,0.38305252387880134,0.7044317
TV,5,0.05,0.0031622776601683794,16,13.988622074258224,0.417403485699704,0.6440842
TV,5,0.05,0.0031622776601683794,17,15.908294952203224,0.5579963673716979,0.5133273
TV,5,0.05,0.0031622776601683794,18,13.087910343445522,0.47649910865319806,0.5688371
TV,5,0.05,0.0031622776601683794,19,15.755131110859251,0.4726729026979604,0.6468181
TV,5,0.05,0.0031622776601683794,20,17.20673747790666,0.6368643735806758,0.39702165
TV,5,0.05,0.0031622776601683794,21,14.659351004115795,0.4206314395418273,0.60647255
TV,5,0.05,0.0031622776601683794,22,14.350220610362284,0.44783840022215327,0.6124855
TV,5,0.05,0.0031622776601683794,23,14.446649789419475,0.4015539578017336,0.65583605
TV,5,0.05,0.0031622776601683794,24,15.904160839611885,0.3369449674109625,0.73939204
TV,5,0.05,0.0031622776601683794,25,15.569437087499447,0.784203753460291,0.3388777
TV,5,0.05,0.0031622776601683794,26,15.788975350321554,0.38615558620071816,0.65915513
TV,5,0.05,0.0031622776601683794,27,14.67983576994898,0.42335615220710215,0.6039315
TV,5,0.05,0.0031622776601683794,28,15.643583824464574,0.6805920001881366,0.42469692
TV,5,0.05,0.0031622776601683794,29,17.195754595426184,0.43651060044884776,0.5920879
TV,5,0.05,0.0031622776601683794,30,15.132661641295602,0.5132327995081202,0.534046
TV,5,0.05,0.0031622776601683794,31,16.62362255796381,0.4245658643435002,0.69494367
TV,5,0.05,0.0031622776601683794,32,16.006095374360612,0.6413951759180438,0.47215506
TV,5,0.05,0.0031622776601683794,33,14.030029366176667,0.4702342661037033,0.62332636
TV,5,0.05,0.0031622776601683794,34,16.13917784999246,0.5900508788152605,0.46004763
TV,5,0.05,0.0031622776601683794,35,13.089700243676281,0.46450172480790347,0.63358015
TV,5,0.05,0.0031622776601683794,36,14.715144822418488,0.4817115134582542,0.6044136
TV,5,0.05,0.0031622776601683794,37,20.133042762611872,0.6521463645281788,0.40216038
TV,5,0.05,0.0031622776601683794,38,14.83821390832391,0.49336122611897404,0.663596
TV,5,0.05,0.0031622776601683794,39,20.520005546138957,0.5674238383927775,0.3308269
TV,5,0.05,0.0031622776601683794,40,19.453042427437058,0.4594100607993959,0.6503375
TV,5,0.05,0.0031622776601683794,41,15.112667987134294,0.3453418775780313,0.67461544
TV,5,0.05,0.0031622776601683794,42,15.578103908931327,0.4738207318082121,0.51872396
TV,5,0.05,0.0031622776601683794,43,16.286249870457453,0.5476213762454144,0.6091035
TV,5,0.05,0.0031622776601683794,44,16.846078634632804,0.6319217139119975,0.50847244
TV,5,0.05,0.0031622776601683794,45,13.981554284970553,0.3212622743528548,0.7191683
TV,5,0.05,0.0031622776601683794,46,16.42228525155798,0.5250913739420401,0.5194994
TV,5,0.05,0.0031622776601683794,47,15.124468712052977,0.4023754095571108,0.7070902
TV,5,0.05,0.0031622776601683794,48,16.217379696069067,0.6625886129153785,0.36797184
TV,5,0.05,0.0031622776601683794,49,15.133199968769752,0.5524188884114101,0.546384
TV,5,0.05,0.0031622776601683794,50,15.230733364820141,0.4021298124419799,0.5998437
TV,5,0.05,0.0031622776601683794,51,13.14002687807669,0.5140596149421455,0.5414009
TV,5,0.05,0.0031622776601683794,52,13.36113345297084,0.38167515354880305,0.6939148
TV,5,0.05,0.0031622776601683794,53,14.270530567226743,0.3206035658024406,0.7749639
TV,5,0.05,0.0031622776601683794,54,12.789096631716939,0.48848169010776205,0.6044799
TV,5,0.05,0.0031622776601683794,55,14.685064826118692,0.5669209362213148,0.5344618
TV,5,0.05,0.0031622776601683794,56,14.324926878011885,0.5180122036674957,0.55265665
TV,5,0.05,0.0031622776601683794,57,16.079286190493313,0.3411833886031282,0.7599827
TV,5,0.05,0.0031622776601683794,58,13.683888136922741,0.3979722822479729,0.62137914
TV,5,0.05,0.0031622776601683794,59,17.19958023500675,0.504003592798571,0.6456048
TV,5,0.05,0.0031622776601683794,60,15.756439168676252,0.5652713127904966,0.47831815
TV,5,0.05,0.0031622776601683794,61,15.312388433268282,0.6325252554110012,0.46314374
TV,5,0.05,0.0031622776601683794,62,16.199161977683232,0.3614009637176348,0.68765724
TV,5,0.05,0.0031622776601683794,63,14.84785822298911,0.4826499474985806,0.5984978
TV,5,0.05,0.0031622776601683794,64,13.31966701238774,0.4730300938584053,0.5875692
TV,5,0.05,0.0031622776601683794,65,17.862206911352835,0.5637283198790882,0.5570015
TV,5,0.05,0.0031622776601683794,66,13.70892737577874,0.4042051879322353,0.67000395
TV,5,0.05,0.0031622776601683794,67,14.559477979503567,0.43304221505785195,0.6243249
TV,5,0.05,0.0031622776601683794,68,16.288152681218513,0.6515583485857515,0.38058513
TV,5,0.05,0.0031622776601683794,69,14.654446408745862,0.6173138500355793,0.52999234
TV,5,0.05,0.0031622776601683794,70,15.571078169699753,0.6037708095570474,0.53410673
TV,5,0.05,0.0031622776601683794,71,14.94661992389338,0.7254457533111063,0.41730884
TV,5,0.05,0.0031622776601683794,72,13.984767888140366,0.528033170806752,0.5908099
TV,5,0.05,0.0031622776601683794,73,17.218876235109924,0.5945607973387742,0.37921572
TV,5,0.05,0.0031622776601683794,74,22.079491050395568,0.6632946695755274,0.30972824
TV,5,0.05,0.0031622776601683794,75,14.182978635545457,0.3803925323614854,0.62637466
TV,5,0.05,0.0031622776601683794,76,14.152783874956699,0.32882235631897994,0.7275706
TV,5,0.05,0.0031622776601683794,77,15.415221080855462,0.4750543819629291,0.6335243
TV,5,0.05,0.0031622776601683794,78,16.177383895899375,0.43233535788142247,0.527849
TV,5,0.05,0.0031622776601683794,79,18.200109515924158,0.7377089395419664,0.29302442
TV,5,0.05,0.0031622776601683794,80,16.876852845508488,0.4888431305825337,0.4769224
TV,5,0.05,0.0031622776601683794,81,15.73654434448792,0.5269381292643577,0.48377094
TV,5,0.05,0.0031622776601683794,82,16.026337780879942,0.6859983578357992,0.40897992
TV,5,0.05,0.0031622776601683794,83,16.2493119087469,0.47367234398276076,0.56328875
TV,5,0.05,0.0031622776601683794,84,13.305759199241873,0.4291867775678267,0.6347588
TV,5,0.05,0.0031622776601683794,85,16.076150667551854,0.6568330525211828,0.3892766
TV,5,0.05,0.0031622776601683794,86,15.302812257553652,0.5231831647824722,0.5076479
TV,5,0.05,0.0031622776601683794,87,15.208611311882015,0.5517868140384301,0.5091239
TV,5,0.05,0.0031622776601683794,88,14.080659605201165,0.45657629509087727,0.5785148
TV,5,0.05,0.0031622776601683794,89,15.202131014022457,0.33781564492269994,0.6407357
TV,5,0.05,0.0031622776601683794,90,15.21500849953622,0.5775132459109218,0.5324355
TV,5,0.05,0.0031622776601683794,91,15.507268603255845,0.47418018923240157,0.5583819
TV,5,0.05,0.0031622776601683794,92,16.62612323541402,0.5600473765102947,0.6342832
TV,5,0.05,0.0031622776601683794,93,18.289234502859195,0.7041419682858804,0.30110314
TV,5,0.05,0.0031622776601683794,94,18.34845489663104,0.5199896825875795,0.3723422
TV,5,0.05,0.0031622776601683794,95,15.176181379384815,0.6260768055660513,0.40760633
TV,5,0.05,0.0031622776601683794,96,15.976993864637084,0.37372497113789327,0.7174972
TV,5,0.05,0.0031622776601683794,97,14.202123522796077,0.47423466720743623,0.5324179
TV,5,0.05,0.0031622776601683794,98,14.711522436832746,0.46397307773374696,0.5937947
TV,5,0.05,0.0031622776601683794,99,16.00512253357808,0.6484049869454004,0.431338
TV,5,0.05,0.0031622776601683794,100,14.71029510778685,0.3497732145952788,0.7171916
TV,5,0.05,0.0031622776601683794,101,14.852856479980092,0.6118329101931718,0.54596657
TV,5,0.05,0.0031622776601683794,102,13.641435610432351,0.47322712016574775,0.6146039
TV,5,0.05,0.0031622776601683794,103,15.712153616535051,0.6072052453536577,0.5015854
TV,5,0.05,0.0031622776601683794,104,14.593464764062245,0.42637243634065775,0.62138796
TV,5,0.05,0.0031622776601683794,105,14.57286606874125,0.39012170131190793,0.6487958
TV,5,0.05,0.0031622776601683794,106,13.76497131326632,0.5406514056884897,0.59334916
TV,5,0.05,0.0031622776601683794,107,19.194212894429388,0.514711101924277,0.45530576
TV,5,0.05,0.0031622776601683794,108,16.90166203279299,0.6000339841019855,0.45751384
TV,5,0.05,0.0031622776601683794,109,13.688920444521127,0.2964929484532307,0.7162406
TV,5,0.05,0.0031622776601683794,110,14.272842756187679,0.4459526190712946,0.5557392
TV,5,0.05,0.0031622776601683794,111,15.826953586338275,0.47243453531363916,0.5756134
TV,5,0.05,0.0031622776601683794,112,16.1878882849695,0.4876179136242044,0.56560844
TV,5,0.05,0.0031622776601683794,113,15.222999567976904,0.4889974772134691,0.55233777
TV,5,0.05,0.0031622776601683794,114,16.447690546930037,0.5115053138533542,0.5412156
TV,5,0.05,0.0031622776601683794,115,15.698547792307075,0.3882027995279097,0.6162788
TV,5,0.05,0.0031622776601683794,116,15.54385098905566,0.34020686812491024,0.67350334
TV,5,0.05,0.0031622776601683794,117,14.894270345644447,0.48943804651809075,0.5442722
TV,5,0.05,0.0031622776601683794,118,15.210937235309206,0.4159495387460136,0.67589724
TV,5,0.05,0.0031622776601683794,119,14.347158517676185,0.5364377050232292,0.53866047
TV,5,0.05,0.0031622776601683794,120,12.980603955321309,0.5184433409527583,0.5577138
TV,5,0.05,0.0031622776601683794,121,16.396890145584514,0.5521686392800674,0.52776176
TV,5,0.05,0.0031622776601683794,122,16.426486000160246,0.3674675934838106,0.6415179
TV,5,0.05,0.0031622776601683794,123,14.212099159447982,0.4745462344591852,0.61296797
TV,5,0.05,0.0031622776601683794,124,15.712459509076195,0.5557265747330115,0.4980988
TV,5,0.05,0.0031622776601683794,125,14.880401450108415,0.3817662977015076,0.6502685
TV,5,0.05,0.0031622776601683794,126,14.022605166956605,0.5543707295923209,0.57410586
TV,5,0.05,0.0031622776601683794,127,14.96313725121794,0.5807234935580273,0.53126377
TV,5,0.05,0.0031622776601683794,128,15.349529324162134,0.6438003725892757,0.41587648
TV,5,0.05,0.0031622776601683794,129,14.189999730189019,0.4642370606796414,0.6392214
TV,5,0.05,0.0031622776601683794,130,15.690545992946909,0.6138751176118559,0.4197333
TV,5,0.05,0.0031622776601683794,131,16.102031459710112,0.7046650772277373,0.37446076
TV,5,0.05,0.0031622776601683794,132,14.360067317938366,0.6295248889809278,0.47300544
TV,5,0.05,0.0031622776601683794,133,14.961949741532969,0.6252693555734894,0.47374105
TV,5,0.05,0.0031622776601683794,134,14.025547707208528,0.5002472268972855,0.5707264
TV,5,0.05,0.0031622776601683794,135,21.416999848260225,0.5815521621499845,0.30127788
TV,5,0.05,0.0031622776601683794,136,14.603707269266195,0.5518638686533616,0.57003945
TV,5,0.05,0.0031622776601683794,137,16.47047723562372,0.4986698163607377,0.49647024
TV,5,0.05,0.0031622776601683794,138,14.08822836607632,0.5162576131982304,0.5727274
TV,5,0.05,0.0031622776601683794,139,14.551457361449172,0.4967906978066115,0.5669332
TV,5,0.05,0.0031622776601683794,140,15.34386239621664,0.36773940106114944,0.69866556
TV,5,0.05,0.0031622776601683794,141,14.968467091126467,0.385929969910799,0.6492642
TV,5,0.05,0.0031622776601683794,142,13.654711600832911,0.3839841858668576,0.6855275
TV,5,0.05,0.0031622776601683794,143,16.484917165472538,0.40040305414268834,0.6855472
TV,5,0.05,0.0031622776601683794,144,15.45959931342409,0.46483343018917367,0.51982945
TV,5,0.05,0.0031622776601683794,145,16.850945144719514,0.43211160211342586,0.6651212
TV,5,0.05,0.0031622776601683794,146,13.75067667104602,0.4459170820591981,0.56006336
TV,5,0.05,0.0031622776601683794,147,13.832602656281729,0.5883453463777623,0.49294716
TV,5,0.05,0.0031622776601683794,148,14.591216750950418,0.5101738702650144,0.5919179
TV,5,0.05,0.0031622776601683794,149,14.824941840259072,0.33224376556049834,0.7173466
TV,5,0.05,0.0031622776601683794,150,15.071064953525095,0.4636242458212463,0.56409514
TV,5,0.05,0.0031622776601683794,151,13.591792923931227,0.4993321363905455,0.58731973
TV,5,0.05,0.0031622776601683794,152,14.218387880864041,0.39498114791695865,0.6826048
TV,5,0.05,0.0031622776601683794,153,14.55741736305878,0.4243903638708909,0.67252123
TV,5,0.05,0.0031622776601683794,154,22.097326081371147,0.669791610286117,0.38670838
TV,5,0.05,0.0031622776601683794,155,15.191124132440299,0.5800071430709097,0.48097816
TV,5,0.05,0.0031622776601683794,156,16.53472690891028,0.5584139133806433,0.49782208
TV,5,0.05,0.0031622776601683794,157,14.35702775894182,0.47825085690094943,0.6041536
TV,5,0.05,0.0031622776601683794,158,16.166963802080147,0.6048021893253192,0.4944907
TV,5,0.05,0.0031622776601683794,159,17.64278635833232,0.530491582863129,0.5323638
TV,5,0.05,0.0031622776601683794,160,14.885115252990976,0.45618410818548183,0.5496448
TV,5,0.05,0.0031622776601683794,161,13.5050344581995,0.41779383813982424,0.6468986
TV,5,0.05,0.0031622776601683794,162,13.661889422949809,0.5468925066752114,0.52847767
TV,5,0.05,0.0031622776601683794,163,15.805460763620927,0.6180920559123508,0.44294965
TV,5,0.05,0.0031622776601683794,164,14.274252095147173,0.4230721893176496,0.6305385
TV,5,0.05,0.0031622776601683794,165,13.816251569989134,0.5211667008819453,0.55975294
TV,5,0.05,0.0031622776601683794,166,13.715628339571794,0.3457812705925812,0.69811505
TV,5,0.05,0.0031622776601683794,167,14.77983333396378,0.37067000666673655,0.67649305
TV,5,0.05,0.0031622776601683794,168,20.488524991955416,0.5880013807563204,0.38200378
TV,5,0.05,0.0031622776601683794,169,16.559870017109294,0.5170672059625345,0.52359045
TV,5,0.05,0.0031622776601683794,170,17.2181112302481,0.5439745410906405,0.5298987
TV,5,0.05,0.0031622776601683794,171,17.57247213115017,0.7279652722799489,0.34218544
TV,5,0.05,0.0031622776601683794,172,12.974987809425201,0.5130891727797364,0.61138076
TV,5,0.05,0.0031622776601683794,173,14.014560536873915,0.3415750561444154,0.7280526
TV,5,0.05,0.0031622776601683794,174,15.807320154860987,0.5758794616332493,0.5156814
TV,5,0.05,0.0031622776601683794,175,17.29641908143046,0.2587780682216129,0.8157894
TV,5,0.05,0.0031622776601683794,176,19.984248528852163,0.4092195009878136,0.5953793
TV,5,0.05,0.0031622776601683794,177,14.55265332841562,0.4568168941634122,0.56126434
TV,5,0.05,0.0031622776601683794,178,18.959496523593707,0.5295998854563843,0.46774969
TV,5,0.05,0.0031622776601683794,179,14.599090286437013,0.5581134609095868,0.4932319
TV,5,0.05,0.0031622776601683794,180,20.66596702563902,0.7090678038614348,0.4105095
TV,5,0.05,0.0031622776601683794,181,15.230048250937799,0.5431347588358124,0.47407657
TV,5,0.05,0.0031622776601683794,182,16.217019300094417,0.4873489442989538,0.561191
TV,5,0.05,0.0031622776601683794,183,14.553243369864642,0.6923543227327053,0.45674703
TV,5,0.05,0.0031622776601683794,184,15.1315439710825,0.48182375681387407,0.5568433
TV,5,0.05,0.0031622776601683794,185,14.484016295208239,0.46305831988204527,0.61505866
TV,5,0.05,0.0031622776601683794,186,15.67767128993702,0.6577671597690575,0.39310974
TV,5,0.05,0.0031622776601683794,187,13.610536879089455,0.4970811271645785,0.60932577
TV,5,0.05,0.0031622776601683794,188,13.322435075951496,0.5477249781968657,0.5286641
TV,5,0.05,0.0031622776601683794,189,16.601908084362815,0.3451183809192124,0.7774046
TV,5,0.05,0.0031622776601683794,190,16.90073725867125,0.5995439398011062,0.46514198
TV,5,0.05,0.0031622776601683794,191,15.342982507803189,0.35641896381263705,0.7327804
TV,5,0.05,0.0031622776601683794,192,13.438534451216555,0.5125055191874858,0.6009022
TV,5,0.05,0.0031622776601683794,193,15.736268224707022,0.5277835663301247,0.5650754
TV,5,0.05,0.0031622776601683794,194,14.898656469758745,0.627670906405234,0.50336784
TV,5,0.05,0.0031622776601683794,195,16.166137290450344,0.3576639149142458,0.74571496
TV,5,0.05,0.0031622776601683794,196,20.97620294720624,0.7134173879394363,0.30500314
TV,5,0.05,0.0031622776601683794,197,16.50579099299068,0.6436400667231238,0.39636993
TV,5,0.05,0.0031622776601683794,198,15.106187104638202,0.409614801224781,0.6251182
TV,5,0.05,0.0031622776601683794,199,17.232491154378895,0.7385553327835661,0.33148104
FBP,10,0.05,,0,11.408978444460649,0.3679724354455896,0.97872996
FBP,10,0.05,,1,11.988518717238122,0.4813332100267105,0.71443605
FBP,10,0.05,,2,12.109516691980142,0.23796616652981348,1.2534165
FBP,10,0.05,,3,12.12580233952767,0.5911634027128577,0.6084061
FBP,10,0.05,,4,12.095405205159743,0.43562478563480234,0.8889737
FBP,10,0.05,,5,12.943021551171956,0.3098606740609773,0.925572
FBP,10,0.05,,6,11.797116797202055,0.4136061151125319,0.87656224
FBP,10,0.05,,7,12.864390231173717,0.3982028133641732,0.7628744
FBP,10,0.05,,8,12.492668354904268,0.5582397596233571,0.6498051
FBP,10,0.05,,9,11.621550897191074,0.468675336093733,0.71314895
FBP,10,0.05,,10,12.244285042478712,0.587408854252407,0.6917351
FBP,10,0.05,,11,11.837950530046601,0.5319790424608012,0.7668595
FBP,10,0.05,,12,11.37223392724541,0.41357472627881986,0.8764625
FBP,10,0.05,,13,11.880660898074929,0.5659623911040188,0.7209983
FBP,10,0.05,,14,11.606806510589095,0.2783192973542596,0.9630026
FBP,10,0.05,,15,11.990740780232658,0.48964705004641285,0.8553588
FBP,10,0.05,,16,12.478168879137712,0.4970888353263231,0.7664173
FBP,10,0.05,,17,12.137091630979004,0.4237588867462071,0.7924183
FBP,10,0.05,,18,12.260077626934114,0.5955894430264365,0.6257193
FBP,10,0.05,,19,11.090206699634669,0.31582563072842734,1.1066961
FBP,10,0.05,,20,12.612024998278777,0.462848054983158,0.6738292
FBP,10,0.05,,21,12.644462579202703,0.4366280151457845,0.7648135
FBP,10,0.05,,22,11.92917922756342,0.4831748716788068,0.80937153
FBP,10,0.05,,23,11.67049383438387,0.42960780337969573,0.90282404
FBP,10,0.05,,24,11.621596501662115,0.3213420909899371,1.2106065
FBP,10,0.05,,25,12.49881673536912,0.7162378149076191,0.48258525
FBP,10,0.05,,26,12.296596014858654,0.34074345591275496,0.9853866
FBP,10,0.05,,27,12.891353265236386,0.4831135651755266,0.74201345
FBP,10,0.05,,28,11.250843616797518,0.544300462063757,0.70423263
FBP,10,0.05,,29,11.989133042757237,0.2550233032094853,1.0782446
FBP,10,0.05,,30,12.72984617446928,0.4736719473700707,0.704238
FBP,10,0.05,,31,12.431571622294085,0.23268974702689826,1.1260357
FBP,10,0.05,,32,12.596616808087138,0.49448807726685495,0.69913095
FBP,10,0.05,,33,11.086441343743537,0.4615092038109666,0.874772
FBP,10,0.05,,34,12.777698490700429,0.5068462130518225,0.6774493
FBP,10,0.05,,35,12.432267588557227,0.5988551931686743,0.6833972
FBP,10,0.05,,36,12.448570577094864,0.4524149386272467,0.7846265
FBP,10,0.05,,37,12.640376722068268,0.2816003960116771,0.9528676
FBP,10,0.05,,38,11.02424002593937,0.3388476671491972,1.0294434
FBP,10,0.05,,39,13.158759808888655,0.33356621747339543,0.7720815
FBP,10,0.05,,40,12.156736692259603,0.19514186807209474,1.5064478
FBP,10,0.05,,41,11.57522020306529,0.36842941167354687,1.013745
FBP,10,0.05,,42,12.220302787381396,0.46001862130980936,0.7635303
FBP,10,0.05,,43,11.607538030927628,0.34091578715277904,1.0438226
FBP,10,0.05,,44,12.674201030066596,0.3934372928241986,0.8219801
FBP,10,0.05,,45,11.576084050058206,0.4246008544431683,0.9486457
FBP,10,0.05,,46,12.382488249151063,0.34398042858047423,0.82713217
FBP,10,0.05,,47,11.457632601843713,0.33223103607714854,1.0784912
FBP,10,0.05,,48,12.754133029145084,0.565439386099968,0.5482478
FBP,10,0.05,,49,11.65728473850688,0.4668155540985477,0.8152554
FBP,10,0.05,,50,12.696737818460155,0.43250624231776114,0.80304134
FBP,10,0.05,,51,12.56784194751935,0.640779684821414,0.57826674
FBP,10,0.05,,52,10.865944159804693,0.4383959472329592,0.9248378
FBP,10,0.05,,53,11.514000868821736,0.40637985772739116,1.0644076
FBP,10,0.05,,54,12.23624581419873,0.6182556989999645,0.64420545
FBP,10,0.05,,55,12.441556031160319,0.5424740848769537,0.69197774
FBP,10,0.05,,56,12.467349512649392,0.5507293777509328,0.6844382
FBP,10,0.05,,57,12.938597893661132,0.2648899040389604,1.0910336
FBP,10,0.05,,58,12.61925724710289,0.49350734016121905,0.70240605
FBP,10,0.05,,59,11.838729024327812,0.2772431752624087,1.196766
FBP,10,0.05,,60,12.359488088789183,0.41801277427008954,0.7072361
FBP,10,0.05,,61,11.625997053500894,0.5212027436397898,0.7080034
FBP,10,0.05,,62,11.97582216902039,0.30339122777253624,1.1182503
FBP,10,0.05,,63,11.891221998203907,0.43602454835257026,0.8411905
FBP,10,0.05,,64,11.680588120824687,0.5283487224937405,0.7095989
FBP,10,0.05,,65,11.466170705295145,0.2958788183951275,1.16321
FBP,10,0.05,,66,11.14994813654042,0.4758766190881815,0.89955205
FBP,10,0.05,,67,11.678887423822825,0.44527205932491815,0.8698416
FBP,10,0.05,,68,12.314031908801438,0.5238049766799686,0.60139227
FBP,10,0.05,,69,11.22888523704778,0.5507866406962181,0.78622645
FBP,10,0.05,,70,12.223469281369647,0.43507259660616326,0.78525096
FBP,10,0.05,,71,12.112259145642808,0.6806525742969659,0.5783299
FBP,10,0.05,,72,11.593333793807957,0.506515228624056,0.77807134
FBP,10,0.05,,73,12.008145722430426,0.45118188593386555,0.6909122
FBP,10,0.05,,74,12.878681114926852,0.30190344544178155,0.89334935
FBP,10,0.05,,75,12.29305816590729,0.4493850986022198,0.77862835
FBP,10,0.05,,76,12.376868842905942,0.42312091899723536,0.8926287
FBP,10,0.05,,77,11.752632497205031,0.4431871517396705,0.9658123
FBP,10,0.05,,78,11.761408451042193,0.33537445739501,0.87762403
FBP,10,0.05,,79,12.149330404343313,0.5364857380652459,0.58808863
FBP,10,0.05,,80,12.650006252828609,0.4263827899144116,0.77587193
FBP,10,0.05,,81,12.441912607874912,0.486876386102876,0.70692176
FBP,10,0.05,,82,12.331526882233616,0.5616969187858394,0.6258101
FBP,10,0.05,,83,11.879940689214862,0.37564924263944915,0.9315359
FBP,10,0.05,,84,11.789676244951925,0.5017668002760015,0.7558104
FBP,10,0.05,,85,12.085152735685895,0.5325626178268938,0.6163227
FBP,10,0.05,,86,11.647057064638886,0.394112061872698,0.7733042
FBP,10,0.05,,87,11.576864655312047,0.4744842183246558,0.77341187
FBP,10,0.05,,88,11.784250656145929,0.4966115535390667,0.7535897
FBP,10,0.05,,89,12.764785861427029,0.34743918822386155,0.84829354
FBP,10,0.05,,90,11.770188159773458,0.48778085189829756,0.79160404
FBP,10,0.05,,91,12.119403798063663,0.4055244778285571,0.82475436
FBP,10,0.05,,92,11.937843424282109,0.3468731843631232,1.0881711
FBP,10,0.05,,93,11.581657936748002,0.49768068585875097,0.65176964
FBP,10,0.05,,94,12.655417792908871,0.3736778157295883,0.71712375
FBP,10,0.05,,95,11.878756689697278,0.5574069937874472,0.595816
FBP,10,0.05,,96,12.599993766897509,0.2730457170979538,1.0584497
FBP,10,0.05,,97,11.992559364545999,0.4548255420554785,0.6866428
FBP,10,0.05,,98,11.813104595228952,0.43151178118429645,0.8290051
FBP,10,0.05,,99,11.845203312239736,0.5058365500744612,0.6963277
FBP,10,0.05,,100,11.403182744702976,0.36160708005186165,1.0495201
FBP,10,0.05,,101,10.93206972482072,0.5097648711750691,0.8574432
FBP,10,0.05,,102,11.787729867595296,0.4942084254997865,0.76081765
FBP,10,0.05,,103,12.002515396727333,0.49301307002679096,0.76882386
FBP,10,0.05,,104,12.092119994346476,0.49391220327552576,0.82876253
FBP,10,0.05,,105,12.677436121027966,0.40651898273544934,0.8070112
FBP,10,0.05,,106,11.995513455128021,0.5934340479348179,0.72741663
FBP,10,0.05,,107,12.686609987924626,0.3210187484080826,0.96312636
FBP,10,0.05,,108,13.098017139176115,0.42442754245266695,0.70890254
FBP,10,0.05,,109,12.113185704271308,0.42306506719266834,0.8587083
FBP,10,0.05,,110,12.101836834894645,0.47844169348869503,0.7135449
FBP,10,0.05,,111,12.96189395361154,0.3496902794828082,0.80054146
FBP,10,0.05,,112,12.71984076500901,0.39007687804891894,0.84317595
FBP,10,0.05,,113,13.045957629116245,0.45246607220576324,0.7096706
FBP,10,0.05,,114,12.41597001267623,0.3689836237662055,0.86090714
FBP,10,0.05,,115,11.986298165622289,0.3743248374160633,0.94490844
FBP,10,0.05,,116,12.239633607347288,0.32800354037662455,0.98525953
FBP,10,0.05,,117,11.721735035141975,0.4508396482427892,0.784229
FBP,10,0.05,,118,11.973085014227316,0.3537137141148671,0.98123556
FBP,10,0.05,,119,12.108438819707967,0.5317589872104893,0.69702935
FBP,10,0.05,,120,12.512388621539783,0.6272336239552797,0.5886026
FBP,10,0.05,,121,11.488495604878162,0.4019197394543294,0.92866194
FBP,10,0.05,,122,11.906216269867564,0.30650643442978504,1.079499
FBP,10,0.05,,123,11.611402737938123,0.43662839460886954,0.8269374
FBP,10,0.05,,124,11.725368779094543,0.44808523589516663,0.788261
FBP,10,0.05,,125,12.418495154312383,0.40067293568900514,0.86335224
FBP,10,0.05,,126,12.299820986735972,0.6014137091083247,0.7000534
FBP,10,0.05,,127,11.819873671502695,0.48102884302783017,0.76291007
FBP,10,0.05,,128,11.464880807322276,0.5324116157145518,0.65042436
FBP,10,0.05,,129,12.092911077450623,0.4925394559942474,0.8137776
FBP,10,0.05,,130,12.554750382115047,0.556832046212135,0.60223114
FBP,10,0.05,,131,11.196213700373175,0.5007457155644911,0.6587145
FBP,10,0.05,,132,11.933515122516416,0.5802864653787689,0.6254516
FBP,10,0.05,,133,11.332614814453322,0.5081119797001775,0.7194619
FBP,10,0.05,,134,11.145963318117131,0.4396709597525962,0.79507333
FBP,10,0.05,,135,12.234084991869175,0.32283904329634716,0.8671875
FBP,10,0.05,,136,12.25334628200731,0.5185611053118877,0.7471762
FBP,10,0.05,,137,14.204032093240453,0.40459635222621665,0.64448893
FBP,10,0.05,,138,11.631699665781397,0.47981183564797525,0.75993145
FBP,10,0.05,,139,11.689237043979404,0.43013603100384035,0.7882118
FBP,10,0.05,,140,11.77425181530481,0.3182247387755321,1.0537798
FBP,10,0.05,,141,12.262235642008859,0.38047075824366133,0.8866109
FBP,10,0.05,,142,12.154209442196361,0.48836190602125035,0.8147981
FBP,10,0.05,,143,12.111668207505602,0.24758651720936947,1.1342266
FBP,10,0.05,,144,11.662332070795777,0.43885477724040156,0.80486715
FBP,10,0.05,,145,12.587651579767893,0.24367378356832473,1.0865895
FBP,10,0.05,,146,11.68244938945566,0.4904387771584278,0.71063817
FBP,10,0.05,,147,11.731914531780959,0.6242696415643907,0.6278195
FBP,10,0.05,,148,12.583331964898182,0.5231089543142896,0.7458573
FBP,10,0.05,,149,11.446913365099435,0.37153111917204046,1.0583528
FBP,10,0.05,,150,11.644175543139728,0.43253831136315823,0.8369448
FBP,10,0.05,,151,11.344123328969848,0.5362320253807561,0.76077825
FBP,10,0.05,,152,11.786953050656326,0.4073423817557386,0.9031108
FBP,10,0.05,,153,12.322497650649451,0.48656278383161167,0.86986524
FBP,10,0.05,,154,12.805103417080055,0.2578658645347674,1.1271837
FBP,10,0.05,,155,11.80947843205999,0.5195877869901245,0.70991707
FBP,10,0.05,,156,12.687580787235069,0.4414052938050911,0.77523154
FBP,10,0.05,,157,11.39068279480849,0.48713309786507886,0.8500894
FBP,10,0.05,,158,12.38365075192477,0.48053172649900616,0.7644055
FBP,10,0.05,,159,11.95302143260266,0.35198650158105194,1.024936
FBP,10,0.05,,160,11.743704850554828,0.44279723465076154,0.7891374
FBP,10,0.05,,161,11.842726414757204,0.4912506245401789,0.7833425
FBP,10,0.05,,162,12.344891969285502,0.5961284463109042,0.615002
FBP,10,0.05,,163,12.2472142988388,0.5091367754695575,0.6672163
FBP,10,0.05,,164,11.582068160950802,0.44540702538600174,0.85964835
FBP,10,0.05,,165,12.694478973203658,0.617005895580766,0.6369202
FBP,10,0.05,,166,11.946382754459899,0.40917103754134976,0.8558336
FBP,10,0.05,,167,11.41030307713562,0.3738024902217381,0.99710256
FBP,10,0.05,,168,13.055824330404013,0.30070092798091497,0.89888203
FBP,10,0.05,,169,12.267333562458951,0.4010394866132283,0.85825926
FBP,10,0.05,,170,12.884492619809757,0.38680780597471975,0.8727177
FBP,10,0.05,,171,12.45195483641566,0.4996007814340321,0.61700314
FBP,10,0.05,,172,12.047791810152194,0.5953280187871217,0.6802547
FBP,10,0.05,,173,11.98997029245378,0.4556339136885515,0.9191624
FBP,10,0.05,,174,11.779268229860287,0.416548045399132,0.81994385
FBP,10,0.05,,175,13.073831428524565,0.21495524704412614,1.3265007
FBP,10,0.05,,176,12.505621741175577,0.20802306619866576,1.4083971
FBP,10,0.05,,177,11.643861905341954,0.43082065031433386,0.7845254
FBP,10,0.05,,178,12.945290532873086,0.2928114774908581,0.93481094
FBP,10,0.05,,179,12.059774474116757,0.5112739125566459,0.66071916
FBP,10,0.05,,180,13.758080260067764,0.29008891270429804,0.90932167
FBP,10,0.05,,181,11.645034328794061,0.49533169286278955,0.716307
FBP,10,0.05,,182,12.200991557724873,0.37977778887263475,0.8910706
FBP,10,0.05,,183,11.444981707644708,0.6176792175875554,0.65326405
FBP,10,0.05,,184,12.142760936984418,0.46084872357722295,0.78554696
FBP,10,0.05,,185,12.048005385212438,0.46653553197868236,0.81417364
FBP,10,0.05,,186,12.146554350678176,0.5551687131705989,0.59029573
FBP,10,0.05,,187,11.63394164193032,0.5327911424119144,0.7650315
FBP,10,0.05,,188,12.1078763399282,0.6089175656492865,0.6080059
FBP,10,0.05,,189,12.289293582092826,0.23106940071885362,1.2772558
FBP,10,0.05,,190,13.26042571695718,0.39267784080639406,0.70729584
FBP,10,0.05,,191,12.196437094484258,0.27682363963289813,1.0526916
FBP,10,0.05,,192,12.242117949600793,0.5848128563269305,0.6896434
FBP,10,0.05,,193,11.575273482338401,0.3916176630815424,0.9123387
FBP,10,0.05,,194,11.943139986515796,0.5767541435364192,0.7073938
FBP,10,0.05,,195,11.38636518187229,0.25932046731753877,1.2928896
FBP,10,0.05,,196,13.536454256679516,0.3430050274514956,0.7182766
FBP,10,0.05,,197,12.405002382614372,0.4753669390646273,0.6355359
FBP,10,0.05,,198,12.932457697331674,0.39582230350320924,0.80287623
FBP,10,0.05,,199,12.612195492590478,0.5739446230175395,0.5642525
Tikhonov,10,0.05,0.01,0,15.780569148017268,0.4593656778414705,0.59167516
Tikhonov,10,0.05,0.01,1,15.170918248788997,0.5508619868072675,0.49527156
Tikhonov,10,0.05,0.01,2,17.430854460577148,0.31462779848786815,0.67924833
Tikhonov,10,0.05,0.01,3,15.881497531550997,0.6888125304836002,0.39482883
Tikhonov,10,0.05,0.01,4,15.716685890987574,0.5079973343709144,0.58590186
Tikhonov,10,0.05,0.01,5,17.59985371815429,0.3721126072684328,0.5414627
Tikhonov,10,0.05,0.01,6,15.18208570968291,0.5045459814940811,0.5936552
Tikhonov,10,0.05,0.01,7,16.03820820459449,0.44984241322268376,0.52937347
Tikhonov,10,0.05,0.01,8,15.937750647918644,0.6421266530849923,0.4370479
Tikhonov,10,0.05,0.01,9,15.92562882360472,0.5842056462296125,0.43448657
Tikhonov,10,0.05,0.01,10,15.221821920572546,0.6620838462442693,0.49097905
Tikhonov,10,0.05,0.01,11,14.725669402384918,0.5870544309221537,0.54995847
Tikhonov,10,0.05,0.01,12,15.507943934654602,0.4872941231257176,0.5444372
Tikhonov,10,0.05,0.01,13,15.816734258279164,0.6777170010718992,0.45827964
Tikhonov,10,0.05,0.01,14,16.870397819524246,0.36633498053086155,0.52534896
Tikhonov,10,0.05,0.01,15,15.11629507460406,0.5442186994561089,0.5968574
Tikhonov,10,0.05,0.01,16,16.199527696505424,0.5686622203739258,0.49934113
Tikhonov,10,0.05,0.01,17,15.838567564405919,0.5114356031134933,0.51746464
Tikhonov,10,0.05,0.01,18,14.945196161480434,0.6466165161115542,0.45932874
Tikhonov,10,0.05,0.01,19,15.67341308342143,0.4054785700991638,0.65293217
Tikhonov,10,0.05,0.01,20,16.225400236915448,0.5304346287572297,0.44450954
Tikhonov,10,0.05,0.01,21,15.881797465105446,0.5147512849366912,0.5268522
Tikhonov,10,0.05,0.01,22,15.892303747547746,0.5889968004209722,0.51285154
Tikhonov,10,0.05,0.01,23,15.485227662829733,0.5104719705161473,0.5819242
Tikhonov,10,0.05,0.01,24,16.38451963236345,0.41451236043290873,0.6996113
Tikhonov,10,0.05,0.01,25,15.711812493852495,0.7996120981324641,0.33336827
Tikhonov,10,0.05,0.01,26,16.480967049912028,0.4236284309149333,0.60867864
Tikhonov,10,0.05,0.01,27,15.881935738194192,0.5363384392426382,0.5258752
Tikhonov,10,0.05,0.01,28,15.292666892560424,0.6563635140937399,0.44220635
Tikhonov,10,0.05,0.01,29,16.873239603164325,0.31703346380076375,0.6144859
Tikhonov,10,0.05,0.01,30,16.08828380482095,0.537396610798319,0.47840703
Tikhonov,10,0.05,0.01,31,16.415357023916822,0.2730395372324163,0.7118081
Tikhonov,10,0.05,0.01,32,16.059483292906165,0.5716052969225176,0.46926185
Tikhonov,10,0.05,0.01,33,15.31211828703756,0.572890750721553,0.5377879
Tikhonov,10,0.05,0.01,34,16.176247167064105,0.5751394185510345,0.4580885
Tikhonov,10,0.05,0.01,35,15.068358806404088,0.6701209503817078,0.5045086
Tikhonov,10,0.05,0.01,36,15.791032066516355,0.5264569962246768,0.5339983
Tikhonov,10,0.05,0.01,37,17.247076220786603,0.33038647337297117,0.56065744
Tikhonov,10,0.05,0.01,38,15.493023952270546,0.4753609759788883,0.6154082
Tikhonov,10,0.05,0.01,39,17.269037926312805,0.3920474452980888,0.4810046
Tikhonov,10,0.05,0.01,40,17.337858508628557,0.22431158418440036,0.8296558
Tikhonov,10,0.05,0.01,41,16.231854537743843,0.46785588607611517,0.5930577
Tikhonov,10,0.05,0.01,42,16.073207318795948,0.5486390821621051,0.4899831
Tikhonov,10,0.05,0.01,43,15.614566160124534,0.4008131859578002,0.65807486
Tikhonov,10,0.05,0.01,44,16.522782385350983,0.46138382743979606,0.52775484
Tikhonov,10,0.05,0.01,45,15.595402335762866,0.5139545428652984,0.59722525
Tikhonov,10,0.05,0.01,46,17.381142945737512,0.4188922293066174,0.46520263
Tikhonov,10,0.05,0.01,47,15.426108951379078,0.4165186587404094,0.6829561
Tikhonov,10,0.05,0.01,48,16.36314217976224,0.6648787626939391,0.36184824
Tikhonov,10,0.05,0.01,49,15.77665087894335,0.5716930174889704,0.5073707
Tikhonov,10,0.05,0.01,50,16.124242027618173,0.49065687175258543,0.5412061
Tikhonov,10,0.05,0.01,51,15.308702275491273,0.698544579995113,0.42177922
Tikhonov,10,0.05,0.01,52,15.089853290408657,0.5568204091766595,0.56868285
Tikhonov,10,0.05,0.01,53,15.487475733937988,0.5191607011174485,0.6736499
Tikhonov,10,0.05,0.01,54,15.080386491504852,0.6745372820671548,0.46431997
Tikhonov,10,0.05,0.01,55,15.59490715695504,0.5922272410386864,0.48130965
Tikhonov,10,0.05,0.01,56,15.87279751583343,0.6261050569153082,0.4624469
Tikhonov,10,0.05,0.01,57,17.35620394851305,0.3087320255060547,0.65608156
Tikhonov,10,0.05,0.01,58,15.94211907129809,0.5604916716585935,0.4791209
Tikhonov,10,0.05,0.01,59,16.222360369231154,0.33949953610280026,0.7224831
Tikhonov,10,0.05,0.01,60,15.931343382554674,0.4898166422166213,0.46878275
Tikhonov,10,0.05,0.01,61,14.964637569781763,0.6010588748637425,0.4820625
Tikhonov,10,0.05,0.01,62,16.29105055766281,0.38410120396028186,0.6804208
Tikhonov,10,0.05,0.01,63,15.89884502365356,0.5235742361596035,0.53028977
Tikhonov,10,0.05,0.01,64,15.167859282126123,0.614491111502758,0.4749516
Tikhonov,10,0.05,0.01,65,16.441395078326938,0.3694114194577271,0.6559895
Tikhonov,10,0.05,0.01,66,14.97504155193064,0.5864430319440641,0.5791241
Tikhonov,10,0.05,0.01,67,15.752549800680441,0.5466051391984456,0.54419816
Tikhonov,10,0.05,0.01,68,15.668868129911521,0.6004424847843807,0.40871075
Tikhonov,10,0.05,0.01,69,15.05420149783572,0.6605934565990282,0.50615305
Tikhonov,10,0.05,0.01,70,15.360233028074731,0.4872838215085135,0.54723054
Tikhonov,10,0.05,0.01,71,15.82790579334718,0.785295502757721,0.3770451
Tikhonov,10,0.05,0.01,72,15.276152688441432,0.6157998058682526,0.5091884
Tikhonov,10,0.05,0.01,73,16.131566533508995,0.534403532005275,0.42978555
Tikhonov,10,0.05,0.01,74,17.64217583470955,0.3633918128978636,0.516234
Tikhonov,10,0.05,0.01,75,15.833220658516819,0.5038903005903901,0.5179909
Tikhonov,10,0.05,0.01,76,16.05460043905156,0.4947126756114587,0.5844997
Tikhonov,10,0.05,0.01,77,15.562684316388522,0.523289566916608,0.6228596
Tikhonov,10,0.05,0.01,78,15.968421963658441,0.41244144274127736,0.5407018
Tikhonov,10,0.05,0.01,79,16.181016415818693,0.6524154396455524,0.36970764
Tikhonov,10,0.05,0.01,80,16.661191007473704,0.4802794632142191,0.4889121
Tikhonov,10,0.05,0.01,81,15.72663229604034,0.5566840729728382,0.4843233
Tikhonov,10,0.05,0.01,82,15.310635512271194,0.6477135741696665,0.44410652
Tikhonov,10,0.05,0.01,83,15.579935508201473,0.43410508429446626,0.6084149
Tikhonov,10,0.05,0.01,84,14.645288436927126,0.5591435962715494,0.54404175
Tikhonov,10,0.05,0.01,85,15.719058915413148,0.6463935913023546,0.40561396
Tikhonov,10,0.05,0.01,86,16.52653874129507,0.5131355677736146,0.44093674
Tikhonov,10,0.05,0.01,87,15.372072542643778,0.5607523269582615,0.49963224
Tikhonov,10,0.05,0.01,88,15.330373066241066,0.5588513095791006,0.50098974
Tikhonov,10,0.05,0.01,89,17.287868483931298,0.4063212213454978,0.5039553
Tikhonov,10,0.05,0.01,90,15.37016000515223,0.5718389715854326,0.5230093
Tikhonov,10,0.05,0.01,91,15.893895302974245,0.48374805476757976,0.5340723
Tikhonov,10,0.05,0.01,92,16.243196742736025,0.41260996870400696,0.6628717
Tikhonov,10,0.05,0.01,93,16.18250115646419,0.6017878757015713,0.38375318
Tikhonov,10,0.05,0.01,94,16.79583888272086,0.4285609141779411,0.44521835
Tikhonov,10,0.05,0.01,95,15.433603480780992,0.653662659066454,0.39570343
Tikhonov,10,0.05,0.01,96,17.43280858394779,0.3428032017159728,0.6067776
Tikhonov,10,0.05,0.01,97,15.364853888197942,0.524042911368758,0.46571067
Tikhonov,10,0.05,0.01,98,15.110890027973735,0.5063258900513612,0.5671109
Tikhonov,10,0.05,0.01,99,15.61693460694271,0.5889158407593009,0.4510525
Tikhonov,10,0.05,0.01,100,15.161351973158627,0.4392881355975266,0.6808984
Tikhonov,10,0.05,0.01,101,15.494921920792425,0.6529636707192134,0.507064
Tikhonov,10,0.05,0.01,102,15.510829461460247,0.6171055479321056,0.4955935
Tikhonov,10,0.05,0.01,103,15.679353121923977,0.5599747367819828,0.5034832
Tikhonov,10,0.05,0.01,104,15.899638870885305,0.5627915663962769,0.534631
Tikhonov,10,0.05,0.01,105,15.573303061661125,0.46976174588672615,0.57821083
Tikhonov,10,0.05,0.01,106,15.202243806531703,0.6848486357559508,0.50285953
Tikhonov,10,0.05,0.01,107,17.267425482862475,0.38145128955012514,0.5683848
Tikhonov,10,0.05,0.01,108,16.20250373399243,0.4792032048452794,0.49586356
Tikhonov,10,0.05,0.01,109,15.563512444562127,0.4955635879764599,0.577204
Tikhonov,10,0.05,0.01,110,14.75843468740974,0.5032117719912838,0.5255227
Tikhonov,10,0.05,0.01,111,16.83652255243117,0.4112971301547979,0.5124511
Tikhonov,10,0.05,0.01,112,16.374581991963893,0.4482549466804865,0.553581
Tikhonov,10,0.05,0.01,113,16.421382600952725,0.5031282103628046,0.48115563
Tikhonov,10,0.05,0.01,114,16.572490386279814,0.45206951877931595,0.53349495
Tikhonov,10,0.05,0.01,115,15.952485104083484,0.4273773594069692,0.59852237
Tikhonov,10,0.05,0.01,116,16.081172762902977,0.39330837498649895,0.63310194
Tikhonov,10,0.05,0.01,117,15.47592581042122,0.5392293551797119,0.50901824
Tikhonov,10,0.05,0.01,118,16.12894432424349,0.4400422842420295,0.60810745
Tikhonov,10,0.05,0.01,119,15.559559753874037,0.6329200502767898,0.46848428
Tikhonov,10,0.05,0.01,120,16.138035834297675,0.7356469925552652,0.38773933
Tikhonov,10,0.05,0.01,121,15.608177857032171,0.503086418311991,0.5779277
Tikhonov,10,0.05,0.01,122,16.865269944197124,0.3818533678346916,0.6099154
Tikhonov,10,0.05,0.01,123,14.735335589288187,0.4938936553824999,0.5771331
Tikhonov,10,0.05,0.01,124,15.59183035061123,0.5032893231337985,0.50506455
Tikhonov,10,0.05,0.01,125,15.921968732370127,0.4434057464194147,0.5767855
Tikhonov,10,0.05,0.01,126,15.562738556858813,0.6919382869375174,0.48082304
Tikhonov,10,0.05,0.01,127,15.638223590616931,0.568843046958031,0.49153656
Tikhonov,10,0.05,0.01,128,15.331885951865228,0.625865401758948,0.41672212
Tikhonov,10,0.05,0.01,129,16.106350845519298,0.5777414682166592,0.51266503
Tikhonov,10,0.05,0.01,130,15.783957970744831,0.6290641215814842,0.41524348
Tikhonov,10,0.05,0.01,131,15.168239512324536,0.625690193927158,0.41696143
Tikhonov,10,0.05,0.01,132,15.483258626528613,0.6832414837770572,0.41562968
Tikhonov,10,0.05,0.01,133,15.8723902410355,0.6339288149672427,0.42659822
Tikhonov,10,0.05,0.01,134,14.517303582701754,0.4996138732431289,0.5393121
Tikhonov,10,0.05,0.01,135,16.966783424546406,0.3761952581945547,0.5028959
Tikhonov,10,0.05,0.01,136,15.81223954939192,0.5990186402893362,0.49599615
Tikhonov,10,0.05,0.01,137,17.517653473886188,0.44111142588648483,0.44008282
Tikhonov,10,0.05,0.01,138,14.490154995513258,0.5324727354116867,0.54682916
Tikhonov,10,0.05,0.01,139,15.182000796516187,0.5257736544553162,0.5272356
Tikhonov,10,0.05,0.01,140,15.607111380388648,0.3708247621464331,0.6778083
Tikhonov,10,0.05,0.01,141,16.102770565199766,0.4329659652358406,0.56977886
Tikhonov,10,0.05,0.01,142,15.391855243916321,0.5811814421023943,0.56126475
Tikhonov,10,0.05,0.01,143,17.025056390762586,0.30715911365826115,0.6442143
Tikhonov,10,0.05,0.01,144,15.839124390561247,0.5396635581555604,0.4976048
Tikhonov,10,0.05,0.01,145,16.531196538167006,0.2739221119695422,0.6900622
Tikhonov,10,0.05,0.01,146,14.881695485547727,0.5485567766684781,0.49168417
Tikhonov,10,0.05,0.01,147,15.318292882198774,0.708318900901676,0.4154472
Tikhonov,10,0.05,0.01,148,15.753307728970595,0.5889823151754037,0.5177939
Tikhonov,10,0.05,0.01,149,15.495310546789005,0.4365913899157683,0.664065
Tikhonov,10,0.05,0.01,150,15.883920721310634,0.5405491723684779,0.5137
Tikhonov,10,0.05,0.01,151,14.49696637708609,0.6186287476011785,0.5291952
Tikhonov,10,0.05,0.01,152,15.317071966085319,0.46961907408965564,0.6014993
Tikhonov,10,0.05,0.01,153,15.793968326331349,0.5494475669562565,0.5832819
Tikhonov,10,0.05,0.01,154,17.776600946609925,0.29965316859739716,0.63594544
Tikhonov,10,0.05,0.01,155,15.633386280971457,0.6229666450223501,0.45710108
Tikhonov,10,0.05,0.01,156,15.87939809547398,0.4814073226332481,0.53683466
Tikhonov,10,0.05,0.01,157,16.05536696221671,0.588628479504952,0.49685583
Tikhonov,10,0.05,0.01,158,15.846182085616292,0.5498403763752825,0.5130943
Tikhonov,10,0.05,0.01,159,16.6650086208005,0.4197323380531464,0.5957957
Tikhonov,10,0.05,0.01,160,15.861303889362226,0.5282171926304096,0.49121624
Tikhonov,10,0.05,0.01,161,15.358674097650542,0.588296434971935,0.5225818
Tikhonov,10,0.05,0.01,162,15.737230134102749,0.679040551236239,0.4161593
Tikhonov,10,0.05,0.01,163,15.535086788462877,0.5981483240837947,0.4569546
Tikhonov,10,0.05,0.01,164,15.432046271058963,0.5008710590096177,0.5518511
Tikhonov,10,0.05,0.01,165,15.96355473885267,0.6934495851519462,0.43715075
Tikhonov,10,0.05,0.01,166,14.954322527154083,0.4740596507639386,0.60533017
Tikhonov,10,0.05,0.01,167,15.670694760316286,0.4506032967986635,0.6105486
Tikhonov,10,0.05,0.01,168,17.864076421085237,0.36304941983840117,0.5167615
Tikhonov,10,0.05,0.01,169,16.137194375786446,0.4794475743785204,0.5496997
Tikhonov,10,0.05,0.01,170,16.315993712793066,0.4302339679396794,0.5878936
Tikhonov,10,0.05,0.01,171,16.28568986447877,0.5966533215065614,0.39682645
Tikhonov,10,0.05,0.01,172,14.809048086043013,0.6552140246949271,0.49500406
Tikhonov,10,0.05,0.01,173,15.25707388725298,0.5443997891652994,0.63101125
Tikhonov,10,0.05,0.01,174,15.22349396815379,0.4900145018010252,0.55153465
Tikhonov,10,0.05,0.01,175,17.438055116333725,0.2767820295449375,0.80259466
Tikhonov,10,0.05,0.01,176,17.86138656063492,0.26659336483634216,0.76021576
Tikhonov,10,0.05,0.01,177,15.478482373787312,0.5157386933284771,0.50451726
Tikhonov,10,0.05,0.01,178,17.395213097425007,0.33473073218847876,0.5600511
Tikhonov,10,0.05,0.01,179,15.598946653902782,0.586939094234585,0.43960065
Tikhonov,10,0.05,0.01,180,18.009830119844022,0.3284658808480036,0.5573526
Tikhonov,10,0.05,0.01,181,15.508544873036364,0.5769471536201789,0.4591173
Tikhonov,10,0.05,0.01,182,16.080900200476762,0.4430080554319386,0.5700549
Tikhonov,10,0.05,0.01,183,14.741153965707419,0.7203097258655865,0.44697186
Tikhonov,10,0.05,0.01,184,15.804712628330801,0.5270657907757227,0.5153171
Tikhonov,10,0.05,0.01,185,15.890416646111213,0.532650178482478,0.5231142
Tikhonov,10,0.05,0.01,186,15.551036784411439,0.6476426894307735,0.398883
Tikhonov,10,0.05,0.01,187,14.974168350961381,0.6259087081518734,0.5207964
Tikhonov,10,0.05,0.01,188,15.905596980381983,0.7150871355956313,0.39266458
Tikhonov,10,0.05,0.01,189,17.65547556202063,0.2993969460938478,0.68860275
Tikhonov,10,0.05,0.01,190,17.309597858934154,0.44371729961858364,0.44375423
Tikhonov,10,0.05,0.01,191,17.275964819109767,0.34432706590535017,0.58657664
Tikhonov,10,0.05,0.01,192,15.515322177181572,0.6508972473581579,0.47311246
Tikhonov,10,0.05,0.01,193,15.69902740177861,0.48391175904760547,0.56750333
Tikhonov,10,0.05,0.01,194,15.489900108399873,0.6673801247074272,0.470244
Tikhonov,10,0.05,0.01,195,16.05066099187372,0.3433053684608495,0.7556953
Tikhonov,10,0.05,0.01,196,17.642703082348188,0.39435041217003036,0.44769195
Tikhonov,10,0.05,0.01,197,16.10819483076243,0.5470767520738632,0.4149354
Tikhonov,10,0.05,0.01,198,16.413579608517313,0.4613009106090258,0.53776497
Tikhonov,10,0.05,0.01,199,16.460845226410527,0.6674366143788499,0.36227718
TV,10,0.05,0.0031622776601683794,0,17.745037987141284,0.5816143937428166,0.4719108
TV,10,0.05,0.0031622776601683794,1,17.205790823607433,0.6680366599904412,0.3918319
TV,10,0.05,0.0031622776601683794,2,20.81069519278031,0.4969567300141827,0.46029523
TV,10,0.05,0.0031622776601683794,3,19.232239416272833,0.7985214022267706,0.26845512
TV,10,0.05,0.0031622776601683794,4,17.514970918828073,0.626216799347163,0.47633296
TV,10,0.05,0.0031622776601683794,5,20.931621396377853,0.5771344584203133,0.3689608
TV,10,0.05,0.0031622776601683794,6,17.293060383188823,0.6252902710390824,0.46557063
TV,10,0.05,0.0031622776601683794,7,18.42295002605956,0.6114455392826657,0.40227687
TV,10,0.05,0.0031622776601683794,8,19.278758343983597,0.7494830155123625,0.2974943
TV,10,0.05,0.0031622776601683794,9,18.773929271338424,0.7406485910923798,0.31301224
TV,10,0.05,0.0031622776601683794,10,17.453687383805505,0.7650737524579071,0.37972546
TV,10,0.05,0.0031622776601683794,11,16.250594139577636,0.6619295657396871,0.46140644
TV,10,0.05,0.0031622776601683794,12,18.647956722074714,0.6487903627716121,0.37926888
TV,10,0.05,0.0031622776601683794,13,18.08646573492092,0.7753491940276027,0.35289377
TV,10,0.05,0.0031622776601683794,14,20.47187366969625,0.4741506087911231,0.34703565
TV,10,0.05,0.0031622776601683794,15,16.19272086659128,0.6075968168837534,0.52728975
TV,10,0.05,0.0031622776601683794,16,19.052717577772903,0.7023898151218275,0.35953224
TV,10,0.05,0.0031622776601683794,17,18.550235808130623,0.6887149763046302,0.37870172
TV,10,0.05,0.0031622776601683794,18,16.756174625711342,0.7829688450183011,0.37288484
TV,10,0.05,0.0031622776601683794,19,17.454283007287398,0.5419644074327378,0.5318934
TV,10,0.05,0.0031622776601683794,20,18.859207291715382,0.7178708511716898,0.3282394
TV,10,0.05,0.0031622776601683794,21,17.75803497164478,0.6653955573209346,0.42449924
TV,10,0.05,0.0031622776601683794,22,17.930744632788006,0.7000944046688474,0.40557358
TV,10,0.05,0.0031622776601683794,23,16.729904930587377,0.6400152793392724,0.5042345
TV,10,0.05,0.0031622776601683794,24,17.946007549183175,0.5145395098452279,0.5844972
TV,10,0.05,0.0031622776601683794,25,18.713884034657614,0.8898942437376981,0.2359504
TV,10,0.05,0.0031622776601683794,26,17.999298905830624,0.5780873506540175,0.5110595
TV,10,0.05,0.0031622776601683794,27,18.5519726522185,0.7105486736919593,0.38670594
TV,10,0.05,0.0031622776601683794,28,17.474111271009566,0.7351052742355219,0.3439955
TV,10,0.05,0.0031622776601683794,29,19.75135803863798,0.5041938543741588,0.44117007
TV,10,0.05,0.0031622776601683794,30,18.592332336425685,0.6669374455713228,0.3585875
TV,10,0.05,0.0031622776601683794,31,17.973962334712294,0.3800242862215339,0.59488446
TV,10,0.05,0.0031622776601683794,32,18.324800359210037,0.7008376316531092,0.36153418
TV,10,0.05,0.0031622776601683794,33,17.46570278768108,0.6922579436367647,0.4196931
TV,10,0.05,0.0031622776601683794,34,19.312151487786082,0.7605236070139203,0.31926706
TV,10,0.05,0.0031622776601683794,35,16.673842186639426,0.7460443790432466,0.4193672
TV,10,0.05,0.0031622776601683794,36,18.03631523777012,0.6520287788285217,0.41235924
TV,10,0.05,0.0031622776601683794,37,21.321210636996927,0.5394349348683715,0.35074452
TV,10,0.05,0.0031622776601683794,38,16.8440789869566,0.5794807387513978,0.5267572
TV,10,0.05,0.0031622776601683794,39,21.190103372592603,0.6556258465419331,0.306264
TV,10,0.05,0.0031622776601683794,40,19.439160569325324,0.3611016894550224,0.65137774
TV,10,0.05,0.0031622776601683794,41,18.909801876929897,0.6268489791324732,0.4357121
TV,10,0.05,0.0031622776601683794,42,19.285433862739943,0.6790024013574089,0.33850867
TV,10,0.05,0.0031622776601683794,43,17.192946650478802,0.5312332463679712,0.5487269
TV,10,0.05,0.0031622776601683794,44,19.62144963317266,0.5901035924734593,0.36940172
TV,10,0.05,0.0031622776601683794,45,17.636717893228468,0.6133831290832205,0.4721417
TV,10,0.05,0.0031622776601683794,46,21.416890694257766,0.6409019567235951,0.29231748
TV,10,0.05,0.0031622776601683794,47,16.525386496615287,0.508571892218137,0.6017678
TV,10,0.05,0.0031622776601683794,48,20.55838021379769,0.8077640269675161,0.22323617
TV,10,0.05,0.0031622776601683794,49,19.121427278720066,0.6826192977682356,0.34521255
TV,10,0.05,0.0031622776601683794,50,18.017550590328316,0.5920869351253067,0.4352084
TV,10,0.05,0.0031622776601683794,51,17.471421720630392,0.8046555195729179,0.3288132
TV,10,0.05,0.0031622776601683794,52,16.552776304097986,0.6449595250714616,0.4805338
TV,10,0.05,0.0031622776601683794,53,16.804314297427357,0.6150955576747886,0.57888496
TV,10,0.05,0.0031622776601683794,54,16.91360606345309,0.8038705701493343,0.37597278
TV,10,0.05,0.0031622776601683794,55,18.309557196196916,0.7211178104731847,0.35212108
TV,10,0.05,0.0031622776601683794,56,18.2731304436711,0.7443708005545984,0.3507884
TV,10,0.05,0.0031622776601683794,57,20.536091506750644,0.5023288727249211,0.45494977
TV,10,0.05,0.0031622776601683794,58,17.95377662344824,0.6838934507532707,0.38006884
TV,10,0.05,0.0031622776601683794,59,17.91869871426315,0.4703131699405441,0.59430695
TV,10,0.05,0.0031622776601683794,60,18.89299175174392,0.6799741256438496,0.33334136
TV,10,0.05,0.0031622776601683794,61,16.955239789396508,0.7049980256562159,0.38333035
TV,10,0.05,0.0031622776601683794,62,17.48369743425606,0.5146276878956936,0.5931237
TV,10,0.05,0.0031622776601683794,63,18.11296854990305,0.6613500641672372,0.41096708
TV,10,0.05,0.0031622776601683794,64,17.298185584821503,0.7392394139146632,0.3716491
TV,10,0.05,0.0031622776601683794,65,18.860689730200857,0.4563894971819356,0.49651477
TV,10,0.05,0.0031622776601683794,66,16.569300910392137,0.6801734404459938,0.4820129
TV,10,0.05,0.0031622776601683794,67,18.117209444215213,0.6438044116381086,0.41449955
TV,10,0.05,0.0031622776601683794,68,17.975016363527963,0.7068600485410179,0.31340694
TV,10,0.05,0.0031622776601683794,69,17.424860798579065,0.7628393111382957,0.38525552
TV,10,0.05,0.0031622776601683794,70,17.304801589626614,0.6112849377997678,0.43746355
TV,10,0.05,0.0031622776601683794,71,18.97617888216952,0.8680805254223456,0.26240957
TV,10,0.05,0.0031622776601683794,72,16.96263826485193,0.7041826405356088,0.41932833
TV,10,0.05,0.0031622776601683794,73,19.232293748449948,0.6542750843300307,0.30075678
TV,10,0.05,0.0031622776601683794,74,22.40279241292598,0.5244218631539771,0.29841164
TV,10,0.05,0.0031622776601683794,75,18.907499347509194,0.656589406901347,0.3635868
TV,10,0.05,0.0031622776601683794,76,18.22591293442672,0.6097935468327901,0.45521718
TV,10,0.05,0.0031622776601683794,77,17.305154644281423,0.624639438128018,0.5096436
TV,10,0.05,0.0031622776601683794,78,17.95385371137264,0.552479794899325,0.4302157
TV,10,0.05,0.0031622776601683794,79,19.97005856746732,0.7730035309666337,0.23900467
TV,10,0.05,0.0031622776601683794,80,21.191486780151468,0.6122035320063145,0.29021242
TV,10,0.05,0.0031622776601683794,81,18.562201358394034,0.696828569778172,0.34942737
TV,10,0.05,0.0031622776601683794,82,17.875478743492764,0.7511869215878874,0.33055595
TV,10,0.05,0.0031622776601683794,83,18.079040777131084,0.5590703333078592,0.45629382
TV,10,0.05,0.0031622776601683794,84,15.84646349905367,0.639305371499605,0.47377652
TV,10,0.05,0.0031622776601683794,85,19.188295559687194,0.7958652203842952,0.27205145
TV,10,0.05,0.0031622776601683794,86,20.004463902249498,0.6918989948616633,0.2954473
TV,10,0.05,0.0031622776601683794,87,17.457027906492957,0.6972598714753023,0.3930092
TV,10,0.05,0.0031622776601683794,88,17.631788189665535,0.6646033842414848,0.3843776
TV,10,0.05,0.0031622776601683794,89,21.021407337072908,0.5565713186313452,0.32788008
TV,10,0.05,0.0031622776601683794,90,16.814848413686487,0.6902610177466691,0.44286868
TV,10,0.05,0.0031622776601683794,91,17.97456922783497,0.6753553981269317,0.42030668
TV,10,0.05,0.0031622776601683794,92,17.60196850199417,0.5083887001561108,0.56687975
TV,10,0.05,0.0031622776601683794,93,19.847842895121346,0.7074240628458667,0.25164303
TV,10,0.05,0.0031622776601683794,94,21.077894122111417,0.5767826730583137,0.27193826
TV,10,0.05,0.0031622776601683794,95,18.039531843308033,0.7651112596037767,0.29313886
TV,10,0.05,0.0031622776601683794,96,19.618799271534215,0.5426498841588608,0.47176957
TV,10,0.05,0.0031622776601683794,97,18.352693060834415,0.6353293912743088,0.3301598
TV,10,0.05,0.0031622776601683794,98,16.379179521459683,0.5747297204663392,0.49006477
TV,10,0.05,0.0031622776601683794,99,18.89905505577691,0.7217626678786233,0.30911574
TV,10,0.05,0.0031622776601683794,100,15.712710399227836,0.469860326456414,0.63901997
TV,10,0.05,0.0031622776601683794,101,17.57200578910509,0.753374390053459,0.3992166
TV,10,0.05,0.0031622776601683794,102,17.32475310181222,0.7471631125062088,0.40218827
TV,10,0.05,0.0031622776601683794,103,18.34278246879232,0.6936314116713874,0.37052158
TV,10,0.05,0.0031622776601683794,104,18.206304819056335,0.7057539041535082,0.4099405
TV,10,0.05,0.0031622776601683794,105,16.65704584245411,0.5606654121084447,0.51038635
TV,10,0.05,0.0031622776601683794,106,16.775517505065903,0.7727721555250858,0.41954932
TV,10,0.05,0.0031622776601683794,107,21.259753108783677,0.5686397250002819,0.3589435
TV,10,0.05,0.0031622776601683794,108,18.787237829145276,0.6046475079035664,0.36823535
TV,10,0.05,0.0031622776601683794,109,17.469782328456127,0.6499495050775596,0.4634638
TV,10,0.05,0.0031622776601683794,110,16.270636711767924,0.6035610373586047,0.4415515
TV,10,0.05,0.0031622776601683794,111,20.145226560730283,0.5583373845096924,0.35012022
TV,10,0.05,0.0031622776601683794,112,19.32997705106104,0.6375364573010482,0.39392307
TV,10,0.05,0.0031622776601683794,113,19.127113801229747,0.6917804979857766,0.35237008
TV,10,0.05,0.0031622776601683794,114,18.538429296904077,0.5948801693681642,0.42543513
TV,10,0.05,0.0031622776601683794,115,18.09688794818969,0.5308040429158271,0.46758464
TV,10,0.05,0.0031622776601683794,116,18.66183130955838,0.560650872940213,0.47037122
TV,10,0.05,0.0031622776601683794,117,18.05824126403963,0.6375825797907108,0.37810948
TV,10,0.05,0.0031622776601683794,118,17.644923458429556,0.5296139359762334,0.5107182
TV,10,0.05,0.0031622776601683794,119,17.532166357993468,0.7491672383731978,0.37330574
TV,10,0.05,0.0031622776601683794,120,18.69079313927841,0.8280402657398878,0.28900275
TV,10,0.05,0.0031622776601683794,121,17.337247831628574,0.616036380822039,0.4736091
TV,10,0.05,0.0031622776601683794,122,19.500594548145713,0.5276515911408307,0.45030147
TV,10,0.05,0.0031622776601683794,123,16.912987410292253,0.6221842600219336,0.44915202
TV,10,0.05,0.0031622776601683794,124,18.795644240754996,0.6542203491803813,0.34926596
TV,10,0.05,0.0031622776601683794,125,17.408184355628688,0.571708032486129,0.48607528
TV,10,0.05,0.0031622776601683794,126,17.54120456703548,0.7910440143232411,0.38287938
TV,10,0.05,0.0031622776601683794,127,18.56500046602824,0.6896201270201421,0.35092717
TV,10,0.05,0.0031622776601683794,128,18.083491637562904,0.764354684288144,0.30357522
TV,10,0.05,0.0031622776601683794,129,18.626961927791978,0.7340473544433682,0.3835334
TV,10,0.05,0.0031622776601683794,130,18.191894081339846,0.737277490886848,0.3147067
TV,10,0.05,0.0031622776601683794,131,17.72900515501047,0.7192170371494856,0.31049716
TV,10,0.05,0.0031622776601683794,132,17.783024443008443,0.7708561638454822,0.3189468
TV,10,0.05,0.0031622776601683794,133,19.612051094651747,0.7752763959377127,0.27735502
TV,10,0.05,0.0031622776601683794,134,16.337315260467783,0.6256462874825205,0.43736053
TV,10,0.05,0.0031622776601683794,135,20.763473591620144,0.5166748701888213,0.3248206
TV,10,0.05,0.0031622776601683794,136,18.334488855411742,0.7302510823731211,0.3709931
TV,10,0.05,0.0031622776601683794,137,21.85551615961767,0.6519929994694303,0.26707995
TV,10,0.05,0.0031622776601683794,138,16.04010066177746,0.6092163378830753,0.45746133
TV,10,0.05,0.0031622776601683794,139,17.950466309904698,0.6740518470163926,0.38333765
TV,10,0.05,0.0031622776601683794,140,16.925982896930694,0.4759601110126823,0.5823222
TV,10,0.05,0.0031622776601683794,141,18.341943034037065,0.6032113492575932,0.440299
TV,10,0.05,0.0031622776601683794,142,17.431433145549352,0.7011033871907679,0.44380155
TV,10,0.05,0.0031622776601683794,143,19.598913350079098,0.47755959020611977,0.47900224
TV,10,0.05,0.0031622776601683794,144,19.13522817042523,0.6904451309415619,0.34047043
TV,10,0.05,0.0031622776601683794,145,18.83906638024271,0.45188331079269056,0.5290476
TV,10,0.05,0.0031622776601683794,146,17.21425988069865,0.6624654026043963,0.3758876
TV,10,0.05,0.0031622776601683794,147,17.909634347172673,0.8371196859939531,0.30828243
TV,10,0.05,0.0031622776601683794,148,17.97939978265182,0.7023334339788291,0.40073043
TV,10,0.05,0.0031622776601683794,149,16.51335975432606,0.5320292000191225,0.59062
TV,10,0.05,0.0031622776601683794,150,18.086530298465707,0.6993471790539978,0.39863837
TV,10,0.05,0.0031622776601683794,151,16.054522746434937,0.6998670723025633,0.4423215
TV,10,0.05,0.0031622776601683794,152,16.952438722025644,0.5696618171150927,0.49827233
TV,10,0.05,0.0031622776601683794,153,17.573828565381913,0.6407303301663685,0.47520986
TV,10,0.05,0.0031622776601683794,154,22.158046531860435,0.46397268557767113,0.3840144
TV,10,0.05,0.0031622776601683794,155,18.770211084418655,0.760813840226201,0.31854516
TV,10,0.05,0.0031622776601683794,156,17.771633230228904,0.5957310579992323,0.43174648
TV,10,0.05,0.0031622776601683794,157,18.396966809553682,0.711791890792641,0.37944633
TV,10,0.05,0.0031622776601683794,158,18.726982166224957,0.6628609545786734,0.36826226
TV,10,0.05,0.0031622776601683794,159,18.94773088094186,0.5474061285855618,0.458101
TV,10,0.05,0.0031622776601683794,160,18.459302110462282,0.6695247054973632,0.36422753
TV,10,0.05,0.0031622776601683794,161,16.770424137355036,0.67556330218357,0.44418794
TV,10,0.05,0.0031622776601683794,162,18.607640111930944,0.7863042482323098,0.29904675
TV,10,0.05,0.0031622776601683794,163,18.02303649368597,0.7567675271185023,0.34314334
TV,10,0.05,0.0031622776601683794,164,17.829686832034152,0.6300605219992816,0.41873562
TV,10,0.05,0.0031622776601683794,165,19.215109661998852,0.8081431994118443,0.30064464
TV,10,0.05,0.0031622776601683794,166,16.403827508546335,0.5648402592854205,0.51229143
TV,10,0.05,0.0031622776601683794,167,17.33292078493982,0.6166366620084525,0.5042071
TV,10,0.05,0.0031622776601683794,168,22.104500072934098,0.5928998662462873,0.31715307
TV,10,0.05,0.0031622776601683794,169,18.0431639890397,0.600089760965279,0.44139457
TV,10,0.05,0.0031622776601683794,170,18.35562775278728,0.5384043909990314,0.46485448
TV,10,0.05,0.0031622776601683794,171,19.747518877073233,0.7481547225890143,0.26638463
TV,10,0.05,0.0031622776601683794,172,16.282116627465413,0.7421656362866321,0.4177874
TV,10,0.05,0.0031622776601683794,173,16.130059294737087,0.5874309684047697,0.57067364
TV,10,0.05,0.0031622776601683794,174,16.33335683581128,0.5804661418136194,0.48537752
TV,10,0.05,0.0031622776601683794,175,19.65704721748628,0.4754351318432865,0.62165105
TV,10,0.05,0.0031622776601683794,176,20.571738373596034,0.5411209026611341,0.5564412
TV,10,0.05,0.0031622776601683794,177,18.033864196864034,0.6434313505185645,0.37592992
TV,10,0.05,0.0031622776601683794,178,21.308447866810994,0.5437791050550785,0.35691592
TV,10,0.05,0.0031622776601683794,179,18.212004377618165,0.7474258234166379,0.3253909
TV,10,0.05,0.0031622776601683794,180,21.874649255906636,0.5895833563702257,0.3571816
TV,10,0.05,0.0031622776601683794,181,17.768600455084982,0.7008028402828327,0.35393283
TV,10,0.05,0.0031622776601683794,182,18.343178520638247,0.553065547362655,0.43934205
TV,10,0.05,0.0031622776601683794,183,16.885718339419903,0.8158492850804074,0.34918207
TV,10,0.05,0.0031622776601683794,184,17.963660803086242,0.6531288365040683,0.40190843
TV,10,0.05,0.0031622776601683794,185,17.93941998463704,0.6417899292901885,0.4131867
TV,10,0.05,0.0031622776601683794,186,17.91218660797834,0.7635970208943006,0.30394012
TV,10,0.05,0.0031622776601683794,187,16.88942401226577,0.7546707212805656,0.41773912
TV,10,0.05,0.0031622776601683794,188,19.32396809063514,0.8552695291293861,0.26491296
TV,10,0.05,0.0031622776601683794,189,20.852764710814753,0.5817751784636715,0.47654542
TV,10,0.05,0.0031622776601683794,190,21.11259151488262,0.6488363667574523,0.28641304
TV,10,0.05,0.0031622776601683794,191,20.780668418909624,0.5400678440630206,0.3918227
TV,10,0.05,0.0031622776601683794,192,17.7666985328667,0.7987996461293236,0.36508632
TV,10,0.05,0.0031622776601683794,193,17.360706078828652,0.6058546490784473,0.4686887
TV,10,0.05,0.0031622776601683794,194,17.398244608265063,0.7666154811928464,0.37749052
TV,10,0.05,0.0031622776601683794,195,17.493838978169723,0.43886880448649923,0.64001155
TV,10,0.05,0.0031622776601683794,196,20.960418787971776,0.568495037043294,0.3055579
TV,10,0.05,0.0031622776601683794,197,18.67329900357959,0.7152216232469313,0.3088341
TV,10,0.05,0.0031622776601683794,198,18.33033876266151,0.6160790968930718,0.43127528
TV,10,0.05,0.0031622776601683794,199,19.889010280511844,0.8023180292191923,0.24413651
FBP,20,0.05,,0,15.493287659684722,0.49810548647337405,0.6115717
FBP,20,0.05,,1,15.184320104258699,0.6037457606055021,0.494508
FBP,20,0.05,,2,15.815031144189254,0.31872154435964034,0.8181251
FBP,20,0.05,,3,15.771435959200339,0.7004995918060626,0.39986363
FBP,20,0.05,,4,15.775656683038136,0.5730908850484772,0.5819375
FBP,20,0.05,,5,15.811496264559883,0.3481904893111383,0.6652524
FBP,20,0.05,,6,15.187409011603483,0.5516834056723999,0.5932915
FBP,20,0.05,,7,15.51939256801413,0.47319673000371143,0.5619568
FBP,20,0.05,,8,15.613198894632665,0.662911937376032,0.4536873
FBP,20,0.05,,9,15.751221583923423,0.5977432441394748,0.44329897
FBP,20,0.05,,10,15.357359751661619,0.7007420273721512,0.4833771
FBP,20,0.05,,11,15.053986699445518,0.6519621886434248,0.52955854
FBP,20,0.05,,12,14.94988513152678,0.5025641726588369,0.5805649
FBP,20,0.05,,13,15.336859022170056,0.674173576389906,0.48431098
FBP,20,0.05,,14,15.790090939259553,0.3775470237324494,0.5949264
FBP,20,0.05,,15,15.279025621355718,0.6118424260636579,0.5857793
FBP,20,0.05,,16,14.890940990664035,0.5671534542023677,0.58053267
FBP,20,0.05,,17,16.164689180347402,0.5413340377738128,0.4983961
FBP,20,0.05,,18,16.1136003898575,0.7273244986131168,0.4015165
FBP,20,0.05,,19,15.864956734297076,0.47987893646390417,0.6386911
FBP,20,0.05,,20,15.692338343796965,0.5406075835274704,0.47264406
FBP,20,0.05,,21,15.471897865552522,0.5334339965716214,0.5523111
FBP,20,0.05,,22,14.898020126992964,0.5844074810498148,0.57505035
FBP,20,0.05,,23,15.796863105322698,0.5540981053082827,0.5614158
FBP,20,0.05,,24,15.344549477737768,0.42402196418625554,0.7885974
FBP,20,0.05,,25,15.291551242918686,0.7975074186070734,0.34989467
FBP,20,0.05,,26,15.06614709155819,0.40493114304290206,0.7163563
FBP,20,0.05,,27,15.608688886831008,0.5611116574514462,0.54268146
FBP,20,0.05,,28,15.047527491309168,0.6815901625186372,0.4548644
FBP,20,0.05,,29,15.884647956837464,0.34319160734904014,0.6885596
FBP,20,0.05,,30,15.551234293962537,0.5521999038463051,0.5089206
FBP,20,0.05,,31,16.416766805708882,0.32860141824356043,0.7116926
FBP,20,0.05,,32,14.620806792769436,0.5587860504578999,0.55379504
FBP,20,0.05,,33,15.541926575192077,0.6205493861598671,0.52374583
FBP,20,0.05,,34,15.983694973829186,0.590840522060243,0.46835694
FBP,20,0.05,,35,15.099077122018054,0.7174439536921297,0.50272757
FBP,20,0.05,,36,15.460955623555819,0.5479156857937664,0.55468154
FBP,20,0.05,,37,15.926743647381802,0.34434879337832847,0.6527009
FBP,20,0.05,,38,15.009543732687458,0.5013613840179039,0.65063477
FBP,20,0.05,,39,16.55488651202002,0.39791813097311635,0.522224
FBP,20,0.05,,40,15.785505300632803,0.2581397125633118,0.9920091
FBP,20,0.05,,41,15.294238964874914,0.4574127557729794,0.66065955
FBP,20,0.05,,42,15.733162023233715,0.5654534946653625,0.5095459
FBP,20,0.05,,43,15.803930715621433,0.4693057254605738,0.64388317
FBP,20,0.05,,44,15.843388476222595,0.4633838660167896,0.57069224
FBP,20,0.05,,45,15.351581221715655,0.5623634055505249,0.6142275
FBP,20,0.05,,46,16.135062080959482,0.4282101715906126,0.5369653
FBP,20,0.05,,47,15.029397707166474,0.4541730543115734,0.7148721
FBP,20,0.05,,48,15.30015245218529,0.63620396770655,0.4089554
FBP,20,0.05,,49,16.091541548268825,0.6204355035617242,0.48930636
FBP,20,0.05,,50,15.492554670208193,0.5023554462743711,0.58203226
FBP,20,0.05,,51,14.832992639047703,0.7146638111216892,0.4455236
FBP,20,0.05,,52,15.815848875914572,0.6210612134776109,0.5230827
FBP,20,0.05,,53,15.398313199237403,0.5666009868831424,0.68060064
FBP,20,0.05,,54,14.78106898807274,0.6916720012818248,0.4805994
FBP,20,0.05,,55,14.914648603293264,0.6142436110884555,0.5205201
FBP,20,0.05,,56,15.834387788113364,0.6473686135927704,0.4644964
FBP,20,0.05,,57,15.17906331033885,0.2911821231611145,0.84297526
FBP,20,0.05,,58,15.3590775642359,0.5744209653014178,0.51238596
FBP,20,0.05,,59,15.647026928150458,0.39287339648999026,0.77195925
FBP,20,0.05,,60,15.74773292936759,0.5205101519675751,0.4787978
FBP,20,0.05,,61,15.271909906952105,0.6496370942456323,0.46530712
FBP,20,0.05,,62,15.919368530203354,0.4459216300820718,0.710169
FBP,20,0.05,,63,14.92965110525444,0.5373027357801664,0.59288836
FBP,20,0.05,,64,15.62384352371701,0.6675566023785461,0.45066118
FBP,20,0.05,,65,15.878695723923798,0.39480321727940704,0.6998934
FBP,20,0.05,,66,14.63571974438354,0.6080442752567596,0.6021958
FBP,20,0.05,,67,15.004222916015024,0.5591061611597047,0.5931621
FBP,20,0.05,,68,15.944442793273033,0.6411247116553598,0.39594722
FBP,20,0.05,,69,15.013799061146125,0.6990718436182678,0.50851285
FBP,20,0.05,,70,14.9913184930801,0.5203091017226917,0.5709736
FBP,20,0.05,,71,14.937656864917992,0.7705419521717728,0.41773972
FBP,20,0.05,,72,15.01121350530646,0.638909097545343,0.5249591
FBP,20,0.05,,73,15.28845989896886,0.5319658212179657,0.47359502
FBP,20,0.05,,74,17.20584863455742,0.36934610671789025,0.54282886
FBP,20,0.05,,75,15.50493290926169,0.5245574170572386,0.53794324
FBP,20,0.05,,76,15.75759519669412,0.5019018866691458,0.6048317
FBP,20,0.05,,77,15.428372255165597,0.575032153275113,0.63256586
FBP,20,0.05,,78,16.327252182611854,0.4570438188279197,0.5188196
FBP,20,0.05,,79,15.882622084660412,0.666933996337591,0.38262925
FBP,20,0.05,,80,15.695446677841407,0.479855636542979,0.5464092
FBP,20,0.05,,81,15.529515872545186,0.5781404530532223,0.49544013
FBP,20,0.05,,82,15.475545223664975,0.6808260523176907,0.43575427
FBP,20,0.05,,83,15.127440073280226,0.4567778356350941,0.6409507
FBP,20,0.05,,84,14.803617963003557,0.6240138378191411,0.5342146
FBP,20,0.05,,85,16.03464068101022,0.6761506247891124,0.39114138
FBP,20,0.05,,86,16.170005179393122,0.5329975000405728,0.45941266
FBP,20,0.05,,87,15.531422598002981,0.6063842729312726,0.49054962
FBP,20,0.05,,88,15.699976187025085,0.6082186602361015,0.48011878
FBP,20,0.05,,89,15.633717162398924,0.3836784964865533,0.60967666
FBP,20,0.05,,90,15.564379814559576,0.6150370373246058,0.5114444
FBP,20,0.05,,91,14.833634450346931,0.48996674345315205,0.6034108
FBP,20,0.05,,92,14.896101380186725,0.4093429801144617,0.7740772
FBP,20,0.05,,93,15.658639967756002,0.6057155784758886,0.40761018
FBP,20,0.05,,94,15.96520898313993,0.43421086971145934,0.48989674
FBP,20,0.05,,95,14.649057739536502,0.6535546340998457,0.4331089
FBP,20,0.05,,96,15.8718662663122,0.33399175848977347,0.726234
FBP,20,0.05,,97,16.12429431742063,0.5941414679277954,0.42672113
FBP,20,0.05,,98,15.433652755424232,0.5707603840199843,0.54642403
FBP,20,0.05,,99,15.629691347746956,0.6099972798436599,0.45039055
FBP,20,0.05,,100,15.0475975693963,0.5249140414774701,0.68987435
FBP,20,0.05,,101,15.040992834421221,0.6653534763099441,0.5342681
FBP,20,0.05,,102,15.086703099337855,0.640535089577159,0.52039355
FBP,20,0.05,,103,15.270582366384986,0.5953431025660423,0.52774423
FBP,20,0.05,,104,15.404296943700713,0.5810794857087868,0.56600624
FBP,20,0.05,,105,16.031012386211735,0.5462272007559875,0.5485304
FBP,20,0.05,,106,14.747127688949657,0.7120460090198562,0.5299105
FBP,20,0.05,,107,15.986234843041574,0.3772307266200405,0.6587218
FBP,20,0.05,,108,15.326712952514978,0.49179595705960716,0.54846853
FBP,20,0.05,,109,15.439910420262413,0.5287845803569995,0.58547646
FBP,20,0.05,,110,15.380359373438978,0.5903269507366794,0.4892099
FBP,20,0.05,,111,16.656737214302897,0.43431867305281974,0.52316856
FBP,20,0.05,,112,15.58366466301729,0.465700324003825,0.60635513
FBP,20,0.05,,113,15.894807880603599,0.5165309066960166,0.5112276
FBP,20,0.05,,114,15.642674993487194,0.4667398512182677,0.59377384
FBP,20,0.05,,115,15.597529687442666,0.46278176078917305,0.62348807
FBP,20,0.05,,116,15.229350810541234,0.41003143613611914,0.69833654
FBP,20,0.05,,117,16.256082082133307,0.6015071582707816,0.46529192
FBP,20,0.05,,118,15.613137546182585,0.47412246361588684,0.6453133
FBP,20,0.05,,119,15.207634852919817,0.64205408799634,0.48785552
FBP,20,0.05,,120,15.088183748212,0.7100033117508735,0.43755478
FBP,20,0.05,,121,16.07782233478598,0.5616460145794151,0.5475091
FBP,20,0.05,,122,16.83351619820713,0.406938940812189,0.6121492
FBP,20,0.05,,123,15.774931110824593,0.5947546868634719,0.5120309
FBP,20,0.05,,124,15.913940158532409,0.5311934537442968,0.48667774
FBP,20,0.05,,125,15.380215355622703,0.4816081847125471,0.61390615
FBP,20,0.05,,126,15.30823032549809,0.720638393480374,0.49512026
FBP,20,0.05,,127,15.82667637175857,0.592567343809132,0.48098683
FBP,20,0.05,,128,14.519264139962216,0.63729445616014,0.45759118
FBP,20,0.05,,129,15.5564491775052,0.577724559950026,0.5461712
FBP,20,0.05,,130,15.30330124046933,0.6254351202687833,0.4388698
FBP,20,0.05,,131,15.190785294333281,0.6743403277375537,0.4158806
FBP,20,0.05,,132,15.302902103423131,0.7004876692432642,0.42435017
FBP,20,0.05,,133,15.408363263859766,0.6488122221356409,0.45000812
FBP,20,0.05,,134,15.07203308757368,0.5809549479771756,0.5059455
FBP,20,0.05,,135,16.23993510947876,0.3844238333067927,0.5467899
FBP,20,0.05,,136,15.332974346546056,0.6257174697683627,0.5241331
FBP,20,0.05,,137,15.536675175766906,0.4063347928445596,0.5528195
FBP,20,0.05,,138,15.037778067269894,0.5859504244292096,0.5134173
FBP,20,0.05,,139,15.115768407743646,0.5614536357937419,0.53127134
FBP,20,0.05,,140,15.21874313403339,0.42251737792089855,0.7088026
FBP,20,0.05,,141,15.268796072001816,0.4406417730022455,0.6271986
FBP,20,0.05,,142,15.382344451535385,0.6032744551174057,0.56187963
FBP,20,0.05,,143,16.31482841618371,0.32669541990659384,0.69910395
FBP,20,0.05,,144,14.938870406190276,0.5303894803653763,0.5519469
FBP,20,0.05,,145,15.735284011115024,0.3113144933386965,0.7562822
FBP,20,0.05,,146,15.033264989401477,0.5972059541453453,0.48317865
FBP,20,0.05,,147,15.637672863114481,0.7415278783380266,0.40044868
FBP,20,0.05,,148,15.72765875208452,0.6259610615495397,0.5193252
FBP,20,0.05,,149,15.142389143573588,0.4807095788300787,0.6916027
FBP,20,0.05,,150,14.85148988394279,0.541540699889038,0.578537
FBP,20,0.05,,151,15.035970227824851,0.6753548048710242,0.49735415
FBP,20,0.05,,152,16.067035625037082,0.5434025848956157,0.5517431
FBP,20,0.05,,153,15.52200255888767,0.5737567159715484,0.601834
FBP,20,0.05,,154,15.853067249658297,0.3016724874338432,0.7935906
FBP,20,0.05,,155,15.193587943962125,0.6368823408947193,0.48084176
FBP,20,0.05,,156,16.21403646390645,0.5269848851401413,0.5165456
FBP,20,0.05,,157,15.355749870716334,0.6000268594345606,0.53853166
FBP,20,0.05,,158,15.449496176282992,0.5749736938624732,0.53707075
FBP,20,0.05,,159,16.0401455108067,0.440121673358244,0.6402367
FBP,20,0.05,,160,15.222853359049804,0.5350898885173727,0.5286828
FBP,20,0.05,,161,14.898667762877745,0.6137043431007149,0.5510038
FBP,20,0.05,,162,15.397282883249071,0.6942756537149356,0.4327698
FBP,20,0.05,,163,15.345312810492217,0.6186292982431252,0.46704826
FBP,20,0.05,,164,14.916376242577398,0.5147920821865295,0.5856059
FBP,20,0.05,,165,15.086288157234833,0.6961349465314579,0.4836092
FBP,20,0.05,,166,14.755386471499136,0.5297010508695377,0.61935425
FBP,20,0.05,,167,15.888899376414901,0.4960489834518454,0.5954016
FBP,20,0.05,,168,16.264225029757412,0.3723421302170171,0.6212733
FBP,20,0.05,,169,16.262711876952668,0.5198985843785484,0.54181325
FBP,20,0.05,,170,15.50392524209566,0.45635720304586763,0.64550877
FBP,20,0.05,,171,15.693361975624976,0.5904630127911069,0.42483178
FBP,20,0.05,,172,14.695267766024198,0.6856975793334416,0.501531
FBP,20,0.05,,173,15.42036788059471,0.5994521735313258,0.61925906
FBP,20,0.05,,174,15.418035042547636,0.5520869047116523,0.53931904
FBP,20,0.05,,175,16.174526881275767,0.30384563736227066,0.9282665
FBP,20,0.05,,176,15.838435982432735,0.2748552186851818,0.9595871
FBP,20,0.05,,177,15.50713859319406,0.5644842761349604,0.5028554
FBP,20,0.05,,178,16.09189614864102,0.3466805260631649,0.65071905
FBP,20,0.05,,179,16.01545496056297,0.6211439636800523,0.4190182
FBP,20,0.05,,180,16.68485662508307,0.33676828598092007,0.6492003
FBP,20,0.05,,181,15.579868372839538,0.6071214675827554,0.45536274
FBP,20,0.05,,182,16.17261129100512,0.4780607707981883,0.5640676
FBP,20,0.05,,183,14.995410137760373,0.7489477456358505,0.43407756
FBP,20,0.05,,184,15.349242505421785,0.5592907500534291,0.5430603
FBP,20,0.05,,185,15.27608220850192,0.5359852592320583,0.56145275
FBP,20,0.05,,186,14.933615740996872,0.6653497264667463,0.4282689
FBP,20,0.05,,187,15.462626339172276,0.666602558174403,0.4923173
FBP,20,0.05,,188,14.783391843072472,0.7091498808597765,0.44681934
FBP,20,0.05,,189,15.491441572968704,0.2877788442304088,0.88342655
FBP,20,0.05,,190,16.12050665661238,0.42991704957864935,0.50885856
FBP,20,0.05,,191,15.976986849354148,0.3602896778912126,0.6811985
FBP,20,0.05,,192,14.948317721201335,0.6633552639224554,0.505027
FBP,20,0.05,,193,15.75163162722651,0.5238430593849481,0.5640767
FBP,20,0.05,,194,15.067497232698049,0.679621085882945,0.49367762
FBP,20,0.05,,195,15.91562343293984,0.38800955179823543,0.7675357
FBP,20,0.05,,196,15.570167068375536,0.3793812715501656,0.56833714
FBP,20,0.05,,197,15.535031714298832,0.5464178658842661,0.44323966
FBP,20,0.05,,198,15.490592720812215,0.47213568252097377,0.598056
FBP,20,0.05,,199,15.648790204024717,0.6550199826245464,0.39778072
Tikhonov,20,0.05,0.01778279410038923,0,17.13899406868028,0.5148208043569302,0.5060135
Tikhonov,20,0.05,0.01778279410038923,1,16.544248782067232,0.6225209154566502,0.4228408
Tikhonov,20,0.05,0.01778279410038923,2,18.17057894988607,0.34245647685344943,0.6237957
Tikhonov,20,0.05,0.01778279410038923,3,16.801966773939103,0.7149399661031852,0.35512838
Tikhonov,20,0.05,0.01778279410038923,4,17.774846504997264,0.6124481416121221,0.46229252
Tikhonov,20,0.05,0.01778279410038923,5,17.983492298487555,0.36599110448992744,0.51806784
Tikhonov,20,0.05,0.01778279410038923,6,16.65342806798945,0.5802235866828017,0.50114936
Tikhonov,20,0.05,0.01778279410038923,7,17.346219533277196,0.5024962006935326,0.45536703
Tikhonov,20,0.05,0.01778279410038923,8,17.294212202445458,0.6895489550764723,0.37385738
Tikhonov,20,0.05,0.01778279410038923,9,16.952457434655518,0.6165538632853557,0.38604233
Tikhonov,20,0.05,0.01778279410038923,10,16.561501647827402,0.7227056047170566,0.42080313
Tikhonov,20,0.05,0.01778279410038923,11,16.32308398504392,0.666673533734144,0.4575717
Tikhonov,20,0.05,0.01778279410038923,12,16.73454185541256,0.5280358305812837,0.4727352
Tikhonov,20,0.05,0.01778279410038923,13,16.417073786658307,0.693091625314661,0.42767474
Tikhonov,20,0.05,0.01778279410038923,14,17.97190518213473,0.39282615501844914,0.4627778
Tikhonov,20,0.05,0.01778279410038923,15,16.67559105111328,0.6440928685861305,0.49877632
Tikhonov,20,0.05,0.01778279410038923,16,16.871812648715828,0.6077761169616085,0.46215016
Tikhonov,20,0.05,0.01778279410038923,17,17.427786262734887,0.55963353095225,0.43094292
Tikhonov,20,0.05,0.01778279410038923,18,16.963171691516372,0.7368944730101661,0.3641035
Tikhonov,20,0.05,0.01778279410038923,19,17.60267546309108,0.5026752530403045,0.52288353
Tikhonov,20,0.05,0.01778279410038923,20,17.365646061251038,0.5711529458950424,0.38982418
Tikhonov,20,0.05,0.01778279410038923,21,17.341679333566734,0.5571445779887428,0.4453431
Tikhonov,20,0.05,0.01778279410038923,22,16.477679256379165,0.6157655974256918,0.47942746
Tikhonov,20,0.05,0.01778279410038923,23,17.09990347288516,0.5716830232552992,0.48320636
Tikhonov,20,0.05,0.01778279410038923,24,17.236655489252815,0.45648669370417366,0.6342348
Tikhonov,20,0.05,0.01778279410038923,25,16.398955394550143,0.8156581461590269,0.30801162
Tikhonov,20,0.05,0.01778279410038923,26,16.62777951585834,0.4224648949118189,0.598477
Tikhonov,20,0.05,0.01778279410038923,27,17.210048066093723,0.586137070036243,0.45131218
Tikhonov,20,0.05,0.01778279410038923,28,16.416233468506448,0.7031368104534604,0.3885498
Tikhonov,20,0.05,0.01778279410038923,29,18.16639147502498,0.36179365558128357,0.5294858
Tikhonov,20,0.05,0.01778279410038923,30,17.348679179358463,0.5853607389929922,0.41378793
Tikhonov,20,0.05,0.01778279410038923,31,18.514847437453966,0.343768817402205,0.55896986
Tikhonov,20,0.05,0.01778279410038923,32,16.4105676940946,0.5934587919145096,0.45067248
Tikhonov,20,0.05,0.01778279410038923,33,16.890197168682864,0.6449367306649797,0.44844288
Tikhonov,20,0.05,0.01778279410038923,34,16.866430823423634,0.6004670587050092,0.42309725
Tikhonov,20,0.05,0.01778279410038923,35,16.535295306322432,0.7518224413374397,0.42611003
Tikhonov,20,0.05,0.01778279410038923,36,16.90198190713863,0.5710366271022026,0.46988586
Tikhonov,20,0.05,0.01778279410038923,37,17.978797696144138,0.35332168425177896,0.51536095
Tikhonov,20,0.05,0.01778279410038923,38,16.357818427939893,0.5220462085120188,0.55708766
Tikhonov,20,0.05,0.01778279410038923,39,18.141453969085756,0.4110043394371621,0.43503922
Tikhonov,20,0.05,0.01778279410038923,40,18.19625969481985,0.26906145479306887,0.75158465
Tikhonov,20,0.05,0.01778279410038923,41,16.95681657735622,0.48638886047098095,0.545568
Tikhonov,20,0.05,0.01778279410038923,42,17.32962530328276,0.5871854858963138,0.42399448
Tikhonov,20,0.05,0.01778279410038923,43,17.499503372719513,0.4889315512531133,0.5296981
Tikhonov,20,0.05,0.01778279410038923,44,17.70302813565056,0.4879895649871535,0.46070185
Tikhonov,20,0.05,0.01778279410038923,45,16.862385054759827,0.57965295182922,0.51616555
Tikhonov,20,0.05,0.01778279410038923,46,17.927816256209,0.4444809623432061,0.436826
Tikhonov,20,0.05,0.01778279410038923,47,16.466806744610466,0.4794908289351185,0.60583997
Tikhonov,20,0.05,0.01778279410038923,48,16.71205849229913,0.6670868140303776,0.3476007
Tikhonov,20,0.05,0.01778279410038923,49,17.265791117500783,0.6355666305101573,0.4274333
Tikhonov,20,0.05,0.01778279410038923,50,17.257601350502966,0.5349872554498455,0.47500125
Tikhonov,20,0.05,0.01778279410038923,51,16.1282869144397,0.7337884880471994,0.3838009
Tikhonov,20,0.05,0.01778279410038923,52,17.23313557923615,0.6422609781971719,0.4443304
Tikhonov,20,0.05,0.01778279410038923,53,16.866658283065313,0.5955697838724533,0.5747448
Tikhonov,20,0.05,0.01778279410038923,54,16.04568780732633,0.7142870117217968,0.41548207
Tikhonov,20,0.05,0.01778279410038923,55,16.462092463336848,0.6331521437757395,0.43557733
Tikhonov,20,0.05,0.01778279410038923,56,17.85549151861883,0.6859566879804845,0.36806723
Tikhonov,20,0.05,0.01778279410038923,57,17.435276492996223,0.31134903026239136,0.65013593
Tikhonov,20,0.05,0.01778279410038923,58,17.11250908518362,0.6026462261918124,0.41872185
Tikhonov,20,0.05,0.01778279410038923,59,17.60151063866325,0.4192884847512642,0.61641073
Tikhonov,20,0.05,0.01778279410038923,60,17.16665450039762,0.5378578386489231,0.40663624
Tikhonov,20,0.05,0.01778279410038923,61,16.62978915959337,0.6730781094125887,0.3979658
Tikhonov,20,0.05,0.01778279410038923,62,17.73366591631666,0.46678445622476955,0.57629764
Tikhonov,20,0.05,0.01778279410038923,63,16.9714297684478,0.5708454935359268,0.46868816
Tikhonov,20,0.05,0.01778279410038923,64,16.857328596041995,0.6842071192372977,0.39099926
Tikhonov,20,0.05,0.01778279410038923,65,17.769099132870608,0.40935015944741887,0.5630044
Tikhonov,20,0.05,0.01778279410038923,66,16.211708909339503,0.6390178912066208,0.5022712
Tikhonov,20,0.05,0.01778279410038923,67,16.931538941338935,0.5920584336077613,0.47512472
Tikhonov,20,0.05,0.01778279410038923,68,17.37769964186989,0.6611330975381049,0.33571786
Tikhonov,20,0.05,0.01778279410038923,69,16.354306644648844,0.727608262577377,0.43578935
Tikhonov,20,0.05,0.01778279410038923,70,17.0074361716394,0.5504802602218427,0.45269963
Tikhonov,20,0.05,0.01778279410038923,71,16.535433222067745,0.8029491136996422,0.3475497
Tikhonov,20,0.05,0.01778279410038923,72,16.41221961787498,0.6691128333411391,0.4467609
Tikhonov,20,0.05,0.01778279410038923,73,16.749554754414767,0.5552055935327528,0.40026945
Tikhonov,20,0.05,0.01778279410038923,74,18.934649254665516,0.3833854605873358,0.44485953
Tikhonov,20,0.05,0.01778279410038923,75,16.946922709008273,0.5466291280203568,0.45565587
Tikhonov,20,0.05,0.01778279410038923,76,16.939609490055027,0.5197751256897045,0.52787834
Tikhonov,20,0.05,0.01778279410038923,77,17.251819790622037,0.6041556793069737,0.5127827
Tikhonov,20,0.05,0.01778279410038923,78,17.90480101280826,0.4709506665807687,0.43265218
Tikhonov,20,0.05,0.01778279410038923,79,17.015917754368797,0.6824848864319896,0.3358253
Tikhonov,20,0.05,0.01778279410038923,80,17.452746175931843,0.5023397027210849,0.44632685
Tikhonov,20,0.05,0.01778279410038923,81,16.98093242453299,0.5991281999057652,0.4191991
Tikhonov,20,0.05,0.01778279410038923,82,16.547812337787942,0.7004615402987808,0.38514858
Tikhonov,20,0.05,0.01778279410038923,83,17.22945940496671,0.48854129640484123,0.5031803
Tikhonov,20,0.05,0.01778279410038923,84,16.21162408922021,0.6497049745033238,0.4542715
Tikhonov,20,0.05,0.01778279410038923,85,17.2263553946309,0.6995833184470737,0.34099504
Tikhonov,20,0.05,0.01778279410038923,86,17.805733337812008,0.5550175989598704,0.38055423
Tikhonov,20,0.05,0.01778279410038923,87,16.894439570941692,0.6307890924715537,0.41930696
Tikhonov,20,0.05,0.01778279410038923,88,17.11501674361374,0.634137317831224,0.40794033
Tikhonov,20,0.05,0.01778279410038923,89,17.62355662661122,0.4046513215934065,0.48485023
Tikhonov,20,0.05,0.01778279410038923,90,17.011053570601135,0.6379200112091932,0.4329769
Tikhonov,20,0.05,0.01778279410038923,91,16.597604895623387,0.5191341304062232,0.49250937
Tikhonov,20,0.05,0.01778279410038923,92,16.757416786147843,0.4366438309123262,0.6247676
Tikhonov,20,0.05,0.01778279410038923,93,17.091963938325776,0.628669045257843,0.34560406
Tikhonov,20,0.05,0.01778279410038923,94,17.593800434286663,0.4477240619455774,0.40613925
Tikhonov,20,0.05,0.01778279410038923,95,16.519401779065134,0.6943908733947631,0.34920457
Tikhonov,20,0.05,0.01778279410038923,96,18.330265496036425,0.3636385795317806,0.5472133
Tikhonov,20,0.05,0.01778279410038923,97,17.34726998512446,0.6037106851276014,0.37067676
Tikhonov,20,0.05,0.01778279410038923,98,16.912034484354365,0.5952817142033306,0.46090427
Tikhonov,20,0.05,0.01778279410038923,99,16.769626535087628,0.6305039782918439,0.3949958
Tikhonov,20,0.05,0.01778279410038923,100,16.352892978823448,0.5324132152542487,0.59361553
Tikhonov,20,0.05,0.01778279410038923,101,16.645692761682255,0.69486819555423,0.4441444
Tikhonov,20,0.05,0.01778279410038923,102,16.423089854713528,0.667536356079167,0.44618255
Tikhonov,20,0.05,0.01778279410038923,103,17.37674243350935,0.632194806307637,0.41410977
Tikhonov,20,0.05,0.01778279410038923,104,17.04251508675834,0.6077226481209451,0.4687166
Tikhonov,20,0.05,0.01778279410038923,105,17.303562859928768,0.567123478093071,0.47377616
Tikhonov,20,0.05,0.01778279410038923,106,16.276183250146776,0.7425651624132513,0.44437513
Tikhonov,20,0.05,0.01778279410038923,107,18.475190969476206,0.4092225751595202,0.49460012
Tikhonov,20,0.05,0.01778279410038923,108,17.314754588766395,0.5197329042159013,0.43626428
Tikhonov,20,0.05,0.01778279410038923,109,16.63561352851579,0.5453331824119082,0.510181
Tikhonov,20,0.05,0.01778279410038923,110,16.86593358531549,0.6138245919976703,0.41230306
Tikhonov,20,0.05,0.01778279410038923,111,18.288126707643503,0.44920246219979254,0.43358296
Tikhonov,20,0.05,0.01778279410038923,112,17.268093714855933,0.4849463359364751,0.4994656
Tikhonov,20,0.05,0.01778279410038923,113,17.48643142286739,0.5369661211286054,0.4256309
Tikhonov,20,0.05,0.01778279410038923,114,17.311535488290108,0.48771510773707827,0.48997965
Tikhonov,20,0.05,0.01778279410038923,115,17.49010396966582,0.48128200802699017,0.50141746
Tikhonov,20,0.05,0.01778279410038923,116,17.380956365654797,0.44067851177593287,0.54511046
Tikhonov,20,0.05,0.01778279410038923,117,17.425685939048854,0.6189531906580549,0.406673
Tikhonov,20,0.05,0.01778279410038923,118,17.446492096685336,0.5007995196973158,0.52252
Tikhonov,20,0.05,0.01778279410038923,119,16.585254065966875,0.6675410127584257,0.41630372
Tikhonov,20,0.05,0.01778279410038923,120,16.566980769927532,0.743962273387477,0.36905628
Tikhonov,20,0.05,0.01778279410038923,121,17.6827474086895,0.5778280559365353,0.45514005
Tikhonov,20,0.05,0.01778279410038923,122,18.55967120869853,0.4257000856130857,0.50182176
Tikhonov,20,0.05,0.01778279410038923,123,16.953784728298157,0.6090238256635402,0.44704735
Tikhonov,20,0.05,0.01778279410038923,124,17.090043236553857,0.5433697983608601,0.42504635
Tikhonov,20,0.05,0.01778279410038923,125,17.142644674731518,0.5054165862674088,0.5011648
Tikhonov,20,0.05,0.01778279410038923,126,16.687454081767836,0.7390083311494124,0.42242494
Tikhonov,20,0.05,0.01778279410038923,127,17.088395639373065,0.614583775948075,0.41595584
Tikhonov,20,0.05,0.01778279410038923,128,16.03601894771114,0.6612385999174906,0.38427305
Tikhonov,20,0.05,0.01778279410038923,129,16.95176218268488,0.598049229690069,0.46511802
Tikhonov,20,0.05,0.01778279410038923,130,16.760869059154984,0.6521702655742603,0.37107122
Tikhonov,20,0.05,0.01778279410038923,131,16.667784427214656,0.6957163804048125,0.35084772
Tikhonov,20,0.05,0.01778279410038923,132,16.559002478517407,0.7242470140081122,0.3672141
Tikhonov,20,0.05,0.01778279410038923,133,17.080857700862055,0.6807584011106327,0.37118948
Tikhonov,20,0.05,0.01778279410038923,134,16.350584968407635,0.5955656059093538,0.4366929
Tikhonov,20,0.05,0.01778279410038923,135,18.107338987340405,0.398194121126632,0.4410119
Tikhonov,20,0.05,0.01778279410038923,136,16.839718685358214,0.6458498615586807,0.44066077
Tikhonov,20,0.05,0.01778279410038923,137,17.15610247619467,0.4250728251840169,0.4587879
Tikhonov,20,0.05,0.01778279410038923,138,16.268096343874493,0.601976061479885,0.44560963
Tikhonov,20,0.05,0.01778279410038923,139,16.554576619638645,0.5880059301557331,0.45016932
Tikhonov,20,0.05,0.01778279410038923,140,16.69335781068485,0.4453473950554386,0.59812856
Tikhonov,20,0.05,0.01778279410038923,141,16.932056427317015,0.4600483168234995,0.5178954
Tikhonov,20,0.05,0.01778279410038923,142,16.532057153921865,0.625644736408308,0.49221814
Tikhonov,20,0.05,0.01778279410038923,143,18.536491488324025,0.3468958292931438,0.5413257
Tikhonov,20,0.05,0.01778279410038923,144,16.48237765757389,0.5592501998784247,0.46208504
Tikhonov,20,0.05,0.01778279410038923,145,17.883729643858143,0.32774208714918057,0.5905567
Tikhonov,20,0.05,0.01778279410038923,146,16.52302551111635,0.618520623115916,0.4070237
Tikhonov,20,0.05,0.01778279410038923,147,16.666171319683524,0.7554563590499076,0.35573116
Tikhonov,20,0.05,0.01778279410038923,148,17.041684715236954,0.6449681485424391,0.4464143
Tikhonov,20,0.05,0.01778279410038923,149,16.946892003272826,0.5216474288043639,0.5618644
Tikhonov,20,0.05,0.01778279410038923,150,17.00639405616964,0.5826275125203639,0.4514253
Tikhonov,20,0.05,0.01778279410038923,151,16.05510901660984,0.6902361380139342,0.4422917
Tikhonov,20,0.05,0.01778279410038923,152,17.26800795797226,0.5520806184874594,0.48049438
Tikhonov,20,0.05,0.01778279410038923,153,17.09759919156236,0.5923101090232472,0.5019921
Tikhonov,20,0.05,0.01778279410038923,154,18.00693485615714,0.3115436670291988,0.6193029
Tikhonov,20,0.05,0.01778279410038923,155,16.919449263651202,0.6719171417812617,0.39419317
Tikhonov,20,0.05,0.01778279410038923,156,17.478620274020972,0.5386536737710569,0.4465596
Tikhonov,20,0.05,0.01778279410038923,157,16.87330067672287,0.618997771875242,0.45220327
Tikhonov,20,0.05,0.01778279410038923,158,17.478791546179938,0.6106558647434889,0.42517403
Tikhonov,20,0.05,0.01778279410038923,159,17.649103342805528,0.4555333593565863,0.53197676
Tikhonov,20,0.05,0.01778279410038923,160,16.7939104223181,0.5592298171831024,0.441207
Tikhonov,20,0.05,0.01778279410038923,161,16.43364194004662,0.6392819320521806,0.4617489
Tikhonov,20,0.05,0.01778279410038923,162,16.747961803557427,0.7174703612943345,0.37044442
Tikhonov,20,0.05,0.01778279410038923,163,16.972309995963254,0.6540505857750954,0.38726825
Tikhonov,20,0.05,0.01778279410038923,164,16.54043758074944,0.5388611324967563,0.48573834
Tikhonov,20,0.05,0.01778279410038923,165,16.727707605778235,0.7200258444042921,0.40033504
Tikhonov,20,0.05,0.01778279410038923,166,16.31782327931315,0.562763039075119,0.5173891
Tikhonov,20,0.05,0.01778279410038923,167,17.43200425516711,0.5219413340500602,0.4984881
Tikhonov,20,0.05,0.01778279410038923,168,18.651132474148312,0.3872384098993445,0.47199488
Tikhonov,20,0.05,0.01778279410038923,169,18.050981101682627,0.5470166628413511,0.4409975
Tikhonov,20,0.05,0.01778279410038923,170,17.753235183783648,0.4940240277408235,0.49823776
Tikhonov,20,0.05,0.01778279410038923,171,17.103546884830276,0.6157386291559019,0.36116675
Tikhonov,20,0.05,0.01778279410038923,172,15.851650905287409,0.7132308229486302,0.43901426
Tikhonov,20,0.05,0.01778279410038923,173,16.50718819190689,0.6179219626733544,0.546426
Tikhonov,20,0.05,0.01778279410038923,174,17.18450189681857,0.582511314453941,0.44007066
Tikhonov,20,0.05,0.01778279410038923,175,18.61598866724618,0.3405397099595274,0.7008089
Tikhonov,20,0.05,0.01778279410038923,176,18.875260273021393,0.30391796660301185,0.67646164
Tikhonov,20,0.05,0.01778279410038923,177,16.92168731246095,0.5789312809394973,0.4272831
Tikhonov,20,0.05,0.01778279410038923,178,18.098797686000196,0.35729488187018793,0.516474
Tikhonov,20,0.05,0.01778279410038923,179,16.72820432849553,0.626601562108883,0.3860072
Tikhonov,20,0.05,0.01778279410038923,180,18.657180675553214,0.3497864730595534,0.5173239
Tikhonov,20,0.05,0.01778279410038923,181,16.60173964165495,0.6178537809481451,0.4048218
Tikhonov,20,0.05,0.01778279410038923,182,17.884600376231607,0.5011303531061782,0.46316066
Tikhonov,20,0.05,0.01778279410038923,183,15.892161903478021,0.7633676551231173,0.3914982
Tikhonov,20,0.05,0.01778279410038923,184,17.251555324264118,0.5935744139476976,0.43624696
Tikhonov,20,0.05,0.01778279410038923,185,16.637379140512692,0.5586457471079423,0.4800079
Tikhonov,20,0.05,0.01778279410038923,186,16.49683926330056,0.6939146911743682,0.35773003
Tikhonov,20,0.05,0.01778279410038923,187,16.737953327916358,0.6869579255883966,0.42508787
Tikhonov,20,0.05,0.01778279410038923,188,16.3657621897926,0.7391475817990298,0.3724033
Tikhonov,20,0.05,0.01778279410038923,189,17.972209435787324,0.3084196353077211,0.66394496
Tikhonov,20,0.05,0.01778279410038923,190,17.769039526453835,0.44957196715055514,0.42089173
Tikhonov,20,0.05,0.01778279410038923,191,18.20946762891614,0.3794068235606686,0.5268046
Tikhonov,20,0.05,0.01778279410038923,192,16.38383183263685,0.6827904718857324,0.42809373
Tikhonov,20,0.05,0.01778279410038923,193,16.97439495452973,0.5363627924470323,0.49000445
Tikhonov,20,0.05,0.01778279410038923,194,16.39223092776579,0.7033009469075694,0.42384472
Tikhonov,20,0.05,0.01778279410038923,195,17.4053263266497,0.3998808277224158,0.6465668
Tikhonov,20,0.05,0.01778279410038923,196,17.552804642581084,0.39543974753069955,0.45234957
Tikhonov,20,0.05,0.01778279410038923,197,16.781907887923555,0.5665026013252339,0.38396782
Tikhonov,20,0.05,0.01778279410038923,198,17.079178081839203,0.4968133076026262,0.4980955
Tikhonov,20,0.05,0.01778279410038923,199,17.117651880360526,0.6831556901324652,0.33589277
TV,20,0.05,0.005623413251903491,0,20.179497771814138,0.6586112673933163,0.35656354
TV,20,0.05,0.005623413251903491,1,20.25784490469908,0.733800094803672,0.27573827
TV,20,0.05,0.005623413251903491,2,20.86276198158171,0.5192967299468169,0.45754433
TV,20,0.05,0.005623413251903491,3,20.382525602893196,0.8334831715453693,0.23515673
TV,20,0.05,0.005623413251903491,4,19.988864480079226,0.7508462613683256,0.35827455
TV,20,0.05,0.005623413251903491,5,22.182519314277414,0.7005107321368516,0.31947383
TV,20,0.05,0.005623413251903491,6,18.89864182270199,0.696495945063181,0.386996
TV,20,0.05,0.005623413251903491,7,20.53889748191478,0.6917043050581758,0.31530273
TV,20,0.05,0.005623413251903491,8,21.40509930077947,0.8208777695636396,0.23289578
TV,20,0.05,0.005623413251903491,9,19.86462681030386,0.7488005992894885,0.2760746
TV,20,0.05,0.005623413251903491,10,19.04726950533655,0.8164438626513439,0.31607533
TV,20,0.05,0.005623413251903491,11,17.855661025605357,0.7546697086346729,0.38355732
TV,20,0.05,0.005623413251903491,12,18.893617583007067,0.7162072632638814,0.36869237
TV,20,0.05,0.005623413251903491,13,18.935532629415306,0.7917566761761242,0.32002997
TV,20,0.05,0.005623413251903491,14,23.819004130520586,0.6653769127505038,0.23605739
TV,20,0.05,0.005623413251903491,15,18.556248428976645,0.7855485593284334,0.4016733
TV,20,0.05,0.005623413251903491,16,19.09653850605348,0.765342849225945,0.35772297
TV,20,0.05,0.005623413251903491,17,21.08448884350961,0.7985581870321646,0.28286853
TV,20,0.05,0.005623413251903491,18,19.381080713418662,0.8462632848488644,0.27563187
TV,20,0.05,0.005623413251903491,19,20.14841143228626,0.7064644734905301,0.3900481
TV,20,0.05,0.005623413251903491,20,20.58208689274069,0.7317248446855324,0.26918247
TV,20,0.05,0.005623413251903491,21,20.47205564421365,0.7319211196596926,0.31058174
TV,20,0.05,0.005623413251903491,22,18.240017861263922,0.7681808004459781,0.39138663
TV,20,0.05,0.005623413251903491,23,19.07431015422993,0.724679533068922,0.38495708
TV,20,0.05,0.005623413251903491,24,18.903304766832303,0.56300929488137,0.52350104
TV,20,0.05,0.005623413251903491,25,19.871594031774784,0.9075649310603799,0.2065072
TV,20,0.05,0.005623413251903491,26,18.771637517837178,0.580461588995589,0.46757856
TV,20,0.05,0.005623413251903491,27,20.307896383140907,0.7685812893054209,0.31592548
TV,20,0.05,0.005623413251903491,28,19.784088630906677,0.8368536367827704,0.26366585
TV,20,0.05,0.005623413251903491,29,23.474614773370234,0.5865106849819576,0.28737116
TV,20,0.05,0.005623413251903491,30,21.10291888388725,0.796619442197271,0.26857516
TV,20,0.05,0.005623413251903491,31,22.75420491087472,0.6469792138192464,0.34309983
TV,20,0.05,0.005623413251903491,32,19.543798760239767,0.7839419932724246,0.31419516
TV,20,0.05,0.005623413251903491,33,19.833678282930915,0.7911702791759975,0.31954575
TV,20,0.05,0.005623413251903491,34,21.377912654990926,0.758480245620782,0.25169006
TV,20,0.05,0.005623413251903491,35,19.15943484574469,0.8491280892063394,0.31500307
TV,20,0.05,0.005623413251903491,36,19.38951066478692,0.7010831150518776,0.35287097
TV,20,0.05,0.005623413251903491,37,23.69553296649583,0.5815407689564577,0.26685464
TV,20,0.05,0.005623413251903491,38,17.676340585697222,0.653643365544344,0.47862726
TV,20,0.05,0.005623413251903491,39,23.21795077161264,0.7726246697004607,0.24249545
TV,20,0.05,0.005623413251903491,40,21.678395567164642,0.6262568158236109,0.5033512
TV,20,0.05,0.005623413251903491,41,19.391771911548393,0.6276997925342284,0.41219345
TV,20,0.05,0.005623413251903491,42,20.793464916158545,0.7819029814428996,0.28455633
TV,20,0.05,0.005623413251903491,43,20.120958637490123,0.6077181553171779,0.39170188
TV,20,0.05,0.005623413251903491,44,22.07644704333955,0.7258721780693851,0.27845117
TV,20,0.05,0.005623413251903491,45,18.420549198536275,0.6808001330884342,0.43140063
TV,20,0.05,0.005623413251903491,46,23.23068525760174,0.731731772130309,0.2372275
TV,20,0.05,0.005623413251903491,47,17.173960628574143,0.5687055191225256,0.5584705
TV,20,0.05,0.005623413251903491,48,21.19459344433185,0.8195561840341327,0.20746933
TV,20,0.05,0.005623413251903491,49,20.525766394905766,0.8109928465492577,0.2936768
TV,20,0.05,0.005623413251903491,50,20.609982634719785,0.7432437051079921,0.32290566
TV,20,0.05,0.005623413251903491,51,18.929478526753947,0.8613037024355255,0.278001
TV,20,0.05,0.005623413251903491,52,19.05168982818694,0.7416465224906001,0.36039463
TV,20,0.05,0.005623413251903491,53,17.888961663194586,0.6885260779146982,0.5109283
TV,20,0.05,0.005623413251903491,54,17.950283979571473,0.8044236226407581,0.3336741
TV,20,0.05,0.005623413251903491,55,19.835998452014913,0.7536929705264893,0.29537246
TV,20,0.05,0.005623413251903491,56,21.926638023898782,0.8509476439842631,0.23034026
TV,20,0.05,0.005623413251903491,57,20.696479816388063,0.542291086725602,0.44662604
TV,20,0.05,0.005623413251903491,58,20.44402705357387,0.7777197835889976,0.28533152
TV,20,0.05,0.005623413251903491,59,19.483572972668412,0.5740133253799766,0.49632606
TV,20,0.05,0.005623413251903491,60,21.714441205566732,0.7620582134123268,0.2408889
TV,20,0.05,0.005623413251903491,61,19.368199992734006,0.8209891929945423,0.29035223
TV,20,0.05,0.005623413251903491,62,19.676757948906967,0.6330285454726939,0.4607785
TV,20,0.05,0.005623413251903491,63,20.31188395445422,0.7196382416897138,0.31905186
TV,20,0.05,0.005623413251903491,64,20.22307680132284,0.8079858223853771,0.26539242
TV,20,0.05,0.005623413251903491,65,20.71754868249002,0.6833210083644468,0.4009491
TV,20,0.05,0.005623413251903491,66,18.056249699465145,0.7403684592447898,0.40617314
TV,20,0.05,0.005623413251903491,67,20.003388803778975,0.736099783700606,0.3335916
TV,20,0.05,0.005623413251903491,68,21.14266838007495,0.8262855336916718,0.21763363
TV,20,0.05,0.005623413251903491,69,19.50320409172954,0.8375283037677931,0.30327156
TV,20,0.05,0.005623413251903491,70,20.91968918982653,0.7558573592634109,0.28853434
TV,20,0.05,0.005623413251903491,71,20.563740563196315,0.9139631435675316,0.21857555
TV,20,0.05,0.005623413251903491,72,18.25319079632472,0.7765883617757334,0.361432
TV,20,0.05,0.005623413251903491,73,20.531214952278987,0.7667194041327289,0.2589819
TV,20,0.05,0.005623413251903491,74,24.89037254802288,0.6347453726055331,0.22409737
TV,20,0.05,0.005623413251903491,75,19.596679337167558,0.696809486033826,0.33585295
TV,20,0.05,0.005623413251903491,76,18.512740375812896,0.7156530810589324,0.4404304
TV,20,0.05,0.005623413251903491,77,19.28236758713048,0.7795809064760866,0.40588778
TV,20,0.05,0.005623413251903491,78,20.49684944694475,0.6856790432506357,0.32102326
TV,20,0.05,0.005623413251903491,79,20.870644326694837,0.8597019978698867,0.21546517
TV,20,0.05,0.005623413251903491,80,21.703197945917964,0.7186057145056923,0.27360904
TV,20,0.05,0.005623413251903491,81,20.035793612110968,0.7267532589679876,0.29490173
TV,20,0.05,0.005623413251903491,82,20.25586686613697,0.823803061908034,0.25131914
TV,20,0.05,0.005623413251903491,83,20.161259537317562,0.6606541534227681,0.3590324
TV,20,0.05,0.005623413251903491,84,17.650992497371117,0.7448920031994088,0.38489923
TV,20,0.05,0.005623413251903491,85,21.31816105419507,0.8085171997831935,0.21289124
TV,20,0.05,0.005623413251903491,86,21.771760698450272,0.7598684752910313,0.24105446
TV,20,0.05,0.005623413251903491,87,19.52857165797677,0.7808756469248617,0.3096175
TV,20,0.05,0.005623413251903491,88,18.948664595843606,0.8084244875753037,0.33030432
TV,20,0.05,0.005623413251903491,89,22.52989867720046,0.7605455480198461,0.27560717
TV,20,0.05,0.005623413251903491,90,19.34328181303477,0.8157579226434724,0.3310193
TV,20,0.05,0.005623413251903491,91,18.880601020619473,0.6367849037666952,0.37867334
TV,20,0.05,0.005623413251903491,92,18.04210668051011,0.5686222698716523,0.53887
TV,20,0.05,0.005623413251903491,93,21.384442666239064,0.8190005874215078,0.21084093
TV,20,0.05,0.005623413251903491,94,22.466089485913926,0.6999943670460739,0.23177178
TV,20,0.05,0.005623413251903491,95,19.81131639775162,0.8519760110715696,0.23904748
TV,20,0.05,0.005623413251903491,96,22.452227686400498,0.6946051534850243,0.3404541
TV,20,0.05,0.005623413251903491,97,22.33142443138175,0.7817486151898941,0.20882748
TV,20,0.05,0.005623413251903491,98,18.864488877340126,0.7336634335758487,0.36811882
TV,20,0.05,0.005623413251903491,99,19.187332395087996,0.8089996702788198,0.29902482
TV,20,0.05,0.005623413251903491,100,17.171654285733144,0.6400222974013506,0.5402157
TV,20,0.05,0.005623413251903491,101,18.866585667193153,0.7786724670243658,0.34393755
TV,20,0.05,0.005623413251903491,102,18.16335223094271,0.8054865243342466,0.36517367
TV,20,0.05,0.005623413251903491,103,21.529872603835784,0.7794084438576925,0.2567196
TV,20,0.05,0.005623413251903491,104,19.715186437796895,0.7499810353937474,0.34456947
TV,20,0.05,0.005623413251903491,105,19.784244269528664,0.7228856076590316,0.35607305
TV,20,0.05,0.005623413251903491,106,18.329046058561474,0.8337083653362145,0.35083798
TV,20,0.05,0.005623413251903491,107,22.692680194206535,0.7944078528791789,0.30435452
TV,20,0.05,0.005623413251903491,108,21.30596149619661,0.7416825742472333,0.27554294
TV,20,0.05,0.005623413251903491,109,18.051117386642794,0.6796300454095991,0.43346006
TV,20,0.05,0.005623413251903491,110,19.33323090918017,0.7351659769923542,0.3103499
TV,20,0.05,0.005623413251903491,111,23.3418380749262,0.6693866111199595,0.24231854
TV,20,0.05,0.005623413251903491,112,19.867753111580726,0.7032923639736577,0.37027347
TV,20,0.05,0.005623413251903491,113,21.063530110321725,0.744539404118603,0.28195396
TV,20,0.05,0.005623413251903491,114,20.426825046555933,0.739410781109136,0.34230524
TV,20,0.05,0.005623413251903491,115,20.424147355592503,0.6861912671645934,0.35768214
TV,20,0.05,0.005623413251903491,116,20.160042260602435,0.6691353480968517,0.3958496
TV,20,0.05,0.005623413251903491,117,20.45229667744237,0.7765478084945266,0.28702176
TV,20,0.05,0.005623413251903491,118,19.355169099867396,0.6784881585429631,0.41943926
TV,20,0.05,0.005623413251903491,119,19.314660276636605,0.7969661168446226,0.30404645
TV,20,0.05,0.005623413251903491,120,20.631585771815367,0.8623288126108198,0.2311332
TV,20,0.05,0.005623413251903491,121,20.582235026419205,0.7564837723462419,0.32596478
TV,20,0.05,0.005623413251903491,122,22.712817510045937,0.6881516419258739,0.3110944
TV,20,0.05,0.005623413251903491,123,19.094198529814427,0.7632504142551444,0.34940797
TV,20,0.05,0.005623413251903491,124,20.486566425622765,0.6942314721397624,0.28748167
TV,20,0.05,0.005623413251903491,125,19.393096477621828,0.7009433947064845,0.3867746
TV,20,0.05,0.005623413251903491,126,19.202173282115172,0.8189516765073188,0.31623763
TV,20,0.05,0.005623413251903491,127,20.18397350178853,0.8163643183556101,0.29125163
TV,20,0.05,0.005623413251903491,128,18.65552698100764,0.7740711905129546,0.28422648
TV,20,0.05,0.005623413251903491,129,19.220373942771893,0.7294539415627749,0.35820574
TV,20,0.05,0.005623413251903491,130,19.66438547533143,0.7919848635369404,0.26563266
TV,20,0.05,0.005623413251903491,131,20.448369978626243,0.8298742422787857,0.22703318
TV,20,0.05,0.005623413251903491,132,20.122648133365768,0.8789628709797278,0.24363355
TV,20,0.05,0.005623413251903491,133,21.00071996579174,0.8141372356956348,0.23637554
TV,20,0.05,0.005623413251903491,134,18.90412459777092,0.7190503340430003,0.32546112
TV,20,0.05,0.005623413251903491,135,24.578162123964184,0.6677129287272692,0.20936744
TV,20,0.05,0.005623413251903491,136,20.03932749079955,0.7853864157179847,0.30487648
TV,20,0.05,0.005623413251903491,137,21.496164720382094,0.7198789153009468,0.2783613
TV,20,0.05,0.005623413251903491,138,17.84698528436676,0.74006837805202,0.3715439
TV,20,0.05,0.005623413251903491,139,18.84654184608807,0.7487751794069782,0.34576234
TV,20,0.05,0.005623413251903491,140,18.147690266342664,0.5592389405764685,0.5059154
TV,20,0.05,0.005623413251903491,141,19.71414197035283,0.6210761300243883,0.37595665
TV,20,0.05,0.005623413251903491,142,18.434010390443003,0.7723816359369469,0.3954212
TV,20,0.05,0.005623413251903491,143,23.077702589528496,0.6692891634177139,0.32092094
TV,20,0.05,0.005623413251903491,144,19.55123418838682,0.7088121410022963,0.3245481
TV,20,0.05,0.005623413251903491,145,21.729073632556304,0.5722353944308625,0.3793101
TV,20,0.05,0.005623413251903491,146,18.653466892244058,0.7992958424195324,0.31849134
TV,20,0.05,0.005623413251903491,147,19.41752855388689,0.8695345581778564,0.25915173
TV,20,0.05,0.005623413251903491,148,19.876324638267775,0.7452044742372395,0.3221114
TV,20,0.05,0.005623413251903491,149,17.827429797593766,0.6480922427582593,0.50769705
TV,20,0.05,0.005623413251903491,150,19.95880867110491,0.7582784410458335,0.3213403
TV,20,0.05,0.005623413251903491,151,17.937094837806125,0.80628336669323,0.35613078
TV,20,0.05,0.005623413251903491,152,19.346404072756076,0.6841216982421195,0.3782409
TV,20,0.05,0.005623413251903491,153,18.905978263021925,0.706224744242793,0.4076411
TV,20,0.05,0.005623413251903491,154,21.751297109606167,0.5507708965369678,0.40242508
TV,20,0.05,0.005623413251903491,155,20.77419383814067,0.8603089279533664,0.25291342
TV,20,0.05,0.005623413251903491,156,19.630082885372765,0.7734195439545207,0.3485831
TV,20,0.05,0.005623413251903491,157,19.39807965561223,0.762390357842438,0.33813858
TV,20,0.05,0.005623413251903491,158,20.71391497954995,0.7733631187872885,0.2929615
TV,20,0.05,0.005623413251903491,159,19.57608461554745,0.6150739385076791,0.42613146
TV,20,0.05,0.005623413251903491,160,20.53083548095449,0.8214629076667561,0.28694332
TV,20,0.05,0.005623413251903491,161,18.486485683574212,0.7985444105007062,0.36455554
TV,20,0.05,0.005623413251903491,162,20.242515506982166,0.8269370796951688,0.24773957
TV,20,0.05,0.005623413251903491,163,20.193065203138026,0.7892822025474623,0.26728472
TV,20,0.05,0.005623413251903491,164,17.896864336399236,0.6546911060125067,0.41550955
TV,20,0.05,0.005623413251903491,165,20.261534712526196,0.8300554868611237,0.26652148
TV,20,0.05,0.005623413251903491,166,18.02890717326637,0.7066940032022674,0.42487687
TV,20,0.05,0.005623413251903491,167,19.612815247920537,0.6973037613817483,0.38780573
TV,20,0.05,0.005623413251903491,168,24.527425758827647,0.5926034753114632,0.23995103
TV,20,0.05,0.005623413251903491,169,21.207983002064267,0.785971273848987,0.3066098
TV,20,0.05,0.005623413251903491,170,20.64480071638748,0.671794011809359,0.35715637
TV,20,0.05,0.005623413251903491,171,21.761236409196503,0.8060767367166614,0.21126294
TV,20,0.05,0.005623413251903491,172,18.272919221337602,0.8250789451778459,0.3322119
TV,20,0.05,0.005623413251903491,173,17.35173097639398,0.6747542158700526,0.4957974
TV,20,0.05,0.005623413251903491,174,19.503683716849793,0.7505071605016932,0.33694834
TV,20,0.05,0.005623413251903491,175,20.93850772321764,0.6364559394746157,0.53638136
TV,20,0.05,0.005623413251903491,176,22.410840691334826,0.4838586251466912,0.45026085
TV,20,0.05,0.005623413251903491,177,19.72969569823882,0.7694874958496941,0.309254
TV,20,0.05,0.005623413251903491,178,23.66202020699358,0.6277501043278632,0.27219948
TV,20,0.05,0.005623413251903491,179,19.229680168894163,0.7643616575428308,0.2894154
TV,20,0.05,0.005623413251903491,180,23.352635470271373,0.5805547350771294,0.30129352
TV,20,0.05,0.005623413251903491,181,19.52319229789916,0.7746315504970752,0.28919533
TV,20,0.05,0.005623413251903491,182,21.668563330077035,0.7608586125045029,0.29959428
TV,20,0.05,0.005623413251903491,183,18.80125405120371,0.8848560902959675,0.28007555
TV,20,0.05,0.005623413251903491,184,19.424313543186233,0.7317003362171337,0.33969918
TV,20,0.05,0.005623413251903491,185,19.254742254260407,0.732192639854144,0.35512415
TV,20,0.05,0.005623413251903491,186,20.898367420668738,0.8010657765471554,0.21551573
TV,20,0.05,0.005623413251903491,187,19.24851950544867,0.807128454127526,0.3183834
TV,20,0.05,0.005623413251903491,188,19.82468977352166,0.8658913910881547,0.25007316
TV,20,0.05,0.005623413251903491,189,21.553470888444547,0.6288680480215852,0.43961146
TV,20,0.05,0.005623413251903491,190,22.429137378691813,0.7569125313484996,0.24613054
TV,20,0.05,0.005623413251903491,191,22.50510354730832,0.5810300501752337,0.32126826
TV,20,0.05,0.005623413251903491,192,18.91040662111706,0.8024487470378637,0.32004434
TV,20,0.05,0.005623413251903491,193,18.63434980750783,0.7349376052633421,0.40476438
TV,20,0.05,0.005623413251903491,194,18.935797917206582,0.8253305694858027,0.31624845
TV,20,0.05,0.005623413251903491,195,18.975803435995033,0.5827605684522601,0.5396219
TV,20,0.05,0.005623413251903491,196,22.631894687850437,0.6191716787255223,0.25206918
TV,20,0.05,0.005623413251903491,197,19.401368154885887,0.7889038380273918,0.28400224
TV,20,0.05,0.005623413251903491,198,19.188279189641094,0.690315250923072,0.3907127
TV,20,0.05,0.005623413251903491,199,21.79600918110245,0.852604938917293,0.19601205
FBP,40,0.05,,0,18.508091650835187,0.5467861023154744,0.43222237
FBP,40,0.05,,1,17.583305436510077,0.6613625565263316,0.3751665
FBP,40,0.05,,2,18.912954677222608,0.3622325359390758,0.5726952
FBP,40,0.05,,3,17.28981731917019,0.7415877498922271,0.33573207
FBP,40,0.05,,4,18.17920718466123,0.6329694193278436,0.44126433
FBP,40,0.05,,5,18.588151922771708,0.399379903516152,0.48322973
FBP,40,0.05,,6,18.06749360754592,0.6389180879456892,0.42585713
FBP,40,0.05,,7,17.977531497230082,0.5387924246073649,0.423444
FBP,40,0.05,,8,18.29138711369891,0.710755205545204,0.3333091
FBP,40,0.05,,9,17.6933284229051,0.6431160819522406,0.3544797
FBP,40,0.05,,10,17.39432368466021,0.759482298038413,0.38232958
FBP,40,0.05,,11,17.293824436283543,0.713589940975855,0.4091873
FBP,40,0.05,,12,18.034559544133554,0.5665894444472174,0.40702125
FBP,40,0.05,,13,17.49942379084932,0.7326910106974177,0.37756878
FBP,40,0.05,,14,19.046598196272157,0.40933872059503307,0.40891954
FBP,40,0.05,,15,17.623346022864116,0.6917376204462113,0.44721675
FBP,40,0.05,,16,17.05470685496273,0.6174258797118981,0.45252064
FBP,40,0.05,,17,18.596033136279782,0.595314555236452,0.37671024
FBP,40,0.05,,18,18.07739087627964,0.7579584054289047,0.32026827
FBP,40,0.05,,19,18.63653875622503,0.5345519218230158,0.4642071
FBP,40,0.05,,20,18.20360697493384,0.5871168224508768,0.35397348
FBP,40,0.05,,21,18.78216486403287,0.6009712395588251,0.37728578
FBP,40,0.05,,22,17.987749006839135,0.6627653376774166,0.40292054
FBP,40,0.05,,23,18.16631126320224,0.609763766366898,0.4273781
FBP,40,0.05,,24,18.23108117843392,0.5277302378388352,0.5656252
FBP,40,0.05,,25,17.47400732637053,0.8518050646165016,0.27215388
FBP,40,0.05,,26,18.734018177482874,0.4946917000648562,0.469608
FBP,40,0.05,,27,18.630747475505384,0.6281209697339334,0.38321462
FBP,40,0.05,,28,18.31888877675014,0.7506083932321341,0.31211445
FBP,40,0.05,,29,18.715549851669373,0.38008201428764105,0.49704584
FBP,40,0.05,,30,17.74080918360641,0.5981023939870479,0.3955226
FBP,40,0.05,,31,18.881065081786616,0.3509490889119954,0.53589225
FBP,40,0.05,,32,18.22842030623913,0.6533113688888117,0.36556816
FBP,40,0.05,,33,17.777410474537444,0.6810839665390518,0.40489876
FBP,40,0.05,,34,18.09650198378251,0.631819097065436,0.3672287
FBP,40,0.05,,35,17.611315205561063,0.7958460421681939,0.37646168
FBP,40,0.05,,36,18.337355714879223,0.6226970585438804,0.39831227
FBP,40,0.05,,37,19.362844685727534,0.38271682591019734,0.43944967
FBP,40,0.05,,38,17.99623915666319,0.597576372564625,0.46132022
FBP,40,0.05,,39,19.35840889514689,0.43866361723587394,0.37816444
FBP,40,0.05,,40,18.743958090364874,0.29172431837939583,0.705656
FBP,40,0.05,,41,18.652639754410487,0.5440349685834444,0.448805
FBP,40,0.05,,42,18.61396379478964,0.6136081380688312,0.36571538
FBP,40,0.05,,43,18.135352432110945,0.5185803886446938,0.49230695
FBP,40,0.05,,44,18.849667579987056,0.5221023480364598,0.40372717
FBP,40,0.05,,45,17.874740521979483,0.6147088452498717,0.4593791
FBP,40,0.05,,46,18.260163447146883,0.4550062029559718,0.42042753
FBP,40,0.05,,47,17.626965253973562,0.5470907712328317,0.53009045
FBP,40,0.05,,48,18.127836574758074,0.7096945091404698,0.29531926
FBP,40,0.05,,49,17.646684575387606,0.6526718226341773,0.40909454
FBP,40,0.05,,50,18.689889284166007,0.5791734837290007,0.40279153
FBP,40,0.05,,51,17.964574367460788,0.7902105128686502,0.31066447
FBP,40,0.05,,52,17.99081313171178,0.6773419235375987,0.40721345
FBP,40,0.05,,53,17.284117818975407,0.6180161208343453,0.5477749
FBP,40,0.05,,54,17.557209859767934,0.7702011413122277,0.34912118
FBP,40,0.05,,55,18.01485587216898,0.6773821239140556,0.3642731
FBP,40,0.05,,56,17.898445266053656,0.6943964397441884,0.36625156
FBP,40,0.05,,57,18.905783680911608,0.3600233646577767,0.54888177
FBP,40,0.05,,58,18.32377377047693,0.635115493869713,0.36421883
FBP,40,0.05,,59,18.05903329163626,0.43344762470115705,0.58478206
FBP,40,0.05,,60,17.850334717533034,0.5531425117670168,0.37585652
FBP,40,0.05,,61,17.956763374733647,0.7154487247214641,0.3415836
FBP,40,0.05,,62,18.076691460985185,0.49095608783868516,0.5539819
FBP,40,0.05,,63,18.22516749818805,0.6184695632748252,0.4056926
FBP,40,0.05,,64,17.42329191367944,0.6993581941528082,0.3663344
FBP,40,0.05,,65,18.278739690250404,0.43632887830873107,0.53092074
FBP,40,0.05,,66,17.185752130664774,0.6910452506666588,0.44898942
FBP,40,0.05,,67,18.238663524740833,0.6397364059961517,0.408744
FBP,40,0.05,,68,18.19123346140314,0.6759561151571568,0.30570164
FBP,40,0.05,,69,17.618940247229922,0.7673605851726106,0.37674275
FBP,40,0.05,,70,17.393344517521236,0.566858705887975,0.4330268
FBP,40,0.05,,71,17.754026564395037,0.835865281714215,0.30205584
FBP,40,0.05,,72,17.278546379054134,0.7028394166073735,0.40435126
FBP,40,0.05,,73,18.509824830698808,0.6017757406651162,0.32684278
FBP,40,0.05,,74,19.17420759919666,0.3969016457700521,0.43275788
FBP,40,0.05,,75,18.155602256443025,0.58857378500253,0.3964633
FBP,40,0.05,,76,18.68514563661812,0.5789641192022226,0.43177456
FBP,40,0.05,,77,17.952726238695583,0.64424511800955,0.4730293
FBP,40,0.05,,78,18.702351443088162,0.505093698647794,0.39469478
FBP,40,0.05,,79,18.301667570848416,0.7133462541093973,0.28961825
FBP,40,0.05,,80,18.13978801864901,0.5231571391734539,0.4123832
FBP,40,0.05,,81,18.12082812126587,0.6383806623557914,0.36764237
FBP,40,0.05,,82,17.104644572318207,0.7221160536246617,0.3612324
FBP,40,0.05,,83,18.366808560989195,0.5214565231380378,0.44142425
FBP,40,0.05,,84,17.238916673276176,0.6941281516901804,0.4035997
FBP,40,0.05,,85,18.03782291144089,0.7309486666129765,0.31058085
FBP,40,0.05,,86,19.384189334143382,0.5789433044303509,0.3173173
FBP,40,0.05,,87,18.04148297470219,0.6635366818965759,0.3674345
FBP,40,0.05,,88,17.978429355229693,0.6633793351311171,0.3693397
FBP,40,0.05,,89,18.38371864963836,0.43431137930753366,0.44422144
FBP,40,0.05,,90,17.70725200827466,0.6597341176029583,0.39962697
FBP,40,0.05,,91,18.14887992002592,0.575885618964695,0.41195595
FBP,40,0.05,,92,17.126926444419574,0.46894476407730457,0.5987465
FBP,40,0.05,,93,18.62221176159926,0.6697500946263837,0.28977868
FBP,40,0.05,,94,18.89712341151235,0.47804485004172037,0.34954962
FBP,40,0.05,,95,17.865978371914796,0.7442480911239058,0.299055
FBP,40,0.05,,96,18.71797272279516,0.3827614983926673,0.5233248
FBP,40,0.05,,97,18.223745981945406,0.6277685198434513,0.3350978
FBP,40,0.05,,98,17.915910882742637,0.6346573300360441,0.41059807
FBP,40,0.05,,99,18.164784369991928,0.6745985315266942,0.33638346
FBP,40,0.05,,100,17.35503202562902,0.6037130643211234,0.5289301
FBP,40,0.05,,101,17.76071021974855,0.7315784839389861,0.39063695
FBP,40,0.05,,102,17.56588319359818,0.7115702194777223,0.39117664
FBP,40,0.05,,103,18.534378191270196,0.6641822665076402,0.362438
FBP,40,0.05,,104,18.378730941011863,0.6492381343417917,0.40188292
FBP,40,0.05,,105,18.070222942876118,0.5900330822200472,0.43375072
FBP,40,0.05,,106,17.62673899739039,0.790793187943218,0.38038376
FBP,40,0.05,,107,18.894948080472297,0.4264656156472273,0.47126627
FBP,40,0.05,,108,18.20317020673751,0.5463159286141903,0.39384818
FBP,40,0.05,,109,17.469510891840695,0.5941719094390908,0.4634783
FBP,40,0.05,,110,18.00823405284787,0.6498742364760688,0.36149436
FBP,40,0.05,,111,18.571745603197627,0.47064135011602076,0.4196539
FBP,40,0.05,,112,18.182099134721685,0.5116017795223666,0.4495783
FBP,40,0.05,,113,18.04251155212272,0.5463926939570108,0.3992355
FBP,40,0.05,,114,18.30795536854677,0.5129862191106966,0.43687487
FBP,40,0.05,,115,18.177715635251342,0.5108642205843713,0.46325365
FBP,40,0.05,,116,18.168188871254717,0.4733804381090026,0.49787793
FBP,40,0.05,,117,17.864259639401173,0.6337394041472504,0.3866488
FBP,40,0.05,,118,18.13804501863958,0.5322832323045302,0.48253104
FBP,40,0.05,,119,17.242533533443126,0.696714695007877,0.38596356
FBP,40,0.05,,120,17.589955852278333,0.7874773130965013,0.32805285
FBP,40,0.05,,121,18.715800251548153,0.6160711840755779,0.4041033
FBP,40,0.05,,122,18.866226527150246,0.43971470780242505,0.48441964
FBP,40,0.05,,123,17.45414124086563,0.6266690900533418,0.42202258
FBP,40,0.05,,124,18.319579024505845,0.5809152441872342,0.36894318
FBP,40,0.05,,125,17.879654520393004,0.5398753776974121,0.46039447
FBP,40,0.05,,126,17.539161545554705,0.7784096150072619,0.38296947
FBP,40,0.05,,127,18.73901136438459,0.6674959220110981,0.34396675
FBP,40,0.05,,128,17.793412465606956,0.7189515460838664,0.31388476
FBP,40,0.05,,129,17.867513660845212,0.6385220247204175,0.41857722
FBP,40,0.05,,130,18.10066113621367,0.6886116667080109,0.3180297
FBP,40,0.05,,131,17.797037671362908,0.7253523054364337,0.30807468
FBP,40,0.05,,132,17.604018552776942,0.7559309173606275,0.3255881
FBP,40,0.05,,133,18.330440140725088,0.7182912138677472,0.3214523
FBP,40,0.05,,134,17.85867644175444,0.6457552133519626,0.36708912
FBP,40,0.05,,135,18.849113392087105,0.42079584338822046,0.40491286
FBP,40,0.05,,136,18.04262067652864,0.6862282530433009,0.38367125
FBP,40,0.05,,137,19.084648567867838,0.4760653963124895,0.3674385
FBP,40,0.05,,138,17.83307390656828,0.6694616000852326,0.37213945
FBP,40,0.05,,139,18.526609411201342,0.6584231282857609,0.35873544
FBP,40,0.05,,140,17.63884757978073,0.4943982615880764,0.5364387
FBP,40,0.05,,141,19.155397745790353,0.5184182525138094,0.40093592
FBP,40,0.05,,142,17.417101265600078,0.6733380953886177,0.44453448
FBP,40,0.05,,143,18.64604921996292,0.3639085508809879,0.53454065
FBP,40,0.05,,144,18.747880584785534,0.6207099406985269,0.35599735
FBP,40,0.05,,145,18.902425586509576,0.3557724462687865,0.5252025
FBP,40,0.05,,146,17.987711310531697,0.6696712801635577,0.34386298
FBP,40,0.05,,147,17.923205216934896,0.7969221238795887,0.30780116
FBP,40,0.05,,148,18.356175174775075,0.6977740215618174,0.38371924
FBP,40,0.05,,149,17.68639902990494,0.553046006401943,0.5160077
FBP,40,0.05,,150,18.407329114926736,0.6243518987785514,0.38418388
FBP,40,0.05,,151,17.32237101525567,0.7455091771341606,0.3822484
FBP,40,0.05,,152,18.03187338351416,0.5795646395350514,0.4400429
FBP,40,0.05,,153,17.706855945378894,0.6256008323641351,0.4679873
FBP,40,0.05,,154,19.067274097108783,0.3457520790705996,0.54813325
FBP,40,0.05,,155,18.15147733909737,0.7022896948949269,0.34206426
FBP,40,0.05,,156,17.576251024330205,0.5485076056517928,0.44156834
FBP,40,0.05,,157,17.909241873244905,0.658078247383006,0.40136236
FBP,40,0.05,,158,18.649740380648232,0.6386354639212224,0.37155172
FBP,40,0.05,,159,18.436013974778657,0.4792680741191076,0.48590022
FBP,40,0.05,,160,17.91086054373972,0.5946961645178126,0.38796708
FBP,40,0.05,,161,17.466353898312576,0.682917510886669,0.4099872
FBP,40,0.05,,162,17.532068590766976,0.7432232456712806,0.33846807
FBP,40,0.05,,163,18.205599878611636,0.686734143125994,0.3360063
FBP,40,0.05,,164,18.125139999466672,0.5977125825013576,0.4047317
FBP,40,0.05,,165,18.259831556587606,0.7627614861078106,0.33559647
FBP,40,0.05,,166,17.391304507452002,0.6127533101424294,0.45723894
FBP,40,0.05,,167,17.858499941140572,0.5522530978925099,0.47460243
FBP,40,0.05,,168,19.302164633918387,0.4008660173134528,0.43791083
FBP,40,0.05,,169,17.702855530773245,0.5424221317939968,0.45903143
FBP,40,0.05,,170,18.424984664958686,0.5248267188775767,0.4611574
FBP,40,0.05,,171,17.743819582915293,0.6424955151213164,0.33550125
FBP,40,0.05,,172,17.28863979485492,0.7681015558634146,0.37207386
FBP,40,0.05,,173,17.05657395574229,0.6654981479125939,0.5129347
FBP,40,0.05,,174,17.90436934956154,0.6098681085258106,0.40506902
FBP,40,0.05,,175,18.698262636831398,0.35731612120212386,0.69420207
FBP,40,0.05,,176,19.3382540479047,0.3104376354276911,0.64134765
FBP,40,0.05,,177,17.551568957552497,0.5960164741765225,0.39739433
FBP,40,0.05,,178,19.242770490664334,0.38288817496348293,0.452741
FBP,40,0.05,,179,17.730161518600088,0.6614568032336822,0.34395176
FBP,40,0.05,,180,18.589177180328118,0.36640480115578206,0.52138996
FBP,40,0.05,,181,17.518857174320495,0.6505614792446323,0.3642571
FBP,40,0.05,,182,18.458502115063766,0.5189590942694744,0.4335474
FBP,40,0.05,,183,17.283094977432366,0.809594101942633,0.33356702
FBP,40,0.05,,184,18.774891646280263,0.6478610303955756,0.36607125
FBP,40,0.05,,185,18.178914039074403,0.6140268232083153,0.4019496
FBP,40,0.05,,186,17.771220010826813,0.7363300276905768,0.3089131
FBP,40,0.05,,187,17.413391986526143,0.7168192355643404,0.39328447
FBP,40,0.05,,188,17.48603117640107,0.77624157567839,0.32734072
FBP,40,0.05,,189,19.26488030269477,0.3490998694860311,0.572135
FBP,40,0.05,,190,19.098680644117746,0.48358471822551613,0.3611506
FBP,40,0.05,,191,19.18593093683809,0.40042268476316184,0.47078913
FBP,40,0.05,,192,17.70906998893947,0.7255763778855547,0.3675166
FBP,40,0.05,,193,17.64920210996243,0.5739631832046684,0.4533772
FBP,40,0.05,,194,17.935810486953624,0.7539232242868084,0.35483608
FBP,40,0.05,,195,18.006051290182896,0.4449116032157374,0.6033609
FBP,40,0.05,,196,18.50170962806231,0.42923480060015523,0.40553558
FBP,40,0.05,,197,17.93152623066614,0.6034365618798193,0.33636743
FBP,40,0.05,,198,18.386676974622326,0.5454708469833425,0.428487
FBP,40,0.05,,199,18.187292318853597,0.7187293124474654,0.29697415
Tikhonov,40,0.05,0.03162277660168379,0,18.476852865374823,0.542848238670017,0.43377966
Tikhonov,40,0.05,0.03162277660168379,1,17.404045777277723,0.6505492773652173,0.38298962
Tikhonov,40,0.05,0.03162277660168379,2,19.683748112790017,0.3635593965021347,0.52406347
Tikhonov,40,0.05,0.03162277660168379,3,17.32033746479995,0.7334836460197776,0.33455446
Tikhonov,40,0.05,0.03162277660168379,4,18.34548244019505,0.6293136226210535,0.43289748
Tikhonov,40,0.05,0.03162277660168379,5,18.972412619600572,0.3953686001042408,0.46231782
Tikhonov,40,0.05,0.03162277660168379,6,18.19417331645733,0.6352976851568419,0.41969126
Tikhonov,40,0.05,0.03162277660168379,7,18.3264941944063,0.536118222849611,0.406769
Tikhonov,40,0.05,0.03162277660168379,8,18.14949194585501,0.70174185627295,0.33879888
Tikhonov,40,0.05,0.03162277660168379,9,17.883345469872086,0.6406545127847344,0.34680912
Tikhonov,40,0.05,0.03162277660168379,10,17.172321424384805,0.7416869287488767,0.39222747
Tikhonov,40,0.05,0.03162277660168379,11,17.286369610590107,0.6998754840453391,0.4095386
Tikhonov,40,0.05,0.03162277660168379,12,18.097916239795964,0.5599801685008767,0.40406314
Tikhonov,40,0.05,0.03162277660168379,13,17.4568649898437,0.7259641524583721,0.37942335
Tikhonov,40,0.05,0.03162277660168379,14,19.380696062577382,0.40901177710986286,0.39348936
Tikhonov,40,0.05,0.03162277660168379,15,17.645506437861435,0.6843913815815044,0.4460772
Tikhonov,40,0.05,0.03162277660168379,16,17.24048829902112,0.6088745529712408,0.4429445
Tikhonov,40,0.05,0.03162277660168379,17,18.590735465702227,0.5910450684884179,0.37694007
Tikhonov,40,0.05,0.03162277660168379,18,17.620903812174774,0.7427897766205551,0.3375501
Tikhonov,40,0.05,0.03162277660168379,19,18.87592822883533,0.5332746939615285,0.4515879
Tikhonov,40,0.05,0.03162277660168379,20,18.2978516026674,0.5835191290633184,0.35015354
Tikhonov,40,0.05,0.03162277660168379,21,18.9346943174889,0.5996000474118743,0.37071827
Tikhonov,40,0.05,0.03162277660168379,22,17.900957534707246,0.653857553460489,0.40696684
Tikhonov,40,0.05,0.03162277660168379,23,18.075009955723203,0.6010159158440352,0.43189412
Tikhonov,40,0.05,0.03162277660168379,24,18.586615924200338,0.5211484142642157,0.54294026
Tikhonov,40,0.05,0.03162277660168379,25,17.208907190909052,0.8408794983637458,0.28058827
Tikhonov,40,0.05,0.03162277660168379,26,18.9109854072823,0.48816618022329966,0.46013704
Tikhonov,40,0.05,0.03162277660168379,27,18.727239455177866,0.6257130203072043,0.378981
Tikhonov,40,0.05,0.03162277660168379,28,17.923054170077645,0.7376338549685657,0.32666725
Tikhonov,40,0.05,0.03162277660168379,29,19.37163272300446,0.3802195112276264,0.46088466
Tikhonov,40,0.05,0.03162277660168379,30,17.883391684440333,0.594769336532634,0.3890829
Tikhonov,40,0.05,0.03162277660168379,31,19.40473676826082,0.3492972228898809,0.50453806
Tikhonov,40,0.05,0.03162277660168379,32,18.293424060038777,0.6497039423326092,0.36284253
Tikhonov,40,0.05,0.03162277660168379,33,17.8519667037897,0.6754306610606319,0.40143812
Tikhonov,40,0.05,0.03162277660168379,34,18.04714515462925,0.626753069092866,0.36932135
Tikhonov,40,0.05,0.03162277660168379,35,17.60380144367707,0.7870406863781862,0.37678748
Tikhonov,40,0.05,0.03162277660168379,36,18.382077855919814,0.6153953154893661,0.3962667
Tikhonov,40,0.05,0.03162277660168379,37,19.795481917844928,0.38005440122898176,0.41809726
Tikhonov,40,0.05,0.03162277660168379,38,18.025311168502366,0.5888400530790879,0.45977876
Tikhonov,40,0.05,0.03162277660168379,39,19.914549441046553,0.44054504388545,0.3547102
Tikhonov,40,0.05,0.03162277660168379,40,19.255288352312363,0.2860410984851851,0.6653138
Tikhonov,40,0.05,0.03162277660168379,41,18.893502812838314,0.5438823990869213,0.43653047
Tikhonov,40,0.05,0.03162277660168379,42,18.669073916908694,0.6098918347291875,0.36340237
Tikhonov,40,0.05,0.03162277660168379,43,18.45365748311832,0.5143435992171107,0.47459233
Tikhonov,40,0.05,0.03162277660168379,44,18.982194030508115,0.5181663929141311,0.39761397
Tikhonov,40,0.05,0.03162277660168379,45,17.950607112922462,0.6067402855327645,0.45538414
Tikhonov,40,0.05,0.03162277660168379,46,18.83933194751194,0.4547301351050904,0.39330792
Tikhonov,40,0.05,0.03162277660168379,47,17.705623396859604,0.5389315657883359,0.5253117
Tikhonov,40,0.05,0.03162277660168379,48,18.07032529844186,0.7037127470226732,0.29728112
Tikhonov,40,0.05,0.03162277660168379,49,17.58321987360607,0.6410089780860109,0.41209462
Tikhonov,40,0.05,0.03162277660168379,50,18.726747610596778,0.5715819200955924,0.4010859
Tikhonov,40,0.05,0.03162277660168379,51,17.683961860709772,0.779416153925396,0.3208649
Tikhonov,40,0.05,0.03162277660168379,52,17.886641163464173,0.6635269138260652,0.4121267
Tikhonov,40,0.05,0.03162277660168379,53,17.39154996711112,0.6064760176020421,0.5410414
Tikhonov,40,0.05,0.03162277660168379,54,17.252797889516,0.7556603915266854,0.36157367
Tikhonov,40,0.05,0.03162277660168379,55,17.981034627239143,0.6688906947121482,0.36569428
Tikhonov,40,0.05,0.03162277660168379,56,17.89805356524483,0.6878930529476575,0.3662681
Tikhonov,40,0.05,0.03162277660168379,57,19.412773880015823,0.35715862156338374,0.517761
Tikhonov,40,0.05,0.03162277660168379,58,18.400496366084077,0.6317707443179771,0.36101586
Tikhonov,40,0.05,0.03162277660168379,59,18.450009610168642,0.4264870697010909,0.55904305
Tikhonov,40,0.05,0.03162277660168379,60,17.75708336072755,0.5452050820234989,0.37991342
Tikhonov,40,0.05,0.03162277660168379,61,17.71584671955862,0.7033921028852986,0.35119057
Tikhonov,40,0.05,0.03162277660168379,62,18.590282592434296,0.4911029930029272,0.5221749
Tikhonov,40,0.05,0.03162277660168379,63,18.418650870098375,0.6130434415514354,0.3967555
Tikhonov,40,0.05,0.03162277660168379,64,17.435620143626384,0.6903536403741715,0.36581486
Tikhonov,40,0.05,0.03162277660168379,65,18.731293820196065,0.4336095705302721,0.5039669
Tikhonov,40,0.05,0.03162277660168379,66,17.09269771428562,0.6740016553486978,0.45382544
Tikhonov,40,0.05,0.03162277660168379,67,18.231866001899736,0.6351932853586348,0.409064
Tikhonov,40,0.05,0.03162277660168379,68,17.984811119375333,0.668680960896246,0.31305373
Tikhonov,40,0.05,0.03162277660168379,69,17.54632288877284,0.7574783482965013,0.37990567
Tikhonov,40,0.05,0.03162277660168379,70,17.533964062656782,0.5636692635680371,0.42607278
Tikhonov,40,0.05,0.03162277660168379,71,17.478949472443286,0.8240369558565257,0.31177488
Tikhonov,40,0.05,0.03162277660168379,72,17.2133709042186,0.695164449421077,0.40739676
Tikhonov,40,0.05,0.03162277660168379,73,18.702194378790676,0.5994502431027541,0.31968364
Tikhonov,40,0.05,0.03162277660168379,74,19.56936552478244,0.39444280767208156,0.41351107
Tikhonov,40,0.05,0.03162277660168379,75,18.21284598143631,0.5809358364434851,0.39385906
Tikhonov,40,0.05,0.03162277660168379,76,18.696589330977098,0.5751571648149012,0.43120605
Tikhonov,40,0.05,0.03162277660168379,77,18.12504464775676,0.6374625281848336,0.4637374
Tikhonov,40,0.05,0.03162277660168379,78,18.763144682356064,0.49924129208531576,0.3919419
Tikhonov,40,0.05,0.03162277660168379,79,18.14776549173513,0.7059827493506095,0.2947956
Tikhonov,40,0.05,0.03162277660168379,80,18.20117773624657,0.5167979104194236,0.4094788
Tikhonov,40,0.05,0.03162277660168379,81,18.325740359805593,0.633939654748427,0.3590707
Tikhonov,40,0.05,0.03162277660168379,82,17.09097772074582,0.7159935371528865,0.3618012
Tikhonov,40,0.05,0.03162277660168379,83,18.57878430281579,0.5191660047809916,0.43078187
Tikhonov,40,0.05,0.03162277660168379,84,17.19909560461292,0.6847221957517726,0.40545428
Tikhonov,40,0.05,0.03162277660168379,85,17.920793960215388,0.7243518237518108,0.31479377
Tikhonov,40,0.05,0.03162277660168379,86,19.545775954615454,0.5783923767013514,0.31146872
Tikhonov,40,0.05,0.03162277660168379,87,17.837923120128323,0.6528958636518829,0.37614727
Tikhonov,40,0.05,0.03162277660168379,88,18.016954952496345,0.6542283146630603,0.36770517
Tikhonov,40,0.05,0.03162277660168379,89,18.918670683779116,0.43444674300180924,0.4176879
Tikhonov,40,0.05,0.03162277660168379,90,17.63773040718856,0.6496198392532812,0.4028384
Tikhonov,40,0.05,0.03162277660168379,91,18.4151562772629,0.5736522370028648,0.39951855
Tikhonov,40,0.05,0.03162277660168379,92,17.610069472028517,0.47080731201721626,0.56635123
Tikhonov,40,0.05,0.03162277660168379,93,18.69618898925307,0.6662498122419823,0.28732115
Tikhonov,40,0.05,0.03162277660168379,94,19.180967126488856,0.47338591474262337,0.33831143
Tikhonov,40,0.05,0.03162277660168379,95,17.785295963365147,0.735457017935268,0.30184585
Tikhonov,40,0.05,0.03162277660168379,96,19.35020397953805,0.3800686473360724,0.48658612
Tikhonov,40,0.05,0.03162277660168379,97,18.302207851803114,0.6255907297542334,0.3320844
Tikhonov,40,0.05,0.03162277660168379,98,17.853600073595228,0.6269806631983158,0.41355422
Tikhonov,40,0.05,0.03162277660168379,99,18.10088950389547,0.6669505849641302,0.33886707
Tikhonov,40,0.05,0.03162277660168379,100,17.564845090939553,0.5911566117224726,0.5163066
Tikhonov,40,0.05,0.03162277660168379,101,17.753074087710978,0.7240400153911222,0.39098054
Tikhonov,40,0.05,0.03162277660168379,102,17.58858531454875,0.7034214953624948,0.39015555
Tikhonov,40,0.05,0.03162277660168379,103,18.600851686542583,0.6591721152437443,0.35967484
Tikhonov,40,0.05,0.03162277660168379,104,18.45852373821598,0.643093347038077,0.39820793
Tikhonov,40,0.05,0.03162277660168379,105,18.156339254945088,0.5806460325377185,0.42947152
Tikhonov,40,0.05,0.03162277660168379,106,17.38371486195909,0.7753632841824192,0.39117685
Tikhonov,40,0.05,0.03162277660168379,107,19.346314267184034,0.42714529166629245,0.44740212
Tikhonov,40,0.05,0.03162277660168379,108,18.357892958184493,0.5421308548478814,0.38689464
Tikhonov,40,0.05,0.03162277660168379,109,17.632579561048836,0.5896449119890732,0.45485815
Tikhonov,40,0.05,0.03162277660168379,110,17.934811419776327,0.6409600868843753,0.36456302
Tikhonov,40,0.05,0.03162277660168379,111,18.957213388570374,0.46769284602968514,0.40143743
Tikhonov,40,0.05,0.03162277660168379,112,18.392182828635374,0.5126487977946108,0.43883488
Tikhonov,40,0.05,0.03162277660168379,113,18.009162512277733,0.5372022283063866,0.40077126
Tikhonov,40,0.05,0.03162277660168379,114,18.532494536222597,0.5124527104191717,0.4257259
Tikhonov,40,0.05,0.03162277660168379,115,18.419076669698807,0.5045631953437182,0.4505581
Tikhonov,40,0.05,0.03162277660168379,116,18.58030074611648,0.4705936091245837,0.47480717
Tikhonov,40,0.05,0.03162277660168379,117,17.85877897535856,0.627507004326196,0.38689283
Tikhonov,40,0.05,0.03162277660168379,118,18.374985856322507,0.5288035739771252,0.4695461
Tikhonov,40,0.05,0.03162277660168379,119,17.218349821657476,0.6881341862182945,0.38703966
Tikhonov,40,0.05,0.03162277660168379,120,17.49824055068299,0.7810607920987686,0.33153513
Tikhonov,40,0.05,0.03162277660168379,121,18.83817296299478,0.6112706499926608,0.39844996
Tikhonov,40,0.05,0.03162277660168379,122,19.182462338667488,0.438969409322243,0.46710008
Tikhonov,40,0.05,0.03162277660168379,123,17.55701268409777,0.6172973229607552,0.41705382
Tikhonov,40,0.05,0.03162277660168379,124,18.34011393705337,0.575329456851175,0.368072
Tikhonov,40,0.05,0.03162277660168379,125,18.226669451994834,0.5355620728100916,0.44236353
Tikhonov,40,0.05,0.03162277660168379,126,17.666335181917773,0.7695297759285097,0.3774031
Tikhonov,40,0.05,0.03162277660168379,127,18.621799380808888,0.661295126867673,0.34863988
Tikhonov,40,0.05,0.03162277660168379,128,17.545824584832598,0.7087971912923053,0.32296064
Tikhonov,40,0.05,0.03162277660168379,129,17.883152339592286,0.6299900728591029,0.41782424
Tikhonov,40,0.05,0.03162277660168379,130,18.04874782853789,0.6827207837096985,0.3199362
Tikhonov,40,0.05,0.03162277660168379,131,17.696086638433023,0.7166082090808825,0.3116761
Tikhonov,40,0.05,0.03162277660168379,132,17.208672046592955,0.7434781589853184,0.34075
Tikhonov,40,0.05,0.03162277660168379,133,18.293108551609063,0.7126123225018152,0.32283688
Tikhonov,40,0.05,0.03162277660168379,134,17.774032633693245,0.6374225233443859,0.3706839
Tikhonov,40,0.05,0.03162277660168379,135,19.16244397556727,0.41675695648497696,0.39056656
Tikhonov,40,0.05,0.03162277660168379,136,17.810815368242373,0.6693178235759096,0.39404836
Tikhonov,40,0.05,0.03162277660168379,137,19.318244419853727,0.47455207867719124,0.3576884
Tikhonov,40,0.05,0.03162277660168379,138,17.86747485695685,0.6597356885485929,0.37066847
Tikhonov,40,0.05,0.03162277660168379,139,18.602999741956346,0.6548413463665196,0.3555943
Tikhonov,40,0.05,0.03162277660168379,140,18.150732900508977,0.4958609989444987,0.50573826
Tikhonov,40,0.05,0.03162277660168379,141,19.13364517252517,0.5144227419889432,0.40194127
Tikhonov,40,0.05,0.03162277660168379,142,17.510034967215155,0.6659921948436729,0.4398036
Tikhonov,40,0.05,0.03162277660168379,143,19.35274761659183,0.36428844412473177,0.49277177
Tikhonov,40,0.05,0.03162277660168379,144,18.49404277656111,0.6101447975817175,0.3665546
Tikhonov,40,0.05,0.03162277660168379,145,19.387270690367686,0.3542665367309112,0.496689
Tikhonov,40,0.05,0.03162277660168379,146,17.883826216506293,0.6611597053586382,0.34800035
Tikhonov,40,0.05,0.03162277660168379,147,17.66258475073983,0.7862165100879251,0.3171767
Tikhonov,40,0.05,0.03162277660168379,148,18.327869661588288,0.6888242565179128,0.38497174
Tikhonov,40,0.05,0.03162277660168379,149,17.701500959482523,0.5414929500014198,0.5151113
Tikhonov,40,0.05,0.03162277660168379,150,18.373807391420588,0.6181484506757013,0.38566947
Tikhonov,40,0.05,0.03162277660168379,151,17.216565538762513,0.7334775957105727,0.38693315
Tikhonov,40,0.05,0.03162277660168379,152,18.04716663776868,0.5696214163290579,0.4392688
Tikhonov,40,0.05,0.03162277660168379,153,17.748763372187398,0.620265079616263,0.46573484
Tikhonov,40,0.05,0.03162277660168379,154,19.693970777890378,0.34427444485096986,0.5099779
Tikhonov,40,0.05,0.03162277660168379,155,18.136055199534695,0.6962369190007525,0.34267217
Tikhonov,40,0.05,0.03162277660168379,156,17.60254641915649,0.5396472939731715,0.44023356
Tikhonov,40,0.05,0.03162277660168379,157,18.059255640939696,0.654110118785242,0.39448994
Tikhonov,40,0.05,0.03162277660168379,158,18.60554711909524,0.6346277375970121,0.373447
Tikhonov,40,0.05,0.03162277660168379,159,18.6197066934761,0.47457534766107534,0.47573212
Tikhonov,40,0.05,0.03162277660168379,160,17.937305895303638,0.5888412667155527,0.38678765
Tikhonov,40,0.05,0.03162277660168379,161,17.467805383574266,0.6734583433279729,0.40991867
Tikhonov,40,0.05,0.03162277660168379,162,17.35254828939999,0.7317765027263937,0.34553632
Tikhonov,40,0.05,0.03162277660168379,163,18.118970807874636,0.6819093820031863,0.3393742
Tikhonov,40,0.05,0.03162277660168379,164,18.390908024687057,0.5946707147823489,0.39253542
Tikhonov,40,0.05,0.03162277660168379,165,17.820789867925402,0.7477005218917673,0.35299575
Tikhonov,40,0.05,0.03162277660168379,166,17.504110308250425,0.6060647218204815,0.45133907
Tikhonov,40,0.05,0.03162277660168379,167,18.234366967034376,0.550388940552265,0.45450285
Tikhonov,40,0.05,0.03162277660168379,168,19.722750064590397,0.3992477417817678,0.41721165
Tikhonov,40,0.05,0.03162277660168379,169,18.09175965332443,0.5447064052066046,0.43893197
Tikhonov,40,0.05,0.03162277660168379,170,18.64769176286182,0.518621297718424,0.44948357
Tikhonov,40,0.05,0.03162277660168379,171,18.010196915902526,0.6424328933533932,0.32536834
Tikhonov,40,0.05,0.03162277660168379,172,17.139661525210624,0.7586292165989625,0.37851062
Tikhonov,40,0.05,0.03162277660168379,173,17.37777438162371,0.6629140109303869,0.494313
Tikhonov,40,0.05,0.03162277660168379,174,18.024490494279796,0.6024520726983189,0.3995057
Tikhonov,40,0.05,0.03162277660168379,175,19.405122317986173,0.35802307530846983,0.6399453
Tikhonov,40,0.05,0.03162277660168379,176,19.912738719442178,0.31136295293753175,0.60030127
Tikhonov,40,0.05,0.03162277660168379,177,17.511632928677336,0.5868062005387445,0.39922568
Tikhonov,40,0.05,0.03162277660168379,178,19.692533970813724,0.3793754975012242,0.42989424
Tikhonov,40,0.05,0.03162277660168379,179,17.47005083188587,0.6495905369421571,0.35440767
Tikhonov,40,0.05,0.03162277660168379,180,19.33640109755422,0.36553366312926466,0.47841135
Tikhonov,40,0.05,0.03162277660168379,181,17.641614907394054,0.6461174171504541,0.35914525
Tikhonov,40,0.05,0.03162277660168379,182,18.598775438508543,0.515142609099261,0.426602
Tikhonov,40,0.05,0.03162277660168379,183,16.767298284650074,0.7931522011856956,0.3539753
Tikhonov,40,0.05,0.03162277660168379,184,18.626589001246447,0.6399832494385648,0.37237516
Tikhonov,40,0.05,0.03162277660168379,185,18.175759171159378,0.6086255382012368,0.40209565
Tikhonov,40,0.05,0.03162277660168379,186,17.88874581197924,0.7292918756407925,0.30476147
Tikhonov,40,0.05,0.03162277660168379,187,17.26977997302396,0.7047282169757734,0.39984104
Tikhonov,40,0.05,0.03162277660168379,188,17.355882429650524,0.7654275244988467,0.33228248
Tikhonov,40,0.05,0.03162277660168379,189,20.11131272419042,0.3532796023545348,0.5190114
Tikhonov,40,0.05,0.03162277660168379,190,19.276848972390056,0.48269685880090535,0.35381803
Tikhonov,40,0.05,0.03162277660168379,191,19.623911612735718,0.3984218713801454,0.44763848
Tikhonov,40,0.05,0.03162277660168379,192,17.724954533759202,0.7193139337767146,0.36684513
Tikhonov,40,0.05,0.03162277660168379,193,17.887677618889334,0.5655577393130338,0.4410988
Tikhonov,40,0.05,0.03162277660168379,194,17.803324661193013,0.7444038009384074,0.36028987
Tikhonov,40,0.05,0.03162277660168379,195,18.574666402331225,0.44334984361266233,0.5651275
Tikhonov,40,0.05,0.03162277660168379,196,19.077474448300155,0.42934473243316884,0.3795253
Tikhonov,40,0.05,0.03162277660168379,197,17.751746191148264,0.5946342429213037,0.34340206
Tikhonov,40,0.05,0.03162277660168379,198,18.538920845221057,0.5419193756543408,0.42104208
Tikhonov,40,0.05,0.03162277660168379,199,18.262900642683416,0.7172011832272719,0.29440027
TV,40,0.05,0.005623413251903491,0,21.67901866292576,0.7169129164679715,0.30002734
TV,40,0.05,0.005623413251903491,1,20.44118256732421,0.7779598186631526,0.26997912
TV,40,0.05,0.005623413251903491,2,24.033125502853785,0.5998099648108906,0.31762525
TV,40,0.05,0.005623413251903491,3,21.340582359249467,0.8432567975068204,0.21059816
TV,40,0.05,0.005623413251903491,4,21.621182464840633,0.7778268003767003,0.29689306
TV,40,0.05,0.005623413251903491,5,23.919625564413018,0.5688399790616875,0.2615652
TV,40,0.05,0.005623413251903491,6,20.930283490465364,0.7597652145041814,0.30628407
TV,40,0.05,0.005623413251903491,7,22.083111095467885,0.7378039860112731,0.26394716
TV,40,0.05,0.005623413251903491,8,22.68148641619087,0.816306365615388,0.20106766
TV,40,0.05,0.005623413251903491,9,21.139056189805462,0.7633281689914605,0.23839931
TV,40,0.05,0.005623413251903491,10,20.28985978527583,0.8324199289772352,0.27394357
TV,40,0.05,0.005623413251903491,11,19.885899761941197,0.8016047698103107,0.30361158
TV,40,0.05,0.005623413251903491,12,21.672431842247185,0.7581379837298781,0.2677463
TV,40,0.05,0.005623413251903491,13,20.45506622756582,0.832765793611588,0.2686668
TV,40,0.05,0.005623413251903491,14,24.714987027946748,0.6220163471250186,0.21292096
TV,40,0.05,0.005623413251903491,15,19.83302743089121,0.8155510868176756,0.34676397
TV,40,0.05,0.005623413251903491,16,19.791144637007957,0.7487374536773913,0.33022997
TV,40,0.05,0.005623413251903491,17,22.9584478342067,0.7497705389199055,0.22797471
TV,40,0.05,0.005623413251903491,18,20.98292855554996,0.8446447404932754,0.22921182
TV,40,0.05,0.005623413251903491,19,21.894303130374084,0.7114684622126731,0.31902418
TV,40,0.05,0.005623413251903491,20,21.961347742543854,0.7404836778767592,0.22965911
TV,40,0.05,0.005623413251903491,21,23.311546312185424,0.8128418590842692,0.22397596
TV,40,0.05,0.005623413251903491,22,20.74599879482609,0.7719512038194567,0.29329655
TV,40,0.05,0.005623413251903491,23,21.088978542964934,0.7584748643735224,0.3052663
TV,40,0.05,0.005623413251903491,24,21.067821476217297,0.6620651353266059,0.40802968
TV,40,0.05,0.005623413251903491,25,21.163991552281235,0.9219553480155704,0.17795709
TV,40,0.05,0.005623413251903491,26,22.414132861001725,0.6529345895694799,0.30741835
TV,40,0.05,0.005623413251903491,27,22.60263576773464,0.7497616233034752,0.2425759
TV,40,0.05,0.005623413251903491,28,22.553961344289686,0.8531471541736367,0.1916727
TV,40,0.05,0.005623413251903491,29,24.525335082262632,0.5218778149559632,0.2546286
TV,40,0.05,0.005623413251903491,30,21.977284745999405,0.7844607227997593,0.24285525
TV,40,0.05,0.005623413251903491,31,24.28099444940081,0.5408978732687629,0.28779352
TV,40,0.05,0.005623413251903491,32,22.516927700687326,0.8042627809615421,0.22312233
TV,40,0.05,0.005623413251903491,33,21.104814919252103,0.7890959546510669,0.27604267
TV,40,0.05,0.005623413251903491,34,21.67939245957043,0.7676296904817809,0.24310398
TV,40,0.05,0.005623413251903491,35,20.822385916053218,0.8867348289378911,0.2601161
TV,40,0.05,0.005623413251903491,36,21.856638784681426,0.7521423905094978,0.26561925
TV,40,0.05,0.005623413251903491,37,25.449850365276305,0.5822117364511263,0.2180514
TV,40,0.05,0.005623413251903491,38,20.163463709111483,0.7244625512139163,0.35945234
TV,40,0.05,0.005623413251903491,39,25.65047956006943,0.6250783544233884,0.18326399
TV,40,0.05,0.005623413251903491,40,22.109988519211008,0.5511418265398315,0.4789514
TV,40,0.05,0.005623413251903491,41,21.57043443951752,0.6700129909036788,0.32075095
TV,40,0.05,0.005623413251903491,42,21.492210687789065,0.7358309034804605,0.2625614
TV,40,0.05,0.005623413251903491,43,21.213785449974473,0.6747101005051316,0.34539363
TV,40,0.05,0.005623413251903491,44,23.841718510643783,0.73189975313596,0.22724035
TV,40,0.05,0.005623413251903491,45,20.011196689297385,0.7431683826437296,0.35920998
TV,40,0.05,0.005623413251903491,46,23.972944662651038,0.6682613599652901,0.2177971
TV,40,0.05,0.005623413251903491,47,18.777912078302204,0.6667592097362427,0.46430424
TV,40,0.05,0.005623413251903491,48,22.33255151373037,0.8577856649298313,0.18199354
TV,40,0.05,0.005623413251903491,49,21.207601823334052,0.7806480195736974,0.271505
TV,40,0.05,0.005623413251903491,50,22.907206981872466,0.6991578836401939,0.24786454
TV,40,0.05,0.005623413251903491,51,21.94235393805346,0.894414939174875,0.19651812
TV,40,0.05,0.005623413251903491,52,20.785958522513717,0.7941627337805126,0.295165
TV,40,0.05,0.005623413251903491,53,18.753833831058873,0.6973781712653407,0.4625049
TV,40,0.05,0.005623413251903491,54,20.14176041468253,0.8629514278212854,0.25926787
TV,40,0.05,0.005623413251903491,55,21.477430974433368,0.7804269751010477,0.24451096
TV,40,0.05,0.005623413251903491,56,21.61254644019488,0.8236114936726829,0.23882206
TV,40,0.05,0.005623413251903491,57,23.822449540532602,0.5989282265005341,0.3116345
TV,40,0.05,0.005623413251903491,58,21.959831632723926,0.8173180066149158,0.2396401
TV,40,0.05,0.005623413251903491,59,21.433724731267397,0.6057759270934034,0.39651486
TV,40,0.05,0.005623413251903491,60,21.74232036084885,0.6958592472644138,0.24011694
TV,40,0.05,0.005623413251903491,61,21.499981988332053,0.8308856184863724,0.22716221
TV,40,0.05,0.005623413251903491,62,21.51439015360318,0.6380523324690082,0.37291566
TV,40,0.05,0.005623413251903491,63,22.413842393005204,0.7317674525759437,0.2504744
TV,40,0.05,0.005623413251903491,64,20.65310824615019,0.7895832575216875,0.25257298
TV,40,0.05,0.005623413251903491,65,21.418254132953415,0.6366797074149286,0.36987415
TV,40,0.05,0.005623413251903491,66,19.36544215710399,0.7760901664622313,0.34934264
TV,40,0.05,0.005623413251903491,67,21.057876037935536,0.804238292842734,0.2954546
TV,40,0.05,0.005623413251903491,68,21.888396072362006,0.8347579761319756,0.19972831
TV,40,0.05,0.005623413251903491,69,20.82660516512739,0.8602838827343273,0.2604124
TV,40,0.05,0.005623413251903491,70,20.955439551318804,0.7318175823412343,0.2873492
TV,40,0.05,0.005623413251903491,71,21.194582767521556,0.9238710421453084,0.2032635
TV,40,0.05,0.005623413251903491,72,20.01045838502757,0.7906736635895492,0.29523185
TV,40,0.05,0.005623413251903491,73,22.81325036836575,0.7561694974241363,0.19914418
TV,40,0.05,0.005623413251903491,74,24.577618962119217,0.601452653323231,0.23231348
TV,40,0.05,0.005623413251903491,75,21.702609175213826,0.7276879767386997,0.2635437
TV,40,0.05,0.005623413251903491,76,21.68622518746897,0.7855589387722868,0.30563498
TV,40,0.05,0.005623413251903491,77,21.33097934449612,0.7609590081813599,0.32060876
TV,40,0.05,0.005623413251903491,78,22.363507936057253,0.6871006140824069,0.2589426
TV,40,0.05,0.005623413251903491,79,23.067846026928635,0.8269999685508684,0.1673081
TV,40,0.05,0.005623413251903491,80,22.595321188904244,0.6729660174224433,0.24690181
TV,40,0.05,0.005623413251903491,81,21.945641632881788,0.782993342223277,0.23669271
TV,40,0.05,0.005623413251903491,82,21.37245332489963,0.8221449767477995,0.22100201
TV,40,0.05,0.005623413251903491,83,22.49793554026782,0.688043068059189,0.27434677
TV,40,0.05,0.005623413251903491,84,19.56145184868143,0.7742837097049375,0.30890438
TV,40,0.05,0.005623413251903491,85,21.888219181499167,0.8363294288735406,0.19936775
TV,40,0.05,0.005623413251903491,86,25.251468529250175,0.7740481517331537,0.1614841
TV,40,0.05,0.005623413251903491,87,20.663797475354478,0.764995317605963,0.27168408
TV,40,0.05,0.005623413251903491,88,21.129356840607358,0.7670535852513006,0.25696832
TV,40,0.05,0.005623413251903491,89,22.835699983716804,0.6851887429125361,0.26607275
TV,40,0.05,0.005623413251903491,90,20.70779902746193,0.8166406185189186,0.28289643
TV,40,0.05,0.005623413251903491,91,21.30440780598925,0.7275543094897443,0.28646687
TV,40,0.05,0.005623413251903491,92,19.46828806441941,0.5928323891837427,0.45727235
TV,40,0.05,0.005623413251903491,93,23.24748437810346,0.8314357802025543,0.17013858
TV,40,0.05,0.005623413251903491,94,25.381317886324176,0.6512948014073012,0.16569108
TV,40,0.05,0.005623413251903491,95,21.85528998580907,0.8494703276814077,0.1889233
TV,40,0.05,0.005623413251903491,96,23.989910297835895,0.5894062716190603,0.28521636
TV,40,0.05,0.005623413251903491,97,23.019853681681333,0.78096706593363,0.19291507
TV,40,0.05,0.005623413251903491,98,20.493193642570073,0.7907543126108848,0.30517766
TV,40,0.05,0.005623413251903491,99,22.575868674947262,0.7945160852891416,0.20243257
TV,40,0.05,0.005623413251903491,100,19.069312783570194,0.6826111846564968,0.43419445
TV,40,0.05,0.005623413251903491,101,20.798481082649538,0.8459795057227112,0.27534983
TV,40,0.05,0.005623413251903491,102,20.738409356885544,0.831433210037033,0.27148548
TV,40,0.05,0.005623413251903491,103,22.66291784913339,0.7888393108502092,0.22532362
TV,40,0.05,0.005623413251903491,104,22.349400911602576,0.7938414625477138,0.25442865
TV,40,0.05,0.005623413251903491,105,21.473250501788904,0.7252581369204923,0.29314926
TV,40,0.05,0.005623413251903491,106,20.052766454992938,0.8716378389773044,0.2876872
TV,40,0.05,0.005623413251903491,107,24.441555013606006,0.6249726030452192,0.24884906
TV,40,0.05,0.005623413251903491,108,21.791397289558798,0.6919787941916176,0.26056585
TV,40,0.05,0.005623413251903491,109,19.530058477991464,0.7456375811833981,0.3655965
TV,40,0.05,0.005623413251903491,110,21.21737692304462,0.7642155187358418,0.24982986
TV,40,0.05,0.005623413251903491,111,24.282295243692772,0.6841151549996547,0.21745218
TV,40,0.05,0.005623413251903491,112,21.803929838582995,0.7183943732453064,0.2962878
TV,40,0.05,0.005623413251903491,113,21.248305261094597,0.683660455386747,0.2760193
TV,40,0.05,0.005623413251903491,114,22.106485468122635,0.6659485737462182,0.2821178
TV,40,0.05,0.005623413251903491,115,21.30130636860519,0.6645892877304881,0.32332504
TV,40,0.05,0.005623413251903491,116,21.638050333544697,0.6538673880440761,0.3339103
TV,40,0.05,0.005623413251903491,117,21.36216881942166,0.7633008570833639,0.2584766
TV,40,0.05,0.005623413251903491,118,21.325867147577252,0.7093213622165798,0.3342983
TV,40,0.05,0.005623413251903491,119,20.143527277901107,0.7979537617676884,0.27637365
TV,40,0.05,0.005623413251903491,120,20.959453276383883,0.8804014855764868,0.22257118
TV,40,0.05,0.005623413251903491,121,22.561752279402228,0.8185344456929775,0.25953433
TV,40,0.05,0.005623413251903491,122,23.483974241831582,0.6262273837635217,0.2846652
TV,40,0.05,0.005623413251903491,123,20.323323371393172,0.734005910756205,0.3033029
TV,40,0.05,0.005623413251903491,124,21.858054857182914,0.7467233950603168,0.24549109
TV,40,0.05,0.005623413251903491,125,20.857043235384886,0.6978331919343881,0.3267839
TV,40,0.05,0.005623413251903491,126,20.65484012524948,0.8637928413958404,0.26753476
TV,40,0.05,0.005623413251903491,127,22.700529161784647,0.7824864431538365,0.21799201
TV,40,0.05,0.005623413251903491,128,20.89092347432132,0.8212238441121357,0.2197327
TV,40,0.05,0.005623413251903491,129,20.820296052448978,0.7757157133276428,0.29794526
TV,40,0.05,0.005623413251903491,130,21.09210739822082,0.8158563797146636,0.22536963
TV,40,0.05,0.005623413251903491,131,21.832971723336428,0.837912248085784,0.19357948
TV,40,0.05,0.005623413251903491,132,21.189807427763967,0.8499687925820077,0.21546619
TV,40,0.05,0.005623413251903491,133,22.643588706445904,0.8387541113082658,0.19564067
TV,40,0.05,0.005623413251903491,134,20.94088955860026,0.7696571912123891,0.257431
TV,40,0.05,0.005623413251903491,135,25.225785683126688,0.6130912544952383,0.19432469
TV,40,0.05,0.005623413251903491,136,21.429530824775554,0.7682675740196685,0.25978482
TV,40,0.05,0.005623413251903491,137,25.13564789757932,0.6859448008577932,0.18307738
TV,40,0.05,0.005623413251903491,138,21.231514047530133,0.7969042814090417,0.25164235
TV,40,0.05,0.005623413251903491,139,22.549803983465637,0.7977630685291384,0.22574314
TV,40,0.05,0.005623413251903491,140,20.34734526782301,0.6545105519096467,0.392731
TV,40,0.05,0.005623413251903491,141,22.816505773665824,0.6749035939112429,0.26303867
TV,40,0.05,0.005623413251903491,142,20.211099808834824,0.8212219616109582,0.32225934
TV,40,0.05,0.005623413251903491,143,24.38699024198847,0.6266346722283239,0.27601564
TV,40,0.05,0.005623413251903491,144,22.74593904272574,0.7747828164099415,0.22466937
TV,40,0.05,0.005623413251903491,145,24.16166046089326,0.5680794458767046,0.28665864
TV,40,0.05,0.005623413251903491,146,21.48863626390892,0.7647735332177321,0.22979426
TV,40,0.05,0.005623413251903491,147,21.183761582558564,0.8810943414818896,0.21146691
TV,40,0.05,0.005623413251903491,148,21.529587048778897,0.8640207845086524,0.26628274
TV,40,0.05,0.005623413251903491,149,19.62152964209944,0.6664438891024445,0.41295207
TV,40,0.05,0.005623413251903491,150,22.067948120548134,0.7840005922658476,0.25206247
TV,40,0.05,0.005623413251903491,151,19.325094217592888,0.8633601939775173,0.30353552
TV,40,0.05,0.005623413251903491,152,21.23666835922455,0.6949274527670984,0.3042673
TV,40,0.05,0.005623413251903491,153,20.028453384753163,0.726400803439781,0.35822362
TV,40,0.05,0.005623413251903491,154,24.73261387700177,0.5986675428234287,0.2855086
TV,40,0.05,0.005623413251903491,155,21.859164507143667,0.8036396355629891,0.22321497
TV,40,0.05,0.005623413251903491,156,20.646857374669416,0.7015864015960959,0.3100756
TV,40,0.05,0.005623413251903491,157,21.497698489239063,0.7932339002155075,0.2655301
TV,40,0.05,0.005623413251903491,158,22.996281381081573,0.7898037939155398,0.22526424
TV,40,0.05,0.005623413251903491,159,21.272053300700705,0.7160966372509942,0.3505461
TV,40,0.05,0.005623413251903491,160,21.75206543429883,0.7244231949391012,0.2493071
TV,40,0.05,0.005623413251903491,161,19.658436078954985,0.7829267636310956,0.31854162
TV,40,0.05,0.005623413251903491,162,21.111705340961002,0.8361865989209638,0.22414851
TV,40,0.05,0.005623413251903491,163,22.49871585449806,0.8119890501430213,0.20497061
TV,40,0.05,0.005623413251903491,164,21.599326562405672,0.7297323189314054,0.27130508
TV,40,0.05,0.005623413251903491,165,21.50949353699656,0.8471938658559557,0.23085234
TV,40,0.05,0.005623413251903491,166,19.5791910777254,0.742547450425519,0.35542575
TV,40,0.05,0.005623413251903491,167,21.135413618390903,0.7066565656665066,0.32545
TV,40,0.05,0.005623413251903491,168,24.76248070683131,0.6314121355217966,0.23354462
TV,40,0.05,0.005623413251903491,169,21.435917686105974,0.6713609947411205,0.2986684
TV,40,0.05,0.005623413251903491,170,22.034073167661575,0.6732138909922898,0.304365
TV,40,0.05,0.005623413251903491,171,22.978512418612734,0.7798720383189218,0.18363671
TV,40,0.05,0.005623413251903491,172,20.6634740729298,0.8593277615641267,0.2522827
TV,40,0.05,0.005623413251903491,173,19.680512876591433,0.7712951787123995,0.37919724
TV,40,0.05,0.005623413251903491,174,21.15497568411818,0.7341291702637249,0.2786113
TV,40,0.05,0.005623413251903491,175,21.786210524692052,0.576415456454308,0.48650634
TV,40,0.05,0.005623413251903491,176,23.082841236208825,0.5485121247633784,0.416739
TV,40,0.05,0.005623413251903491,177,20.700470822517488,0.7519533009718611,0.27655184
TV,40,0.05,0.005623413251903491,178,26.708113304760886,0.664513615206315,0.19168258
TV,40,0.05,0.005623413251903491,179,20.96279185450856,0.7652790320494544,0.23706423
TV,40,0.05,0.005623413251903491,180,24.77030404775812,0.5641737412738282,0.25592127
TV,40,0.05,0.005623413251903491,181,20.96032795289332,0.7927956727799028,0.24509503
TV,40,0.05,0.005623413251903491,182,21.977838270538136,0.7482036254907504,0.28911442
TV,40,0.05,0.005623413251903491,183,20.516439758623367,0.9018006417476996,0.22988778
TV,40,0.05,0.005623413251903491,184,21.61292543378622,0.8268064875540532,0.26403648
TV,40,0.05,0.005623413251903491,185,21.41334428653877,0.7973827598308606,0.2769811
TV,40,0.05,0.005623413251903491,186,21.77361275009016,0.840809620599347,0.19485733
TV,40,0.05,0.005623413251903491,187,20.734913083843885,0.8139897487318712,0.26830623
TV,40,0.05,0.005623413251903491,188,21.397204419428114,0.8528270833810007,0.20866103
TV,40,0.05,0.005623413251903491,189,25.346940031414373,0.636175086267662,0.2840505
TV,40,0.05,0.005623413251903491,190,23.92075000615972,0.7733574385604675,0.20729312
TV,40,0.05,0.005623413251903491,191,24.09263623855876,0.6658305840043366,0.2676031
TV,40,0.05,0.005623413251903491,192,21.283478404895465,0.8681882372787915,0.24353231
TV,40,0.05,0.005623413251903491,193,19.663281072092772,0.6913933849100732,0.35954705
TV,40,0.05,0.005623413251903491,194,21.406997319637657,0.8347623917304965,0.23794052
TV,40,0.05,0.005623413251903491,195,20.885203530859652,0.6516246113037183,0.43313128
TV,40,0.05,0.005623413251903491,196,24.020214810489833,0.6071286920981467,0.21483433
TV,40,0.05,0.005623413251903491,197,21.27197928456267,0.7608035780424022,0.2289767
TV,40,0.05,0.005623413251903491,198,22.639802285942917,0.7180518369490573,0.26259196
TV,40,0.05,0.005623413251903491,199,23.02952258380489,0.8329709222355535,0.17006192
FBP,90,0.05,,0,20.761455097557096,0.595814248887545,0.3334564
FBP,90,0.05,,1,20.87931002028039,0.710469938656854,0.2566988
FBP,90,0.05,,2,21.34269374573104,0.3927809582919283,0.43294883
FBP,90,0.05,,3,20.476698954326352,0.7935899261111963,0.23262092
FBP,90,0.05,,4,20.165334892058077,0.6735720410197396,0.35106897
FBP,90,0.05,,5,21.86290734032471,0.4391607743358886,0.33144838
FBP,90,0.05,,6,20.435821336736456,0.6877958384248205,0.32422578
FBP,90,0.05,,7,20.587067090129704,0.577612683183729,0.31355897
FBP,90,0.05,,8,21.27741370860519,0.7720090833103884,0.23634472
FBP,90,0.05,,9,20.46377385135179,0.6931038093964823,0.2576731
FBP,90,0.05,,10,19.92509508279986,0.8117585812381677,0.2856928
FBP,90,0.05,,11,19.885815093079607,0.7729550317509007,0.30361453
FBP,90,0.05,,12,20.39986563435676,0.6144743124417545,0.3099929
FBP,90,0.05,,13,20.362079024977277,0.7929882407688713,0.27155846
FBP,90,0.05,,14,21.64098446236212,0.4389293095624182,0.30333224
FBP,90,0.05,,15,19.12443249099924,0.7183615483765967,0.37623894
FBP,90,0.05,,16,20.28995532947104,0.6810316305534437,0.3117999
FBP,90,0.05,,17,20.87234928593816,0.632502660274598,0.28986225
FBP,90,0.05,,18,20.04344613915054,0.795936843650685,0.25539425
FBP,90,0.05,,19,20.468683175863376,0.5780507577583194,0.37592793
FBP,90,0.05,,20,20.76631284038855,0.6376552158612604,0.26353326
FBP,90,0.05,,21,21.369053220932038,0.6480817776433123,0.28010833
FBP,90,0.05,,22,20.38321547784892,0.7212594368924148,0.30580604
FBP,90,0.05,,23,20.24492341544709,0.6546206853019597,0.33641988
FBP,90,0.05,,24,20.61317490545914,0.5760149616615323,0.42995608
FBP,90,0.05,,25,20.13906646406207,0.8914755012210812,0.20024495
FBP,90,0.05,,26,21.041903824326617,0.5350918082543457,0.3600321
FBP,90,0.05,,27,20.706511160290994,0.6693817785486949,0.3017546
FBP,90,0.05,,28,20.25164990048035,0.7809564440082066,0.24984798
FBP,90,0.05,,29,21.6640169947955,0.4096458373006341,0.35397542
FBP,90,0.05,,30,20.279895994826166,0.6563994721345957,0.2952684
FBP,90,0.05,,31,22.12432136415228,0.39315538658002347,0.36890513
FBP,90,0.05,,32,20.0146771158743,0.6850730856439899,0.2976155
FBP,90,0.05,,33,20.74876084192716,0.7342355763645504,0.2875934
FBP,90,0.05,,34,21.041681291205144,0.6923033285728263,0.26162404
FBP,90,0.05,,35,19.949346128817915,0.8474294467721412,0.2876201
FBP,90,0.05,,36,20.273166573248616,0.658283430515319,0.3187375
FBP,90,0.05,,37,21.952275646870923,0.4062581882761091,0.3261652
FBP,90,0.05,,38,20.525250457472488,0.6630173898609893,0.34478784
FBP,90,0.05,,39,21.95064678995811,0.4706171475031436,0.28058782
FBP,90,0.05,,40,21.300961055992143,0.3277921847083167,0.52570593
FBP,90,0.05,,41,20.728742897289067,0.5887544832667644,0.3533886
FBP,90,0.05,,42,20.80994839813911,0.6623973000846604,0.28401682
FBP,90,0.05,,43,20.695820061322717,0.5636620918127192,0.36661702
FBP,90,0.05,,44,21.206701940649108,0.5591741438295061,0.30777708
FBP,90,0.05,,45,20.314620057860616,0.6779547591630201,0.3468784
FBP,90,0.05,,46,21.688156144250964,0.49130183634201974,0.2833293
FBP,90,0.05,,47,19.580817235948164,0.6128848881531922,0.42330888
FBP,90,0.05,,48,20.577471785736677,0.7532406763215973,0.22274603
FBP,90,0.05,,49,20.768122353535325,0.7172746568081674,0.2855958
FBP,90,0.05,,50,20.510175044147342,0.6108418611592175,0.3266375
FBP,90,0.05,,51,20.276077920755124,0.8341788922278749,0.23807645
FBP,90,0.05,,52,19.39367823057743,0.7081346503653263,0.34648058
FBP,90,0.05,,53,19.059640972680278,0.6883194683002277,0.44650462
FBP,90,0.05,,54,19.904187280634506,0.8091472589539764,0.2664571
FBP,90,0.05,,55,20.820651212162176,0.7183806092020371,0.26371652
FBP,90,0.05,,56,20.674281535402706,0.7488675216570774,0.26606497
FBP,90,0.05,,57,21.30708302184336,0.38434592988399774,0.41630718
FBP,90,0.05,,58,20.197949570076243,0.673728454879231,0.29353076
FBP,90,0.05,,59,21.062416297836045,0.49909479627366493,0.4138328
FBP,90,0.05,,60,20.354865505834724,0.5846091865389684,0.28170562
FBP,90,0.05,,61,20.621753052077153,0.7648382395763751,0.25133187
FBP,90,0.05,,62,20.499101005733763,0.5398893215374113,0.41915542
FBP,90,0.05,,63,20.505143491763032,0.6609997765578652,0.31203142
FBP,90,0.05,,64,20.182586967903728,0.7580959802187502,0.26663244
FBP,90,0.05,,65,21.078649040029198,0.48247215895882756,0.3846221
FBP,90,0.05,,66,19.778953665564206,0.7503739054053098,0.33310106
FBP,90,0.05,,67,19.895471859049895,0.6721204342243593,0.33776215
FBP,90,0.05,,68,20.636601463492763,0.7224337270267862,0.23069032
FBP,90,0.05,,69,20.112519738717424,0.8172250301327002,0.2827261
FBP,90,0.05,,70,20.903107457384245,0.6319536821217245,0.2890857
FBP,90,0.05,,71,20.12842696483951,0.8734501921898908,0.22980909
FBP,90,0.05,,72,20.140073569229454,0.7665722741195086,0.29085895
FBP,90,0.05,,73,21.31212364696916,0.6468131884524584,0.23671402
FBP,90,0.05,,74,22.389971843204655,0.4324021346103169,0.2988524
FBP,90,0.05,,75,20.586581821771723,0.6333138868419553,0.2996774
FBP,90,0.05,,76,20.15714875570215,0.6145244546471287,0.3644659
FBP,90,0.05,,77,20.480787579555475,0.6903735756275652,0.3535778
FBP,90,0.05,,78,20.812731312050225,0.5376259307992791,0.30955824
FBP,90,0.05,,79,20.55034793947665,0.7551452582461513,0.22355887
FBP,90,0.05,,80,20.947286005745134,0.5624868248652836,0.29848745
FBP,90,0.05,,81,20.58224510320344,0.6810356603650576,0.27692026
FBP,90,0.05,,82,20.157478697157863,0.7914397924212924,0.2541821
FBP,90,0.05,,83,21.470124516362805,0.5715770678852554,0.30880934
FBP,90,0.05,,84,19.627791324208275,0.7465354690572616,0.30655408
FBP,90,0.05,,85,21.157051370440282,0.7896903302897661,0.2168769
FBP,90,0.05,,86,21.196397306056937,0.6120238677052058,0.2575629
FBP,90,0.05,,87,20.585331413912527,0.7132505074697585,0.2741495
FBP,90,0.05,,88,20.075375753981675,0.6975780799470203,0.2901207
FBP,90,0.05,,89,21.833957116440587,0.47852046288980926,0.2985985
FBP,90,0.05,,90,20.70497010782652,0.7294898156330667,0.28298858
FBP,90,0.05,,91,20.784720148753834,0.6295187233904884,0.30412966
FBP,90,0.05,,92,19.734378953955925,0.5488286305272814,0.4434763
FBP,90,0.05,,93,20.517157950396513,0.694376496384536,0.23298025
FBP,90,0.05,,94,20.92151496466024,0.4993873912093522,0.27687854
FBP,90,0.05,,95,20.808480547955437,0.7959018959192374,0.21312085
FBP,90,0.05,,96,21.64268924563853,0.41860248379251525,0.37371063
FBP,90,0.05,,97,20.828063228762037,0.6680651075073926,0.24828799
FBP,90,0.05,,98,20.816783281902474,0.693431342005237,0.29401758
FBP,90,0.05,,99,21.083040155384015,0.7248986108230489,0.240393
FBP,90,0.05,,100,19.4917022379022,0.6579172062679879,0.41358504
FBP,90,0.05,,101,20.45868706788537,0.7884076682943081,0.28633505
FBP,90,0.05,,102,20.023837437522065,0.7644136303608606,0.2947645
FBP,90,0.05,,103,20.831785005658947,0.7056291380267944,0.278204
FBP,90,0.05,,104,20.546355195437368,0.6871554132513432,0.31312543
FBP,90,0.05,,105,20.738118691594757,0.6397037072057166,0.31904018
FBP,90,0.05,,106,19.773086437232426,0.8481238002904252,0.29710132
FBP,90,0.05,,107,22.1723138258809,0.46771548369376004,0.32314545
FBP,90,0.05,,108,20.997272920273076,0.5906625497972685,0.28551158
FBP,90,0.05,,109,19.686783097643687,0.6381244163244408,0.35905898
FBP,90,0.05,,110,19.91331410959526,0.6910153939619599,0.29030028
FBP,90,0.05,,111,21.479372683708746,0.5109608061303778,0.3002686
FBP,90,0.05,,112,20.82570094338863,0.5702285496460289,0.33160818
FBP,90,0.05,,113,20.99500226788991,0.6050131606295982,0.28418726
FBP,90,0.05,,114,21.131127516394134,0.5662528953105135,0.31564465
FBP,90,0.05,,115,21.252281994620624,0.56206256018813,0.32515508
FBP,90,0.05,,116,20.828417530887325,0.5163411717026779,0.3665316
FBP,90,0.05,,117,20.322717369750908,0.6834386702033322,0.29133576
FBP,90,0.05,,118,19.83205525243689,0.5620803861577672,0.3970313
FBP,90,0.05,,119,20.108363592739384,0.7577606053707336,0.2774948
FBP,90,0.05,,120,20.14358225214451,0.8320118150027269,0.24449079
FBP,90,0.05,,121,20.346381856310227,0.6382515591825166,0.33493719
FBP,90,0.05,,122,21.43647764724831,0.47844379103919565,0.3603373
FBP,90,0.05,,123,20.30334380101623,0.6859972817921426,0.3040014
FBP,90,0.05,,124,20.789120597621995,0.6212775214423217,0.27764025
FBP,90,0.05,,125,20.422536708525012,0.5839873587891597,0.3435468
FBP,90,0.05,,126,20.05183538957708,0.8201713819693667,0.28676784
FBP,90,0.05,,127,20.639873631698546,0.6956063420617614,0.27635884
FBP,90,0.05,,128,20.815498566766646,0.7790252009449019,0.22164907
FBP,90,0.05,,129,20.242208031255785,0.6844410948861345,0.31844974
FBP,90,0.05,,130,20.409465801430446,0.7294307508167218,0.2437965
FBP,90,0.05,,131,20.55906766774022,0.7781683838885847,0.22415812
FBP,90,0.05,,132,19.72173835719033,0.7995058329167876,0.25514236
FBP,90,0.05,,133,20.86716340616874,0.7577548616696611,0.2400382
FBP,90,0.05,,134,20.330974328171703,0.6948981694396092,0.27615738
FBP,90,0.05,,135,21.964591439846266,0.4465386978906679,0.28287053
FBP,90,0.05,,136,20.41851474027795,0.7255420170999556,0.29185325
FBP,90,0.05,,137,20.966249493059223,0.4973981027738653,0.2958725
FBP,90,0.05,,138,21.092500812048215,0.7169033154404592,0.25570214
FBP,90,0.05,,139,20.840602770947314,0.7023642672079592,0.27483666
FBP,90,0.05,,140,20.23775215008755,0.5513303618029545,0.39771762
FBP,90,0.05,,141,20.956882207375674,0.5462574611229376,0.32583725
FBP,90,0.05,,142,20.001972160674843,0.7279437395055155,0.33011243
FBP,90,0.05,,143,21.924580663964704,0.40449980981378575,0.36648327
FBP,90,0.05,,144,20.467081904190167,0.6605481224044126,0.29206982
FBP,90,0.05,,145,21.223859336221068,0.37857860646764785,0.40202686
FBP,90,0.05,,146,20.124664311156245,0.7029080066631725,0.26886716
FBP,90,0.05,,147,20.102349978740683,0.8410260830168835,0.23950414
FBP,90,0.05,,148,20.35983826832098,0.7276259443139627,0.3046705
FBP,90,0.05,,149,19.982102478494056,0.6142524293833604,0.39616036
FBP,90,0.05,,150,20.02051049838512,0.6556289082033221,0.3190657
FBP,90,0.05,,151,19.416806303572635,0.7909425651165849,0.30034745
FBP,90,0.05,,152,19.95601048206912,0.6152245698358155,0.35260478
FBP,90,0.05,,153,20.244090920562368,0.6911065357685289,0.34943977
FBP,90,0.05,,154,22.159255209606883,0.3735360262765403,0.383961
FBP,90,0.05,,155,20.503455681785773,0.7482838776609129,0.26092085
FBP,90,0.05,,156,20.806938550405004,0.610714609699116,0.30441323
FBP,90,0.05,,157,20.41543290542984,0.7029910395364469,0.30076486
FBP,90,0.05,,158,20.59247007779586,0.6726157889337748,0.29708645
FBP,90,0.05,,159,20.939657242567876,0.5295926850146714,0.36422098
FBP,90,0.05,,160,20.055489253009927,0.6350584500979186,0.30308428
FBP,90,0.05,,161,19.921837381250217,0.7412085823728203,0.3090268
FBP,90,0.05,,162,20.832840328982705,0.7978796055723243,0.23146169
FBP,90,0.05,,163,20.775432782672148,0.7423947390624945,0.2499515
FBP,90,0.05,,164,20.832734129509582,0.643466185188606,0.29633814
FBP,90,0.05,,165,20.8536820330422,0.8032267219502448,0.24895729
FBP,90,0.05,,166,20.001516131912418,0.678477514502477,0.33855763
FBP,90,0.05,,167,20.189585386740838,0.6022851494110135,0.3628906
FBP,90,0.05,,168,22.32791884777427,0.43332680623905256,0.30909926
FBP,90,0.05,,169,20.806199542364467,0.6083800453829294,0.3211258
FBP,90,0.05,,170,20.98137505037763,0.572251497474422,0.34358144
FBP,90,0.05,,171,21.047291704199633,0.6971920265821925,0.2293615
FBP,90,0.05,,172,19.443930206120573,0.8175154953977586,0.29031178
FBP,90,0.05,,173,19.63793812491408,0.7450372934936015,0.38106042
FBP,90,0.05,,174,20.58606699604614,0.6595006299691952,0.2974707
FBP,90,0.05,,175,21.28091681205833,0.41389557928297177,0.5156478
FBP,90,0.05,,176,21.939546640516248,0.3559157448572545,0.47536683
FBP,90,0.05,,177,20.263107919309423,0.6447645720163714,0.2908337
FBP,90,0.05,,178,21.96494342629604,0.40583930631102766,0.3309338
FBP,90,0.05,,179,20.07672113267247,0.704755632393447,0.26252437
FBP,90,0.05,,180,21.873752624183748,0.39480090853835126,0.35721847
FBP,90,0.05,,181,20.7661250004887,0.7038320181458373,0.25063667
FBP,90,0.05,,182,21.007485727662363,0.5710140237688618,0.32328638
FBP,90,0.05,,183,19.7174341604801,0.8580642263963049,0.25203806
FBP,90,0.05,,184,20.591272620229148,0.6681593093320666,0.29699323
FBP,90,0.05,,185,20.507542375466148,0.6585716061430699,0.30742574
FBP,90,0.05,,186,20.407898131395832,0.7806285998970655,0.22803548
FBP,90,0.05,,187,19.700559520048696,0.7712193620246873,0.30223757
FBP,90,0.05,,188,19.957565473470428,0.8180989533478071,0.2462767
FBP,90,0.05,,189,21.740617626229866,0.3800651999498325,0.43024087
FBP,90,0.05,,190,21.583564990747416,0.5150642843487911,0.27129647
FBP,90,0.05,,191,21.690199579596296,0.4354367951269854,0.35286856
FBP,90,0.05,,192,20.061508253353818,0.7696771302552939,0.28032064
FBP,90,0.05,,193,19.51498453655815,0.6079658971635686,0.3657384
FBP,90,0.05,,194,20.05303788013197,0.7973208387665189,0.2780778
FBP,90,0.05,,195,20.73917755357119,0.5011629696073364,0.4404746
FBP,90,0.05,,196,22.37898474526188,0.4652076608131924,0.25951666
FBP,90,0.05,,197,20.05653896890681,0.6444318470259366,0.26336816
FBP,90,0.05,,198,21.015753277794733,0.5927821081324118,0.3165803
FBP,90,0.05,,199,21.095254171129376,0.7618285487925496,0.2124812
Tikhonov,90,0.05,0.05623413251903491,0,20.16254368491008,0.5866272863883848,0.3572602
Tikhonov,90,0.05,0.05623413251903491,1,20.077010065914532,0.7000326612427415,0.28153917
Tikhonov,90,0.05,0.05623413251903491,2,21.16515718377391,0.38943437600608394,0.44188923
Tikhonov,90,0.05,0.05623413251903491,3,19.651189269147494,0.7816164628804607,0.255814
Tikhonov,90,0.05,0.05623413251903491,4,19.6376511823399,0.6619884864078865,0.37305823
Tikhonov,90,0.05,0.05623413251903491,5,21.27073320582516,0.43316586843156835,0.35483348
Tikhonov,90,0.05,0.05623413251903491,6,19.882533954279168,0.6764366156652508,0.3455508
Tikhonov,90,0.05,0.05623413251903491,7,20.031978609279367,0.5653079687309844,0.3342517
Tikhonov,90,0.05,0.05623413251903491,8,20.22982879749089,0.7562456024427752,0.26663992
Tikhonov,90,0.05,0.05623413251903491,9,19.733575862724265,0.6794270781601957,0.28027156
Tikhonov,90,0.05,0.05623413251903491,10,19.110461437171374,0.7954228529620008,0.31378415
Tikhonov,90,0.05,0.05623413251903491,11,19.277874710160404,0.7585712192808124,0.3256264
Tikhonov,90,0.05,0.05623413251903491,12,19.856373020931308,0.6059515068037166,0.3300095
Tikhonov,90,0.05,0.05623413251903491,13,19.53789361346454,0.7791145113465177,0.2985882
Tikhonov,90,0.05,0.05623413251903491,14,20.843588606303083,0.42965494389578407,0.33249748
Tikhonov,90,0.05,0.05623413251903491,15,18.612926602286038,0.7023751997554383,0.3990608
Tikhonov,90,0.05,0.05623413251903491,16,19.67886320046209,0.6679120835365173,0.3345265
Tikhonov,90,0.05,0.05623413251903491,17,20.202596484837674,0.6214505387383537,0.31309727
Tikhonov,90,0.05,0.05623413251903491,18,19.08471313538267,0.7790028614045914,0.28519884
Tikhonov,90,0.05,0.05623413251903491,19,20.20579210297629,0.5734586953974429,0.38747987
Tikhonov,90,0.05,0.05623413251903491,20,20.230216889961735,0.6277869668739178,0.28031105
Tikhonov,90,0.05,0.05623413251903491,21,20.702083467803053,0.6378435438079375,0.30246457
Tikhonov,90,0.05,0.05623413251903491,22,19.827044275575933,0.7097301294638444,0.3260278
Tikhonov,90,0.05,0.05623413251903491,23,19.682485670426512,0.6428443250440692,0.35892484
Tikhonov,90,0.05,0.05623413251903491,24,20.175632417463373,0.5632075659010929,0.45216942
Tikhonov,90,0.05,0.05623413251903491,25,19.221581173656283,0.878095043045738,0.2225542
Tikhonov,90,0.05,0.05623413251903491,26,20.61391959822696,0.528005732254179,0.3782165
Tikhonov,90,0.05,0.05623413251903491,27,20.140050473395505,0.6588984290282204,0.32208976
Tikhonov,90,0.05,0.05623413251903491,28,19.37942732064625,0.766903787182667,0.27624026
Tikhonov,90,0.05,0.05623413251903491,29,21.294039334170698,0.40476109620187556,0.3693788
Tikhonov,90,0.05,0.05623413251903491,30,19.635508914139677,0.6444884308263629,0.31800675
Tikhonov,90,0.05,0.05623413251903491,31,21.851589837411854,0.3905614713651382,0.38067228
Tikhonov,90,0.05,0.05623413251903491,32,19.353308697622804,0.6726386893996661,0.32116184
Tikhonov,90,0.05,0.05623413251903491,33,20.084083006126356,0.7224332163878139,0.3104651
Tikhonov,90,0.05,0.05623413251903491,34,20.34187888602368,0.6825284181414788,0.28357488
Tikhonov,90,0.05,0.05623413251903491,35,19.333743719519152,0.8340914118794478,0.3087446
Tikhonov,90,0.05,0.05623413251903491,36,19.62417126854087,0.6459871562484514,0.34346533
Tikhonov,90,0.05,0.05623413251903491,37,21.350801896632987,0.39862324743606686,0.34955162
Tikhonov,90,0.05,0.05623413251903491,38,20.11616365422195,0.6555175653597233,0.3614151
Tikhonov,90,0.05,0.05623413251903491,39,21.1749937760275,0.4619361742020562,0.30679724
Tikhonov,90,0.05,0.05623413251903491,40,20.95161607796545,0.32101524994450753,0.54728067
Tikhonov,90,0.05,0.05623413251903491,41,20.220870233731397,0.5776297596373695,0.3746676
Tikhonov,90,0.05,0.05623413251903491,42,20.042485605104247,0.648855283036193,0.31025383
Tikhonov,90,0.05,0.05623413251903491,43,20.153330466751388,0.5535404750512536,0.39024475
Tikhonov,90,0.05,0.05623413251903491,44,20.819067219306902,0.5523312469272805,0.3218237
Tikhonov,90,0.05,0.05623413251903491,45,19.874819881742432,0.6676592378798211,0.36489445
Tikhonov,90,0.05,0.05623413251903491,46,21.10090195007547,0.4842798409118579,0.30314767
Tikhonov,90,0.05,0.05623413251903491,47,19.300947122321773,0.6040854373502291,0.43717054
Tikhonov,90,0.05,0.05623413251903491,48,19.701456826856244,0.7394475611677194,0.246383
Tikhonov,90,0.05,0.05623413251903491,49,20.09401139241216,0.7056636549118707,0.30864367
Tikhonov,90,0.05,0.05623413251903491,50,19.956894691169165,0.5999932326578481,0.34812087
Tikhonov,90,0.05,0.05623413251903491,51,19.457162805939404,0.8214051158673492,0.2616147
Tikhonov,90,0.05,0.05623413251903491,52,18.857176894419386,0.6929922275522278,0.36855638
Tikhonov,90,0.05,0.05623413251903491,53,18.722704241944744,0.6758882941453033,0.46416542
Tikhonov,90,0.05,0.05623413251903491,54,19.055013760283867,0.7935138038525066,0.29382315
Tikhonov,90,0.05,0.05623413251903491,55,20.001454317151534,0.7059994055158343,0.28979918
Tikhonov,90,0.05,0.05623413251903491,56,19.818533395636535,0.734783362929155,0.29361287
Tikhonov,90,0.05,0.05623413251903491,57,21.052269251710097,0.3800271609086112,0.42870107
Tikhonov,90,0.05,0.05623413251903491,58,19.55949802072106,0.6607116097459292,0.3159193
Tikhonov,90,0.05,0.05623413251903491,59,20.837239628445875,0.49379544263447767,0.42470148
Tikhonov,90,0.05,0.05623413251903491,60,19.639378956895882,0.5743993645103856,0.30589324
Tikhonov,90,0.05,0.05623413251903491,61,19.802234592546906,0.7508789267206242,0.27619988
Tikhonov,90,0.05,0.05623413251903491,62,20.0594231662614,0.5293409749095844,0.44091916
Tikhonov,90,0.05,0.05623413251903491,63,19.913457616558702,0.6491236531460458,0.3340278
Tikhonov,90,0.05,0.05623413251903491,64,19.314860433015262,0.7421282195411084,0.29464516
Tikhonov,90,0.05,0.05623413251903491,65,20.61069029742208,0.47209724850860263,0.40591225
Tikhonov,90,0.05,0.05623413251903491,66,19.180472324068603,0.7368449974470302,0.35686183
Tikhonov,90,0.05,0.05623413251903491,67,19.43702668558842,0.6604992490962209,0.35606822
Tikhonov,90,0.05,0.05623413251903491,68,19.75843372937403,0.7095741866000597,0.25523356
Tikhonov,90,0.05,0.05623413251903491,69,19.376905576933385,0.8031527975397108,0.30771357
Tikhonov,90,0.05,0.05623413251903491,70,20.102730886537504,0.6203015487085959,0.3169899
Tikhonov,90,0.05,0.05623413251903491,71,19.085252306692354,0.857176958396646,0.25913492
Tikhonov,90,0.05,0.05623413251903491,72,19.427951265172265,0.7535272854743987,0.3157102
Tikhonov,90,0.05,0.05623413251903491,73,20.522068000290943,0.635668586534525,0.25925475
Tikhonov,90,0.05,0.05623413251903491,74,21.594630885114924,0.4245317416796692,0.32750943
Tikhonov,90,0.05,0.05623413251903491,75,19.90459493012125,0.622018261687553,0.32415548
Tikhonov,90,0.05,0.05623413251903491,76,19.660562375333658,0.6037430456485445,0.38591015
Tikhonov,90,0.05,0.05623413251903491,77,19.975647963347257,0.6793064145584906,0.3747503
Tikhonov,90,0.05,0.05623413251903491,78,20.244795801172337,0.5282672197405972,0.3304754
Tikhonov,90,0.05,0.05623413251903491,79,19.70139508370529,0.7406931234949868,0.24651283
Tikhonov,90,0.05,0.05623413251903491,80,19.93700198460331,0.5489485991396171,0.33530515
Tikhonov,90,0.05,0.05623413251903491,81,19.85668636186981,0.6688644411581114,0.30104584
Tikhonov,90,0.05,0.05623413251903491,82,19.408221953531836,0.7777509033508706,0.27708167
Tikhonov,90,0.05,0.05623413251903491,83,20.798740465959632,0.5625107781182251,0.33362576
Tikhonov,90,0.05,0.05623413251903491,84,19.101149520696563,0.7338705501742353,0.32571605
Tikhonov,90,0.05,0.05623413251903491,85,20.280058476589844,0.7758757794143109,0.23991804
Tikhonov,90,0.05,0.05623413251903491,86,20.466933167489145,0.603032725795811,0.28012803
Tikhonov,90,0.05,0.05623413251903491,87,19.859471270365358,0.7018183756115546,0.2980441
Tikhonov,90,0.05,0.05623413251903491,88,19.329857056732486,0.6827474782182759,0.31612194
Tikhonov,90,0.05,0.05623413251903491,89,21.374002964886078,0.4725659811082258,0.31483665
Tikhonov,90,0.05,0.05623413251903491,90,20.06931616374974,0.7180342748934357,0.30447498
Tikhonov,90,0.05,0.05623413251903491,91,20.28375830143396,0.6189081449280993,0.32218617
Tikhonov,90,0.05,0.05623413251903491,92,19.384545272316103,0.538588256154725,0.46170238
Tikhonov,90,0.05,0.05623413251903491,93,19.7407198958207,0.682805711664221,0.25476575
Tikhonov,90,0.05,0.05623413251903491,94,20.234751272670852,0.4896937326815803,0.29965907
Tikhonov,90,0.05,0.05623413251903491,95,19.953506420386077,0.7825905084888998,0.23516607
Tikhonov,90,0.05,0.05623413251903491,96,21.21554030376419,0.41375179532318845,0.39254814
Tikhonov,90,0.05,0.05623413251903491,97,20.008350528871883,0.6562272677022949,0.2728609
Tikhonov,90,0.05,0.05623413251903491,98,20.11826038414554,0.6805450402494627,0.31863937
Tikhonov,90,0.05,0.05623413251903491,99,20.174124220221774,0.7109241952594324,0.26691172
Tikhonov,90,0.05,0.05623413251903491,100,19.039566770047117,0.6437617495005628,0.43568394
Tikhonov,90,0.05,0.05623413251903491,101,19.664511969322586,0.7738183256063595,0.31374967
Tikhonov,90,0.05,0.05623413251903491,102,19.368570827613915,0.7491098062677909,0.3178619
Tikhonov,90,0.05,0.05623413251903491,103,20.152467693494806,0.6938580346894104,0.3008356
Tikhonov,90,0.05,0.05623413251903491,104,19.899478401925542,0.6762722383156103,0.3373356
Tikhonov,90,0.05,0.05623413251903491,105,20.083932408837374,0.628269728445371,0.34399706
Tikhonov,90,0.05,0.05623413251903491,106,19.119003915615178,0.8320884571395322,0.3203382
Tikhonov,90,0.05,0.05623413251903491,107,21.656152723140607,0.4617463410514491,0.34293053
Tikhonov,90,0.05,0.05623413251903491,108,20.33842291100527,0.5807177614659256,0.308011
Tikhonov,90,0.05,0.05623413251903491,109,19.37464124914356,0.6305238843245109,0.37219703
Tikhonov,90,0.05,0.05623413251903491,110,19.425301414070525,0.6801884908282991,0.3070776
Tikhonov,90,0.05,0.05623413251903491,111,20.740916622775494,0.5017329382138666,0.3269134
Tikhonov,90,0.05,0.05623413251903491,112,20.241161095273114,0.5585359049045042,0.35469267
Tikhonov,90,0.05,0.05623413251903491,113,20.360481009500514,0.5958444747793842,0.30572477
Tikhonov,90,0.05,0.05623413251903491,114,20.48136548300726,0.5562257941308131,0.3401626
Tikhonov,90,0.05,0.05623413251903491,115,20.74421984452261,0.5537705828006618,0.34474158
Tikhonov,90,0.05,0.05623413251903491,116,20.45744835136459,0.5088667905863474,0.3825251
Tikhonov,90,0.05,0.05623413251903491,117,19.74795237839252,0.6732987813927688,0.31126624
Tikhonov,90,0.05,0.05623413251903491,118,19.43173068584416,0.5521238103349239,0.41575837
Tikhonov,90,0.05,0.05623413251903491,119,19.557813568778965,0.7459903217752056,0.29565305
Tikhonov,90,0.05,0.05623413251903491,120,19.34994391533633,0.8179729894440514,0.26788256
Tikhonov,90,0.05,0.05623413251903491,121,19.91524698908656,0.6297270171738746,0.3519817
Tikhonov,90,0.05,0.05623413251903491,122,21.04411573666271,0.47410473972126027,0.3769878
Tikhonov,90,0.05,0.05623413251903491,123,19.61938507255123,0.6710377106354534,0.32890728
Tikhonov,90,0.05,0.05623413251903491,124,20.01475684542108,0.6088498470504299,0.30352932
Tikhonov,90,0.05,0.05623413251903491,125,19.872830313718463,0.5745443116271222,0.3659917
Tikhonov,90,0.05,0.05623413251903491,126,19.3265622794732,0.8059245060844547,0.3117411
Tikhonov,90,0.05,0.05623413251903491,127,19.818536887863075,0.6833398238888534,0.30376673
Tikhonov,90,0.05,0.05623413251903491,128,19.820708351657323,0.7632638272821657,0.24854521
Tikhonov,90,0.05,0.05623413251903491,129,19.739081799927266,0.6747969895512759,0.33744046
Tikhonov,90,0.05,0.05623413251903491,130,19.712169559357253,0.7171274709509501,0.26417533
Tikhonov,90,0.05,0.05623413251903491,131,19.549888854556617,0.7605740723338686,0.25177547
Tikhonov,90,0.05,0.05623413251903491,132,19.009521541612987,0.7874812254112614,0.27694494
Tikhonov,90,0.05,0.05623413251903491,133,19.898563979547202,0.7429391741382212,0.2683554
Tikhonov,90,0.05,0.05623413251903491,134,19.692751169808975,0.6824335851764292,0.297213
Tikhonov,90,0.05,0.05623413251903491,135,21.382258480281973,0.4409192127145804,0.30248532
Tikhonov,90,0.05,0.05623413251903491,136,19.59683657167672,0.7115308442677386,0.32081044
Tikhonov,90,0.05,0.05623413251903491,137,20.49435424555609,0.4897255139100204,0.3123916
Tikhonov,90,0.05,0.05623413251903491,138,20.32943435984341,0.7054877646944739,0.27918217
Tikhonov,90,0.05,0.05623413251903491,139,20.146990654418424,0.6903657326647966,0.29768384
Tikhonov,90,0.05,0.05623413251903491,140,19.916801558148297,0.543197232542929,0.4126885
Tikhonov,90,0.05,0.05623413251903491,141,20.225063968148163,0.5346217763106038,0.3544799
Tikhonov,90,0.05,0.05623413251903491,142,19.46841745522778,0.7165281145760313,0.35102627
Tikhonov,90,0.05,0.05623413251903491,143,21.684503217699746,0.40132910440375735,0.37675416
Tikhonov,90,0.05,0.05623413251903491,144,19.882420212471665,0.6498318557004051,0.3124063
Tikhonov,90,0.05,0.05623413251903491,145,20.982618472066935,0.37412314925704554,0.41334924
Tikhonov,90,0.05,0.05623413251903491,146,19.387915314063978,0.68970120478179,0.29266798
Tikhonov,90,0.05,0.05623413251903491,147,19.32154477878627,0.8278756900093988,0.26203135
Tikhonov,90,0.05,0.05623413251903491,148,19.53616181115525,0.7116037637307039,0.33497643
Tikhonov,90,0.05,0.05623413251903491,149,19.55300422634135,0.6025391984211419,0.41622284
Tikhonov,90,0.05,0.05623413251903491,150,19.46212203616761,0.643780850524406,0.34025106
Tikhonov,90,0.05,0.05623413251903491,151,18.712882808475296,0.7756059509894448,0.3257017
Tikhonov,90,0.05,0.05623413251903491,152,19.54400999451087,0.6064338883614044,0.36973298
Tikhonov,90,0.05,0.05623413251903491,153,19.77348497243789,0.6805441662782711,0.36889488
Tikhonov,90,0.05,0.05623413251903491,154,21.597257659184912,0.36685218975382805,0.4096255
Tikhonov,90,0.05,0.05623413251903491,155,19.733690236438715,0.7360403997167437,0.2850999
Tikhonov,90,0.05,0.05623413251903491,156,20.167622898006297,0.6010925729637812,0.32766446
Tikhonov,90,0.05,0.05623413251903491,157,19.72100703043867,0.6901549435488126,0.32579795
Tikhonov,90,0.05,0.05623413251903491,158,19.8587921945111,0.661387784164091,0.32327098
Tikhonov,90,0.05,0.05623413251903491,159,20.36894747422995,0.5187365469938405,0.38895595
Tikhonov,90,0.05,0.05623413251903491,160,19.604075510141833,0.6275867229098577,0.31925234
Tikhonov,90,0.05,0.05623413251903491,161,19.20306419021559,0.7260580538793213,0.3356872
Tikhonov,90,0.05,0.05623413251903491,162,19.849231128742552,0.7847184610730114,0.25921467
Tikhonov,90,0.05,0.05623413251903491,163,19.91194435245806,0.7274852903677181,0.27607697
Tikhonov,90,0.05,0.05623413251903491,164,20.26798589101501,0.6335303933159564,0.3162459
Tikhonov,90,0.05,0.05623413251903491,165,20.062190899080058,0.7923913371031488,0.27270895
Tikhonov,90,0.05,0.05623413251903491,166,19.559890165266577,0.6681640164739999,0.3562164
Tikhonov,90,0.05,0.05623413251903491,167,19.938223373733834,0.5949988444922646,0.37354577
Tikhonov,90,0.05,0.05623413251903491,168,21.502299397685306,0.4237364601913439,0.33992174
Tikhonov,90,0.05,0.05623413251903491,169,20.20218558273429,0.5955088270639555,0.34425154
Tikhonov,90,0.05,0.05623413251903491,170,20.369914620604405,0.5615720961426677,0.36864018
Tikhonov,90,0.05,0.05623413251903491,171,20.30600007730547,0.6868593655497774,0.24979578
Tikhonov,90,0.05,0.05623413251903491,172,18.86186200641587,0.8054379543129832,0.31043315
Tikhonov,90,0.05,0.05623413251903491,173,19.272799362287124,0.7331599112097866,0.397421
Tikhonov,90,0.05,0.05623413251903491,174,20.075809853804287,0.6487367668069807,0.31546924
Tikhonov,90,0.05,0.05623413251903491,175,21.189101358111788,0.40915426446994657,0.52112746
Tikhonov,90,0.05,0.05623413251903491,176,21.697978974820025,0.3528713620612244,0.48877305
Tikhonov,90,0.05,0.05623413251903491,177,19.572347011065474,0.6333977822733905,0.3149073
Tikhonov,90,0.05,0.05623413251903491,178,21.393725630438404,0.4001128077805273,0.35342887
Tikhonov,90,0.05,0.05623413251903491,179,19.274808003297675,0.6917845672073443,0.28791565
Tikhonov,90,0.05,0.05623413251903491,180,21.21479864684309,0.38676754408708414,0.38537332
Tikhonov,90,0.05,0.05623413251903491,181,20.030295238996395,0.693382246495794,0.2727948
Tikhonov,90,0.05,0.05623413251903491,182,20.539632879398,0.5635295085222191,0.34117723
Tikhonov,90,0.05,0.05623413251903491,183,18.809084567999072,0.8419216180553136,0.27982315
Tikhonov,90,0.05,0.05623413251903491,184,19.933954720728817,0.6542427380750155,0.32034093
Tikhonov,90,0.05,0.05623413251903491,185,19.904926539251505,0.6472174688338587,0.3295118
Tikhonov,90,0.05,0.05623413251903491,186,19.543209797691137,0.7675344529042158,0.25190505
Tikhonov,90,0.05,0.05623413251903491,187,19.089919779409293,0.7585159621272651,0.3242503
Tikhonov,90,0.05,0.05623413251903491,188,19.103615205512302,0.8048370792318813,0.27171952
Tikhonov,90,0.05,0.05623413251903491,189,21.511197052262638,0.3754442434523193,0.44175625
Tikhonov,90,0.05,0.05623413251903491,190,20.874793933160465,0.5052945933320121,0.29436263
Tikhonov,90,0.05,0.05623413251903491,191,21.395627386534173,0.43078265048290243,0.36504096
Tikhonov,90,0.05,0.05623413251903491,192,19.323408006153752,0.7582930164836916,0.3051828
Tikhonov,90,0.05,0.05623413251903491,193,19.056176013743485,0.595798137469298,0.38557687
Tikhonov,90,0.05,0.05623413251903491,194,19.29458989278983,0.7827380619056077,0.30345118
Tikhonov,90,0.05,0.05623413251903491,195,20.459145984052324,0.49497941249600524,0.4549068
Tikhonov,90,0.05,0.05623413251903491,196,21.622619396817157,0.45814391973328367,0.2831284
Tikhonov,90,0.05,0.05623413251903491,197,19.381781224209615,0.6319648704298172,0.28464344
Tikhonov,90,0.05,0.05623413251903491,198,20.53503712200214,0.5847300919064335,0.33459514
Tikhonov,90,0.05,0.05623413251903491,199,20.342891114905672,0.7510144865267318,0.23170674
TV,90,0.05,0.01,0,24.507959891874698,0.8085353560591778,0.21662761
TV,90,0.05,0.01,1,24.678962217617478,0.8982407261332697,0.16574529
TV,90,0.05,0.01,2,25.629975072507413,0.7472878458086124,0.264285
TV,90,0.05,0.01,3,24.447072730372625,0.932550928809426,0.14727534
TV,90,0.05,0.01,4,22.820016112643827,0.8328417075474647,0.25861776
TV,90,0.05,0.01,5,27.70787589023946,0.779680801832602,0.16910928
TV,90,0.05,0.01,6,23.12764943311533,0.8653515669370978,0.23782423
TV,90,0.05,0.01,7,24.04878879678909,0.8075161402013676,0.21049081
TV,90,0.05,0.01,8,25.13422743410711,0.8943873881246925,0.15160209
TV,90,0.05,0.01,9,23.901487255412754,0.8569980203212539,0.17345366
TV,90,0.05,0.01,10,23.211341928770743,0.90178012570043,0.19569826
TV,90,0.05,0.01,11,21.937723855756804,0.8947868657044389,0.23973261
TV,90,0.05,0.01,12,23.963277105600042,0.8247556091740358,0.20567484
TV,90,0.05,0.01,13,23.385759284478556,0.8961608806886703,0.19172527
TV,90,0.05,0.01,14,26.368998174146363,0.7616380191415795,0.17600212
TV,90,0.05,0.01,15,20.638834316655633,0.838632617907768,0.31604114
TV,90,0.05,0.01,16,23.537589108489737,0.8498235437865099,0.21453309
TV,90,0.05,0.01,17,24.81705890035834,0.8436841349586968,0.1840586
TV,90,0.05,0.01,18,23.26018897951821,0.9264134736346804,0.1763494
TV,90,0.05,0.01,19,23.056581563254444,0.8220126403511063,0.27906775
TV,90,0.05,0.01,20,24.029320857430193,0.8587672554633834,0.18100269
TV,90,0.05,0.01,21,24.32162318988496,0.8548089624344071,0.19938731
TV,90,0.05,0.01,22,22.081128657408215,0.8531239194071982,0.25150722
TV,90,0.05,0.01,23,23.00326621737333,0.8543061032460249,0.2448863
TV,90,0.05,0.01,24,22.324258957830658,0.7708568380268153,0.35307735
TV,90,0.05,0.01,25,24.070936274964104,0.9509776915646782,0.12734094
TV,90,0.05,0.01,26,23.746759474817765,0.8124182052941116,0.26369292
TV,90,0.05,0.01,27,24.037047806493483,0.8793735853588778,0.20564921
TV,90,0.05,0.01,28,24.404242633130707,0.8830853885978707,0.15489814
TV,90,0.05,0.01,29,27.177619561859547,0.7305763154483038,0.18762597
TV,90,0.05,0.01,30,24.098243804981717,0.847499554715127,0.190239
TV,90,0.05,0.01,31,28.27724387788354,0.7770609572868455,0.18166386
TV,90,0.05,0.01,32,23.62812575912834,0.8290352493616914,0.1963284
TV,90,0.05,0.01,33,23.728752825808172,0.8700267779217525,0.20407008
TV,90,0.05,0.01,34,25.886833621344042,0.863791822679033,0.14976834
TV,90,0.05,0.01,35,22.45628343251381,0.9311953005958195,0.21551245
TV,90,0.05,0.01,36,23.558783410794078,0.8467465595165191,0.21834955
TV,90,0.05,0.01,37,28.388588634685114,0.7489278829264,0.15546118
TV,90,0.05,0.01,38,22.499760236373092,0.8599344510123257,0.27467963
TV,90,0.05,0.01,39,27.124452167997415,0.8160187491823819,0.15466018
TV,90,0.05,0.01,40,24.20870724944511,0.684900432209338,0.3761452
TV,90,0.05,0.01,41,23.263918142020703,0.8047875349202063,0.26393306
TV,90,0.05,0.01,42,24.391540972103158,0.88297512828688,0.18804613
TV,90,0.05,0.01,43,23.71960536712041,0.8306213902725168,0.25883517
TV,90,0.05,0.01,44,25.699337184774954,0.8174338822122201,0.18348666
TV,90,0.05,0.01,45,22.29696516484376,0.8098950852632276,0.27609593
TV,90,0.05,0.01,46,27.74400520044963,0.8317848232859546,0.14109091
TV,90,0.05,0.01,47,20.520224995636944,0.7888183054968345,0.37991548
TV,90,0.05,0.01,48,24.517895966468846,0.8797180119070632,0.14151055
TV,90,0.05,0.01,49,24.934342531942143,0.8843977049893645,0.17678314
TV,90,0.05,0.01,50,23.992302464319305,0.8164558319821338,0.21875584
TV,90,0.05,0.01,51,23.700642849132695,0.9315370347289261,0.16050485
TV,90,0.05,0.01,52,21.42760656449795,0.8272218726852463,0.27414635
TV,90,0.05,0.01,53,19.94310840833077,0.7993302440678716,0.40332264
TV,90,0.05,0.01,54,22.557623165530032,0.8870115155154024,0.19631593
TV,90,0.05,0.01,55,24.67965061879067,0.8620707592811466,0.16911705
TV,90,0.05,0.01,56,23.91905269212267,0.8771957955207706,0.18312563
TV,90,0.05,0.01,57,26.115244174982944,0.7144558402105458,0.23933476
TV,90,0.05,0.01,58,23.386919461599764,0.8239430926339931,0.20333171
TV,90,0.05,0.01,59,23.891315905040603,0.7898956702267828,0.29879954
TV,90,0.05,0.01,60,24.82018707514054,0.7552690194796555,0.16847268
TV,90,0.05,0.01,61,23.706773740659056,0.9198160097618734,0.17619619
TV,90,0.05,0.01,62,22.439042084567355,0.7417994257955511,0.33525714
TV,90,0.05,0.01,63,24.225866194770372,0.8794646778197821,0.2033116
TV,90,0.05,0.01,64,23.29876378110743,0.880099621393587,0.18625337
TV,90,0.05,0.01,65,23.33707995203806,0.7226811514874875,0.29656008
TV,90,0.05,0.01,66,21.97819352342597,0.8629048877849805,0.25859138
TV,90,0.05,0.01,67,21.724116742710965,0.8225146887038858,0.27363947
TV,90,0.05,0.01,68,24.556431631516993,0.8682346225616114,0.14690544
TV,90,0.05,0.01,69,23.058305072784616,0.9182502347052344,0.20140798
TV,90,0.05,0.01,70,25.807479948035287,0.8380806737325408,0.16436449
TV,90,0.05,0.01,71,23.506418110948392,0.9365703691074179,0.1557642
TV,90,0.05,0.01,72,23.364388546072675,0.8848169582072368,0.20066272
TV,90,0.05,0.01,73,25.67500535550403,0.8779652457961367,0.14324515
TV,90,0.05,0.01,74,28.098717397234864,0.7633824645549305,0.15488862
TV,90,0.05,0.01,75,23.747870555031568,0.8339673941878002,0.20825219
TV,90,0.05,0.01,76,22.403375016216525,0.7780407828255749,0.2814139
TV,90,0.05,0.01,77,23.043855204968654,0.8593051955719625,0.2632277
TV,90,0.05,0.01,78,24.064793560017968,0.7959663624421132,0.21288215
TV,90,0.05,0.01,79,25.496470571774445,0.898781410603176,0.12649861
TV,90,0.05,0.01,80,25.577443116913724,0.7755782520475466,0.17515324
TV,90,0.05,0.01,81,23.903734554854516,0.8906070594021605,0.18892099
TV,90,0.05,0.01,82,23.40883693297699,0.8947545924755044,0.17481434
TV,90,0.05,0.01,83,26.15997206483808,0.8138374432859835,0.17996913
TV,90,0.05,0.01,84,21.834699941681386,0.906226427933155,0.23777252
TV,90,0.05,0.01,85,25.3856406846391,0.9132966673817516,0.13328578
TV,90,0.05,0.01,86,26.24144392869343,0.8280133863310676,0.14408907
TV,90,0.05,0.01,87,22.96908295698565,0.9214357015145712,0.20835309
TV,90,0.05,0.01,88,23.595445119281983,0.8580695988287118,0.19345288
TV,90,0.05,0.01,89,27.595591978042627,0.8598159913373881,0.15381753
TV,90,0.05,0.01,90,23.68372333295045,0.905846688034367,0.20083122
TV,90,0.05,0.01,91,23.367237840404172,0.8328062536980002,0.22590865
TV,90,0.05,0.01,92,21.015967802325953,0.776383095682591,0.3826405
TV,90,0.05,0.01,93,24.22220280417401,0.8526627244581738,0.15207817
TV,90,0.05,0.01,94,26.431480121263654,0.7804056888230699,0.14682196
TV,90,0.05,0.01,95,24.272761926809633,0.9077618092544808,0.14302498
TV,90,0.05,0.01,96,26.09008043493121,0.7548780824511874,0.22395764
TV,90,0.05,0.01,97,24.813729054369126,0.8142373023693227,0.15691787
TV,90,0.05,0.01,98,23.66118514914679,0.8743096902535474,0.21191084
TV,90,0.05,0.01,99,24.842835251442953,0.9009947461684135,0.15593086
TV,90,0.05,0.01,100,20.35944082074915,0.7859662558637128,0.37426385
TV,90,0.05,0.01,101,22.313383458159596,0.8981007903213959,0.23128085
TV,90,0.05,0.01,102,22.611377249407816,0.8880128844156245,0.21882565
TV,90,0.05,0.01,103,24.421196915071608,0.9010501563056441,0.18403175
TV,90,0.05,0.01,104,24.17399654199808,0.8659267261978393,0.2062226
TV,90,0.05,0.01,105,23.49965553625229,0.843957187700247,0.23214991
TV,90,0.05,0.01,106,21.89456779714755,0.9214662669519008,0.23271829
TV,90,0.05,0.01,107,26.980233884454403,0.7338302185959067,0.18578133
TV,90,0.05,0.01,108,24.84314897297959,0.8434680920740789,0.1833707
TV,90,0.05,0.01,109,22.231619513844553,0.8395464244213972,0.26786995
TV,90,0.05,0.01,110,22.407871129852616,0.8817076492007853,0.21783097
TV,90,0.05,0.01,111,25.723170688037563,0.8026495264335112,0.18421288
TV,90,0.05,0.01,112,24.54224808096564,0.8581906857569356,0.21617122
TV,90,0.05,0.01,113,25.120623850769277,0.8274870465455715,0.17673539
TV,90,0.05,0.01,114,24.957604214468244,0.7898508727334994,0.20317703
TV,90,0.05,0.01,115,25.09703230299904,0.8490914206428468,0.20885892
TV,90,0.05,0.01,116,24.479331249500838,0.7731339741298113,0.2407497
TV,90,0.05,0.01,117,23.904973523666527,0.8631077070589647,0.19287722
TV,90,0.05,0.01,118,21.96886795557265,0.7211471689356999,0.3104446
TV,90,0.05,0.01,119,23.62102479541676,0.8736737878716065,0.1851918
TV,90,0.05,0.01,120,24.38546347645827,0.9131744495816221,0.15002665
TV,90,0.05,0.01,121,23.132941491817114,0.8169742058654709,0.24301627
TV,90,0.05,0.01,122,26.74012381683979,0.7979397163226092,0.19567119
TV,90,0.05,0.01,123,23.114948922559783,0.8673599495067577,0.21993549
TV,90,0.05,0.01,124,24.26470016595269,0.8093141223311671,0.1860816
TV,90,0.05,0.01,125,23.38105272022125,0.7835020153852533,0.2443769
TV,90,0.05,0.01,126,22.77561775902507,0.8980653737171376,0.20957589
TV,90,0.05,0.01,127,24.202623660264045,0.8449426122348417,0.1833732
TV,90,0.05,0.01,128,24.60344612514418,0.9245519912070479,0.14330737
TV,90,0.05,0.01,129,23.226925291801503,0.8464371806918836,0.22584215
TV,90,0.05,0.01,130,24.252646994588215,0.9119347308508374,0.15662764
TV,90,0.05,0.01,131,23.972687522953734,0.8695242999752691,0.15131204
TV,90,0.05,0.01,132,23.70242404547469,0.9316172262515164,0.16134232
TV,90,0.05,0.01,133,24.553966717734518,0.8614990833361656,0.15701465
TV,90,0.05,0.01,134,23.203159561961964,0.8696822114288807,0.19840261
TV,90,0.05,0.01,135,29.23458506026973,0.7688450901037898,0.122486435
TV,90,0.05,0.01,136,23.728153259907955,0.8479205216627476,0.19938047
TV,90,0.05,0.01,137,26.30336803955877,0.8205268699444892,0.16004741
TV,90,0.05,0.01,138,24.704101607524006,0.9065201425355328,0.16871524
TV,90,0.05,0.01,139,24.199593126072628,0.8919794241597584,0.18669175
TV,90,0.05,0.01,140,21.75760127453281,0.7632346911325065,0.33387384
TV,90,0.05,0.01,141,23.390988927855577,0.7565496898417877,0.24620417
TV,90,0.05,0.01,142,22.286491774476033,0.8544230523927152,0.25376746
TV,90,0.05,0.01,143,27.687471523831988,0.8309497281231664,0.18875985
TV,90,0.05,0.01,144,23.557004248220185,0.8634027440316421,0.20464003
TV,90,0.05,0.01,145,26.120346581696758,0.7853013151594677,0.22878669
TV,90,0.05,0.01,146,23.65245689932991,0.8468081826759764,0.17912167
TV,90,0.05,0.01,147,23.567723250463448,0.9337812720005177,0.16071054
TV,90,0.05,0.01,148,23.29929842345895,0.8504833031353379,0.21719879
TV,90,0.05,0.01,149,21.171765952615743,0.7602273195304654,0.3454521
TV,90,0.05,0.01,150,23.01354437563305,0.8305943131077388,0.22606243
TV,90,0.05,0.01,151,21.55531273134271,0.9040053011310741,0.23480028
TV,90,0.05,0.01,152,22.075036163547512,0.8010224237622432,0.27627203
TV,90,0.05,0.01,153,22.04180559535444,0.8434191760106766,0.28411004
TV,90,0.05,0.01,154,27.392490750172488,0.7457411931750696,0.21019642
TV,90,0.05,0.01,155,24.677583631241212,0.8853504704234522,0.16136242
TV,90,0.05,0.01,156,24.13423482728426,0.8715511130954116,0.20753853
TV,90,0.05,0.01,157,23.329256457968192,0.8521099800074642,0.21504825
TV,90,0.05,0.01,158,24.213738445132996,0.8558058396197301,0.19580302
TV,90,0.05,0.01,159,23.595330391573157,0.7735283184519484,0.26827565
TV,90,0.05,0.01,160,24.28129599609145,0.8501133255598959,0.18632585
TV,90,0.05,0.01,161,22.194101080430492,0.8301203510269892,0.23789369
TV,90,0.05,0.01,162,25.078309946379655,0.9212536564066021,0.14197296
TV,90,0.05,0.01,163,24.85590347937416,0.8924888875181517,0.1562544
TV,90,0.05,0.01,164,23.462937600408573,0.8643294910569329,0.21891592
TV,90,0.05,0.01,165,25.08752734595024,0.9181059923731099,0.15290885
TV,90,0.05,0.01,166,22.533700819653504,0.8317651399565199,0.25294343
TV,90,0.05,0.01,167,22.976808106134854,0.8513819371342413,0.263278
TV,90,0.05,0.01,168,27.371465360508076,0.7390017483752868,0.17295004
TV,90,0.05,0.01,169,23.87605974145877,0.7960737696425482,0.22551851
TV,90,0.05,0.01,170,23.860766210298877,0.7799901683884095,0.24663806
TV,90,0.05,0.01,171,26.583345689607192,0.8864755798746978,0.12126008
TV,90,0.05,0.01,172,22.569848641497106,0.9242692976143242,0.20256701
TV,90,0.05,0.01,173,20.724450473533828,0.8393638795626558,0.33625463
TV,90,0.05,0.01,174,23.33658543287459,0.8912258072148177,0.21672961
TV,90,0.05,0.01,175,23.915799500649,0.7243886259499906,0.38072294
TV,90,0.05,0.01,176,25.71526712734444,0.6392483677838213,0.30778173
TV,90,0.05,0.01,177,23.5524857513864,0.8199687400940529,0.19914794
TV,90,0.05,0.01,178,28.17375788163497,0.8048953104702649,0.16191998
TV,90,0.05,0.01,179,23.22334424292693,0.8761329215851205,0.18274203
TV,90,0.05,0.01,180,27.23172613409741,0.7051808872714269,0.19276814
TV,90,0.05,0.01,181,23.926562024194034,0.8709107219002956,0.17418982
TV,90,0.05,0.01,182,25.50653090594736,0.8560436480670921,0.19259062
TV,90,0.05,0.01,183,23.50970084701054,0.9470877261324362,0.1628744
TV,90,0.05,0.01,184,22.64557253367751,0.826395963895912,0.23443991
TV,90,0.05,0.01,185,23.81358106816147,0.8662714211593482,0.21010591
TV,90,0.05,0.01,186,24.429465812485883,0.8998138415665666,0.14352384
TV,90,0.05,0.01,187,23.15516906825343,0.8754811991652673,0.20305699
TV,90,0.05,0.01,188,24.187327175457373,0.9345681023252898,0.15133357
TV,90,0.05,0.01,189,26.20938439111916,0.692638861723552,0.2572014
TV,90,0.05,0.01,190,26.788598973066975,0.851444418934628,0.1490021
TV,90,0.05,0.01,191,26.64374301644004,0.7330558388840315,0.19949675
TV,90,0.05,0.01,192,22.922569767267458,0.9148052279060045,0.20165175
TV,90,0.05,0.01,193,20.46140107280611,0.7968231793762424,0.3279818
TV,90,0.05,0.01,194,23.1129765232189,0.9139618923779854,0.19551022
TV,90,0.05,0.01,195,22.18539813942086,0.7541620736587639,0.37291497
TV,90,0.05,0.01,196,27.732497816755483,0.7813301473732822,0.14011659
TV,90,0.05,0.01,197,23.580272317095172,0.8685814229201926,0.1755402
TV,90,0.05,0.01,198,24.829047900120216,0.8174987642540912,0.20408878
TV,90,0.05,0.01,199,25.620324326209115,0.8788849925391438,0.12620223
