method,n_angles,sigma,param,img,psnr,ssim,rel
FBP,20,0.0,,0,24.82662748577183,0.793857874202519,0.20882401
FBP,20,0.0,,1,24.01607162289032,0.8105273058865035,0.17888987
FBP,20,0.0,,2,26.288451298360304,0.744129305259009,0.2449902
FBP,20,0.0,,3,23.859380178558688,0.8613812555982308,0.15758494
FBP,20,0.0,,4,23.62511650055986,0.7706502047636785,0.23572378
FBP,20,0.0,,5,26.88738794714812,0.7524665096574579,0.18586253
FBP,20,0.0,,6,23.608464477324276,0.7810690520977801,0.22501703
FBP,20,0.0,,7,24.080358740251015,0.7254100542223035,0.20972714
FBP,20,0.0,,8,24.49160227455796,0.8291526881377559,0.16324371
FBP,20,0.0,,9,23.385955427891894,0.7956034956222846,0.18406026
FBP,20,0.0,,10,23.69504257366016,0.8879019764352066,0.18509808
FBP,20,0.0,,11,22.722029296140136,0.8379922318541684,0.21903417
FBP,20,0.0,,12,24.008041012308567,0.7463326855708868,0.2046176
FBP,20,0.0,,13,23.556046320881023,0.8633727812677745,0.1880031
FBP,20,0.0,,14,25.486653569259555,0.7227676064083891,0.1948207
FBP,20,0.0,,15,22.043954690728288,0.8264644785999697,0.26883614
FBP,20,0.0,,16,23.314963883039393,0.769080366631431,0.22010279
FBP,20,0.0,,17,24.62111266337748,0.7960332969880917,0.188258
FBP,20,0.0,,18,23.375563814754656,0.8581576803083385,0.17402244
FBP,20,0.0,,19,24.22683696485545,0.7173003543299153,0.24389161
FBP,20,0.0,,20,24.511639312297845,0.7853340608614289,0.17122576
FBP,20,0.0,,21,24.606782509394286,0.771083912712114,0.19294767
FBP,20,0.0,,22,23.283913168759447,0.7949605084847936,0.21898341
FBP,20,0.0,,23,23.44711170968447,0.7496937530861845,0.23268706
FBP,20,0.0,,24,23.2905290563443,0.6956620423954504,0.3159049
FBP,20,0.0,,25,23.18093459825977,0.9304092031064605,0.14108087
FBP,20,0.0,,26,24.001543933960527,0.7201296313442598,0.25607032
FBP,20,0.0,,27,24.107222239789216,0.7746883500983154,0.20399444
FBP,20,0.0,,28,24.05592399463319,0.8532538500591373,0.16123603
FBP,20,0.0,,29,26.14825254094343,0.6927139929472661,0.21123278
FBP,20,0.0,,30,24.441193469742544,0.7833541753232356,0.18287404
FBP,20,0.0,,31,26.5412181600394,0.7128430445070478,0.22185531
FBP,20,0.0,,32,24.173071001936624,0.8174924995780977,0.18438935
FBP,20,0.0,,33,23.901441634312736,0.8265045145603497,0.20005292
FBP,20,0.0,,34,24.752325737047556,0.8033637603329233,0.17066537
FBP,20,0.0,,35,23.032786604726482,0.914455969071339,0.20167275
FBP,20,0.0,,36,23.594746256633712,0.7750572369026005,0.21744737
FBP,20,0.0,,37,27.51032266388861,0.7463226370563469,0.1720027
FBP,20,0.0,,38,22.85550732807145,0.7849865725171591,0.26365685
FBP,20,0.0,,39,27.479590065358096,0.7621080943129279,0.14846416
FBP,20,0.0,,40,25.304100369786585,0.7064126939474304,0.33157814
FBP,20,0.0,,41,24.181939763554034,0.7220670262059151,0.23746122
FBP,20,0.0,,42,25.167257543860234,0.7705935501408848,0.17198025
FBP,20,0.0,,43,23.60678621378468,0.6840477882276389,0.26221907
FBP,20,0.0,,44,25.38121224670239,0.7618479853388199,0.19033155
FBP,20,0.0,,45,23.010597695881533,0.7710061449680693,0.25431874
FBP,20,0.0,,46,26.624875825397794,0.7584923220228804,0.1604928
FBP,20,0.0,,47,21.705234616145294,0.6986554874461298,0.3314641
FBP,20,0.0,,48,24.29243780652746,0.8363679936348098,0.14523178
FBP,20,0.0,,49,24.35319746592741,0.785083770952072,0.18901578
FBP,20,0.0,,50,24.097654285871386,0.7554860962208453,0.21611857
FBP,20,0.0,,51,23.69101640576721,0.8830694473494799,0.16068284
FBP,20,0.0,,52,22.948730767553,0.7851290322093616,0.23010512
FBP,20,0.0,,53,21.779586820871035,0.7683594963197743,0.32645902
FBP,20,0.0,,54,22.2981254002379,0.8741453514368974,0.20226951
FBP,20,0.0,,55,23.68329750539147,0.7936725241770922,0.18967278
FBP,20,0.0,,56,25.080113313270253,0.8336815207288408,0.16021238
FBP,20,0.0,,57,25.688583647444347,0.6931503729756213,0.2513847
FBP,20,0.0,,58,24.583304433822487,0.8237861443988301,0.17716824
FBP,20,0.0,,59,24.195643483103424,0.6621585366131415,0.28851178
FBP,20,0.0,,60,24.263187140691738,0.7568259350647611,0.17963023
FBP,20,0.0,,61,23.333913527318654,0.8328972343848018,0.18392447
FBP,20,0.0,,62,24.057638828200325,0.7114858861150574,0.27825835
FBP,20,0.0,,63,24.282639940298722,0.7662046013538503,0.20198703
FBP,20,0.0,,64,23.76424094481612,0.8313345455426014,0.17653479
FBP,20,0.0,,65,25.376219055584663,0.6848731492607554,0.23450695
FBP,20,0.0,,66,22.64833262634697,0.8241753105674524,0.23939057
FBP,20,0.0,,67,23.95084488691852,0.7777938969387126,0.2117592
FBP,20,0.0,,68,23.946004434130884,0.7985714505665189,0.15760109
FBP,20,0.0,,69,23.439436737422316,0.8901129084800886,0.1927614
FBP,20,0.0,,70,24.329621976787585,0.774017046507802,0.1948502
FBP,20,0.0,,71,23.718715618098884,0.9256091788103266,0.15200321
FBP,20,0.0,,72,22.847289892554098,0.8508148179197115,0.21297155
FBP,20,0.0,,73,24.88218323516446,0.7581011419038265,0.15693542
FBP,20,0.0,,74,28.005665526901794,0.7727571762790365,0.15655684
FBP,20,0.0,,75,23.999501717556086,0.7268372336133144,0.20230566
FBP,20,0.0,,76,23.144633577941054,0.7350928119945624,0.25839412
FBP,20,0.0,,77,23.60646124161331,0.7760404744108539,0.24671826
FBP,20,0.0,,78,23.89843791555167,0.6957164894912607,0.21699867
FBP,20,0.0,,79,24.471354399067305,0.8381706336051349,0.14234479
FBP,20,0.0,,80,25.680638327403315,0.7047601961578851,0.17308459
FBP,20,0.0,,81,23.765051541467642,0.778795680831656,0.19196162
FBP,20,0.0,,82,23.593975193370493,0.8574608020284329,0.17112763
FBP,20,0.0,,83,25.25921412069494,0.7308209284154836,0.19963464
FBP,20,0.0,,84,22.01546351786532,0.8115930953717305,0.23287533
FBP,20,0.0,,85,24.381885127399265,0.8596548383270414,0.14961378
FBP,20,0.0,,86,25.815672627405917,0.7822848981600409,0.1513281
FBP,20,0.0,,87,23.28597858892107,0.7893150067495659,0.20088853
FBP,20,0.0,,88,23.78300948512922,0.8170653240493506,0.18932022
FBP,20,0.0,,89,25.878891672458852,0.7066503205251965,0.18743075
FBP,20,0.0,,90,23.701358769002873,0.8096706445582889,0.20042387
FBP,20,0.0,,91,23.80910963327681,0.7324025348725551,0.21470359
FBP,20,0.0,,92,22.483492147430475,0.6724004598626913,0.32315785
FBP,20,0.0,,93,25.288098545479833,0.8102447353688277,0.13451543
FBP,20,0.0,,94,25.802465026829466,0.7284446920052725,0.15784898
FBP,20,0.0,,95,23.658185531044605,0.8500156656969801,0.15351143
FBP,20,0.0,,96,25.8546201639472,0.70262146693816,0.23011182
FBP,20,0.0,,97,24.16497804028815,0.7531033794786243,0.16908689
FBP,20,0.0,,98,23.422340851873326,0.7850408374354982,0.21781883
FBP,20,0.0,,99,24.341418442172294,0.7990574305261339,0.1651973
FBP,20,0.0,,100,22.217437625765207,0.736795674624645,0.30218858
FBP,20,0.0,,101,23.17954023099807,0.8642182976376912,0.20933019
FBP,20,0.0,,102,23.216919600791137,0.8501437816399434,0.2040897
FBP,20,0.0,,103,25.454264815149074,0.8024901686628804,0.16339523
FBP,20,0.0,,104,24.215583941193376,0.7892962583640882,0.20523758
FBP,20,0.0,,105,23.73531357149144,0.746622546283482,0.22593611
FBP,20,0.0,,106,22.395017367698856,0.9059319560154349,0.21968886
FBP,20,0.0,,107,26.706342548415698,0.7373060075766291,0.1917329
FBP,20,0.0,,108,25.02662964171579,0.7466690442563335,0.1795378
FBP,20,0.0,,109,22.080700172362356,0.7318380345698169,0.27256492
FBP,20,0.0,,110,23.31161384036482,0.7919463143368398,0.19630553
FBP,20,0.0,,111,26.269320307165206,0.773962281090169,0.17298663
FBP,20,0.0,,112,24.809278317391907,0.7530809696917692,0.20962659
FBP,20,0.0,,113,24.722632510660326,0.7292766172346498,0.18502188
FBP,20,0.0,,114,24.23869510802963,0.6940896810101699,0.22070901
FBP,20,0.0,,115,24.31102120397358,0.7154389119760927,0.22864074
FBP,20,0.0,,116,24.462224953925862,0.6778045313621386,0.24122432
FBP,20,0.0,,117,24.689738859224448,0.7810506615556838,0.17621493
FBP,20,0.0,,118,23.706257818168602,0.7113012743513446,0.25416434
FBP,20,0.0,,119,23.68991635628563,0.85243754078103,0.18372877
FBP,20,0.0,,120,23.865286150104858,0.8994967723034384,0.15928589
FBP,20,0.0,,121,24.00332753383421,0.7730551567621344,0.21984473
FBP,20,0.0,,122,25.583575443144056,0.7030253284476112,0.2235395
FBP,20,0.0,,123,22.663434316752284,0.774883699780407,0.23167066
FBP,20,0.0,,124,24.40998656393042,0.7401601565339841,0.18299496
FBP,20,0.0,,125,23.36697775320806,0.7024680552850208,0.24477322
FBP,20,0.0,,126,23.343458935282936,0.8905006419744127,0.1963131
FBP,20,0.0,,127,24.41555118833291,0.7934302878065789,0.1789326
FBP,20,0.0,,128,23.829306695749125,0.8591108858154333,0.15666628
FBP,20,0.0,,129,23.735052819221995,0.7866739739994865,0.21300933
FBP,20,0.0,,130,24.24765311732335,0.8275244764152391,0.15671772
FBP,20,0.0,,131,23.488752935813512,0.8331124733687063,0.15998168
FBP,20,0.0,,132,22.536643983802147,0.8632628503217061,0.18451738
FBP,20,0.0,,133,24.851013955948456,0.8387238273458663,0.15173572
FBP,20,0.0,,134,22.708479108659443,0.7808073401712805,0.21003002
FBP,20,0.0,,135,26.975792924343715,0.7605523516093035,0.15886477
FBP,20,0.0,,136,23.964443668541406,0.8270611726440305,0.19402966
FBP,20,0.0,,137,25.42859426194488,0.6894287919656428,0.17700575
FBP,20,0.0,,138,23.29239883228389,0.7968168758040617,0.19849038
FBP,20,0.0,,139,23.79286529669082,0.7903987839510126,0.19564174
FBP,20,0.0,,140,22.597299186525017,0.6556056334005961,0.30310807
FBP,20,0.0,,141,24.661290898295913,0.7266952075345119,0.2127063
FBP,20,0.0,,142,23.137292225822648,0.822470861971994,0.23008902
FBP,20,0.0,,143,26.948982293770204,0.7496916418048468,0.20551053
FBP,20,0.0,,144,23.768995780067602,0.7463634470631638,0.19970596
FBP,20,0.0,,145,25.793461097488724,0.728955698084117,0.23756091
FBP,20,0.0,,146,23.116917120118675,0.7813617517432767,0.19051322
FBP,20,0.0,,147,23.524455648413216,0.8992674682012274,0.16151309
FBP,20,0.0,,148,24.08876379514053,0.8385186034816602,0.19832803
FBP,20,0.0,,149,22.01957730836916,0.6919215861881106,0.3133266
FBP,20,0.0,,150,24.205654937261297,0.7923703251852969,0.19707108
FBP,20,0.0,,151,22.284290290088116,0.8521642849495834,0.21589856
FBP,20,0.0,,152,22.896805718982893,0.7176152700308156,0.25133237
FBP,20,0.0,,153,22.979378649399784,0.7776739710464704,0.25503978
FBP,20,0.0,,154,28.137974207537088,0.7271393962850994,0.1929084
FBP,20,0.0,,155,24.31988010814541,0.8314566890101048,0.16814639
FBP,20,0.0,,156,23.949986574521084,0.7380462862177913,0.21198794
FBP,20,0.0,,157,23.504627324024632,0.7986349656731506,0.2107499
FBP,20,0.0,,158,24.661980820906997,0.7914587683082859,0.18595476
FBP,20,0.0,,159,23.995751877127503,0.6809364397325053,0.25618884
FBP,20,0.0,,160,24.97947613364707,0.779114322629103,0.17193492
FBP,20,0.0,,161,22.945483995578858,0.824095983912568,0.21817942
FBP,20,0.0,,162,23.779850101468185,0.853360069615474,0.16486505
FBP,20,0.0,,163,24.676341565488308,0.8324161344785089,0.15951823
FBP,20,0.0,,164,23.176948029087118,0.7435838268292406,0.2262439
FBP,20,0.0,,165,24.30959246970662,0.8572950236314585,0.16723584
FBP,20,0.0,,166,22.639648212777914,0.7655933446843516,0.24987686
FBP,20,0.0,,167,23.74667222762524,0.7087396968671791,0.24094692
FBP,20,0.0,,168,28.77907041088558,0.7672924299624341,0.14707552
FBP,20,0.0,,169,25.18459302098541,0.7619904520775168,0.19397937
FBP,20,0.0,,170,25.0305786008095,0.7233218242498961,0.21556066
FBP,20,0.0,,171,25.21785121966996,0.8145941248055825,0.14190333
FBP,20,0.0,,172,22.5024227182031,0.8883267295939371,0.20414558
FBP,20,0.0,,173,22.29547682290206,0.824477905792392,0.2806189
FBP,20,0.0,,174,23.732052387324295,0.7590176744217222,0.2070832
FBP,20,0.0,,175,25.100539564831138,0.6919680519168042,0.3321789
FBP,20,0.0,,176,26.889164285792965,0.758049136397144,0.26887348
FBP,20,0.0,,177,23.33858278574375,0.7770496103142904,0.20411314
FBP,20,0.0,,178,27.293363936147866,0.7505482656896607,0.17919262
FBP,20,0.0,,179,23.251187015543376,0.7953220941087862,0.18215719
FBP,20,0.0,,180,28.234557035227606,0.7418973974052293,0.1717488
FBP,20,0.0,,181,23.655394026919886,0.7909678649850005,0.1797137
FBP,20,0.0,,182,24.651023468896966,0.732293871177499,0.21252525
FBP,20,0.0,,183,21.98298612338672,0.9004636325831101,0.19417287
FBP,20,0.0,,184,24.06859426029982,0.7706273891385799,0.19901255
FBP,20,0.0,,185,23.721061878467005,0.7758811634988332,0.21235584
FBP,20,0.0,,186,24.382104774005086,0.8471021123599908,0.14430857
FBP,20,0.0,,187,22.94858895514424,0.8290528918285508,0.20794426
FBP,20,0.0,,188,23.20170951928695,0.8787121293558315,0.16951811
FBP,20,0.0,,189,25.60605775405357,0.6978261275524812,0.27570185
FBP,20,0.0,,190,26.59769202597126,0.7462755166425192,0.15231329
FBP,20,0.0,,191,26.70224947768279,0.7425629512583913,0.1981575
FBP,20,0.0,,192,23.15378856491568,0.8415871059506639,0.1963546
FBP,20,0.0,,193,22.18502820819834,0.7294441816389314,0.26894802
FBP,20,0.0,,194,23.36079859319444,0.8660750193636834,0.19001083
FBP,20,0.0,,195,23.150305955965855,0.5861071523640705,0.33370632
FBP,20,0.0,,196,27.185778427379283,0.7666992268348036,0.14921948
FBP,20,0.0,,197,22.794614998935955,0.7312321312925663,0.19215843
FBP,20,0.0,,198,24.646230244832292,0.7399754363674024,0.20842989
FBP,20,0.0,,199,25.082258052578602,0.8673423323318485,0.13426733
Tikhonov,20,0.0,0.0001,0,29.992694802938693,0.7989702951163054,0.115206525
Tikhonov,20,0.0,0.0001,1,28.79525480145677,0.8412573166530241,0.10318738
Tikhonov,20,0.0,0.0001,2,31.324205082564667,0.6911056250149061,0.13720217
Tikhonov,20,0.0,0.0001,3,28.70545768057925,0.9029645140567595,0.090200886
Tikhonov,20,0.0,0.0001,4,28.62173274502906,0.8235893284840402,0.13260886
Tikhonov,20,0.0,0.0001,5,31.32725094683504,0.742849334027649,0.11148045
Tikhonov,20,0.0,0.0001,6,28.25214511799778,0.8163321363655004,0.13183519
Tikhonov,20,0.0,0.0001,7,28.01182827390266,0.7581628856887995,0.13337706
Tikhonov,20,0.0,0.0001,8,28.93810254997479,0.8769346831197088,0.09783888
Tikhonov,20,0.0,0.0001,9,27.806252919713614,0.8293541532841103,0.1106484
Tikhonov,20,0.0,0.0001,10,29.545268325728347,0.9327268376946449,0.09438232
Tikhonov,20,0.0,0.0001,11,29.108072982530643,0.895276147518153,0.10500493
Tikhonov,20,0.0,0.0001,12,28.88016933627204,0.7796335320396364,0.11677143
Tikhonov,20,0.0,0.0001,13,29.499382332690104,0.9127877311519355,0.09484145
Tikhonov,20,0.0,0.0001,14,29.674909874814293,0.6994387516982792,0.12028799
Tikhonov,20,0.0,0.0001,15,27.05842947115031,0.8710769682522278,0.15092593
Tikhonov,20,0.0,0.0001,16,28.584712088712088,0.8186726536263119,0.11998809
Tikhonov,20,0.0,0.0001,17,29.286853449256853,0.8115469798876727,0.11001868
Tikhonov,20,0.0,0.0001,18,29.447389817686087,0.8994412857823628,0.08649957
Tikhonov,20,0.0,0.0001,19,29.8540650010351,0.7580721965444482,0.12759554
Tikhonov,20,0.0,0.0001,20,29.69774951881496,0.8234676376354596,0.09424615
Tikhonov,20,0.0,0.0001,21,30.662054024956483,0.8091563805937767,0.09608951
Tikhonov,20,0.0,0.0001,22,28.50703400799278,0.840908150758194,0.120020434
Tikhonov,20,0.0,0.0001,23,28.90750384216986,0.7989322625731757,0.124094516
Tikhonov,20,0.0,0.0001,24,26.936935416122985,0.740777063214274,0.20760415
Tikhonov,20,0.0,0.0001,25,27.31776317222912,0.9570437505964405,0.087624736
Tikhonov,20,0.0,0.0001,26,28.425833042530368,0.7113974401303991,0.15386675
Tikhonov,20,0.0,0.0001,27,28.912951616459857,0.8154970103305234,0.117309146
Tikhonov,20,0.0,0.0001,28,29.513491023433943,0.8945262628214911,0.0860169
Tikhonov,20,0.0,0.0001,29,30.599790743140254,0.6951690138248373,0.12652734
Tikhonov,20,0.0,0.0001,30,28.589975420298153,0.8122428676559905,0.1134261
Tikhonov,20,0.0,0.0001,31,31.4878952941519,0.6718415616095559,0.12552665
Tikhonov,20,0.0,0.0001,32,29.58249609291687,0.8493820644668804,0.098915555
Tikhonov,20,0.0,0.0001,33,29.185217691017826,0.8583024860290457,0.108881995
Tikhonov,20,0.0,0.0001,34,28.489517668758108,0.8333229753227274,0.1109905
Tikhonov,20,0.0,0.0001,35,28.69470260774898,0.9521778445105907,0.105087586
Tikhonov,20,0.0,0.0001,36,28.93382402444199,0.8109140381494091,0.117598094
Tikhonov,20,0.0,0.0001,37,31.582467948373992,0.7256253603845835,0.10762868
Tikhonov,20,0.0,0.0001,38,27.900173563238475,0.8008308676263887,0.14750467
Tikhonov,20,0.0,0.0001,39,31.601374316425463,0.7533119553930996,0.09237031
Tikhonov,20,0.0,0.0001,40,28.81421508647691,0.6047604815526442,0.22135031
Tikhonov,20,0.0,0.0001,41,28.52490180128654,0.7525746843908444,0.14402723
Tikhonov,20,0.0,0.0001,42,30.14785485277507,0.8152017132494568,0.09692788
Tikhonov,20,0.0,0.0001,43,27.79438105141038,0.7279231141529177,0.16191407
Tikhonov,20,0.0,0.0001,44,30.656544258232014,0.7877754844294107,0.10369174
Tikhonov,20,0.0,0.0001,45,28.47014132566999,0.8225394282490015,0.13564418
Tikhonov,20,0.0,0.0001,46,30.378648833012324,0.7536165053563669,0.104175806
Tikhonov,20,0.0,0.0001,47,25.33177022952539,0.7419174751959556,0.21832813
Tikhonov,20,0.0,0.0001,48,27.954885425041887,0.8606823944632919,0.0952663
Tikhonov,20,0.0,0.0001,49,28.342992292389297,0.8214880246438148,0.119401105
Tikhonov,20,0.0,0.0001,50,28.35689769494337,0.7722036635256873,0.13235182
Tikhonov,20,0.0,0.0001,51,27.94795691256614,0.9097590256821025,0.09842886
Tikhonov,20,0.0,0.0001,52,27.498283295082743,0.826268939532278,0.13628517
Tikhonov,20,0.0,0.0001,53,26.0703957519009,0.8299793165238681,0.1991995
Tikhonov,20,0.0,0.0001,54,27.649821490863943,0.9034017252558766,0.109230936
Tikhonov,20,0.0,0.0001,55,28.946001684230772,0.8452431102214027,0.103483185
Tikhonov,20,0.0,0.0001,56,29.927055394251354,0.8769865530458364,0.0916957
Tikhonov,20,0.0,0.0001,57,30.640527944881576,0.6535266799744496,0.14214829
Tikhonov,20,0.0,0.0001,58,30.79750705587403,0.8633052439790619,0.086631484
Tikhonov,20,0.0,0.0001,59,27.887468940662604,0.6858950192570563,0.18861328
Tikhonov,20,0.0,0.0001,60,28.603177106818137,0.7679554448609264,0.10898832
Tikhonov,20,0.0,0.0001,61,28.378339770990884,0.8823167788526736,0.10290067
Tikhonov,20,0.0,0.0001,62,28.189044574556412,0.7414183677905355,0.17293301
Tikhonov,20,0.0,0.0001,63,29.693406199152264,0.8184542228306128,0.10833908
Tikhonov,20,0.0,0.0001,64,27.425363846221366,0.8546083027050515,0.115817495
Tikhonov,20,0.0,0.0001,65,30.357735273362344,0.7124190248764497,0.13215388
Tikhonov,20,0.0,0.0001,66,27.981779918443564,0.877638739556813,0.1295492
Tikhonov,20,0.0,0.0001,67,27.95002156589569,0.8320907401459768,0.1336237
Tikhonov,20,0.0,0.0001,68,27.764880782587444,0.8217950767321773,0.10153491
Tikhonov,20,0.0,0.0001,69,29.252469373316607,0.931668211174898,0.098711655
Tikhonov,20,0.0,0.0001,70,28.16187513986314,0.7843194898094766,0.12533957
Tikhonov,20,0.0,0.0001,71,29.068610287949728,0.9578387217272905,0.08210282
Tikhonov,20,0.0,0.0001,72,27.986831591844478,0.8872513346497185,0.11785406
Tikhonov,20,0.0,0.0001,73,28.955417011441323,0.7979054554434847,0.0981882
Tikhonov,20,0.0,0.0001,74,31.534488368612863,0.7719820665795941,0.10428718
Tikhonov,20,0.0,0.0001,75,27.803915182342532,0.7634911428028641,0.13055316
Tikhonov,20,0.0,0.0001,76,28.530319737529982,0.7793546558534803,0.13899474
Tikhonov,20,0.0,0.0001,77,28.770343286013507,0.8286634693461016,0.13614672
Tikhonov,20,0.0,0.0001,78,28.295312712043426,0.7141332966237028,0.13080166
Tikhonov,20,0.0,0.0001,79,28.605852241670465,0.8622119134707638,0.088433474
Tikhonov,20,0.0,0.0001,80,29.900020885672717,0.7633405098429888,0.10648521
Tikhonov,20,0.0,0.0001,81,28.436362419406066,0.8120650874897222,0.112111166
Tikhonov,20,0.0,0.0001,82,27.85816753572145,0.8925809772792926,0.10473951
Tikhonov,20,0.0,0.0001,83,30.00390350992876,0.7692267342724584,0.11561161
Tikhonov,20,0.0,0.0001,84,26.6596818356369,0.8553510744063076,0.13643084
Tikhonov,20,0.0,0.0001,85,28.348409723108524,0.8852101561328596,0.09476443
Tikhonov,20,0.0,0.0001,86,29.39899293469056,0.7910287065723957,0.10017367
Tikhonov,20,0.0,0.0001,87,28.20529863960501,0.8297636963365492,0.11402213
Tikhonov,20,0.0,0.0001,88,28.890852364362026,0.8487055956209002,0.10514893
Tikhonov,20,0.0,0.0001,89,29.007190486315015,0.7216599069166282,0.13074525
Tikhonov,20,0.0,0.0001,90,29.158251253078614,0.8553059320619776,0.1069313
Tikhonov,20,0.0,0.0001,91,28.803116326544842,0.779378104246845,0.12082003
Tikhonov,20,0.0,0.0001,92,26.266038353739983,0.7108559565741784,0.20906793
Tikhonov,20,0.0,0.0001,93,29.67430732266841,0.8422298491432154,0.08118235
Tikhonov,20,0.0,0.0001,94,30.23874017391545,0.7377270815108926,0.09471701
Tikhonov,20,0.0,0.0001,95,28.07726391427229,0.8812284699125477,0.09229684
Tikhonov,20,0.0,0.0001,96,29.914231792732203,0.6764626205891124,0.1441977
Tikhonov,20,0.0,0.0001,97,28.04166961935898,0.7932998955419118,0.10821199
Tikhonov,20,0.0,0.0001,98,29.172286592470115,0.8261530522934415,0.11235648
Tikhonov,20,0.0,0.0001,99,29.277965951423578,0.8481108503770237,0.09357838
Tikhonov,20,0.0,0.0001,100,26.858018354634577,0.791723913705546,0.17711242
Tikhonov,20,0.0,0.0001,101,28.734059339048102,0.9143809123842184,0.110434785
Tikhonov,20,0.0,0.0001,102,28.94027477449097,0.890934689786316,0.10559743
Tikhonov,20,0.0,0.0001,103,30.361568596031567,0.8428488827872375,0.09286973
Tikhonov,20,0.0,0.0001,104,29.684559742223936,0.8507081272680898,0.109347306
Tikhonov,20,0.0,0.0001,105,29.185858926932116,0.7930383736744893,0.12063085
Tikhonov,20,0.0,0.0001,106,26.689429673463213,0.9470551418802462,0.13399462
Tikhonov,20,0.0,0.0001,107,31.185236409950402,0.7689412396308805,0.11448589
Tikhonov,20,0.0,0.0001,108,29.76411478030787,0.7747568655913034,0.10405948
Tikhonov,20,0.0,0.0001,109,26.06436896789171,0.7715296421492518,0.17230049
Tikhonov,20,0.0,0.0001,110,28.332218661533002,0.8308262570707265,0.11012915
Tikhonov,20,0.0,0.0001,111,30.758734507748073,0.7750220602639943,0.10316724
Tikhonov,20,0.0,0.0001,112,30.60098015156315,0.791684851820065,0.10761213
Tikhonov,20,0.0,0.0001,113,30.73916113110675,0.7800982367278131,0.09255431
Tikhonov,20,0.0,0.0001,114,28.34618629914081,0.7312278993550904,0.13754523
Tikhonov,20,0.0,0.0001,115,28.61714065670632,0.7367902499554325,0.1392668
Tikhonov,20,0.0,0.0001,116,28.853444326522094,0.7088853807519536,0.14549902
Tikhonov,20,0.0,0.0001,117,29.470679298500873,0.8271763297028778,0.10162386
Tikhonov,20,0.0,0.0001,118,28.84403615829992,0.7594459873339361,0.14067784
Tikhonov,20,0.0,0.0001,119,27.949585759997323,0.8732249185535287,0.112510666
Tikhonov,20,0.0,0.0001,120,28.948698230174443,0.9342012225288497,0.08871697
Tikhonov,20,0.0,0.0001,121,28.722573862787243,0.8131399856310738,0.12768908
Tikhonov,20,0.0,0.0001,122,30.105773750100667,0.7071594178353336,0.13281415
Tikhonov,20,0.0,0.0001,123,27.889599835194332,0.8186112439321461,0.12692955
Tikhonov,20,0.0,0.0001,124,28.857661166325318,0.7708960442749921,0.10966181
Tikhonov,20,0.0,0.0001,125,27.546673620247564,0.7274761824783954,0.15127917
Tikhonov,20,0.0,0.0001,126,28.866286138323876,0.9387790169105057,0.10394603
Tikhonov,20,0.0,0.0001,127,29.921852200034586,0.8458730333353862,0.094923645
Tikhonov,20,0.0,0.0001,128,28.4642262260317,0.8846420136949986,0.09188182
Tikhonov,20,0.0,0.0001,129,28.769638613388437,0.8205599791932204,0.119307935
Tikhonov,20,0.0,0.0001,130,28.689857597613518,0.8525386053206753,0.09397404
Tikhonov,20,0.0,0.0001,131,27.401050880867082,0.8679362042106626,0.101965986
Tikhonov,20,0.0,0.0001,132,26.70028155889296,0.890291696506714,0.114249796
Tikhonov,20,0.0,0.0001,133,29.27290076415051,0.8762983717640077,0.09119972
Tikhonov,20,0.0,0.0001,134,27.375975199006767,0.8132985020749086,0.12271754
Tikhonov,20,0.0,0.0001,135,30.768217050496492,0.7443593738769944,0.102661215
Tikhonov,20,0.0,0.0001,136,30.03316962132346,0.8646820671240653,0.09647879
Tikhonov,20,0.0,0.0001,137,28.867185583404922,0.6977684283244215,0.119140044
Tikhonov,20,0.0,0.0001,138,28.856263715782756,0.8387698834715795,0.1046035
Tikhonov,20,0.0,0.0001,139,27.775003040758854,0.8287770471050719,0.123695716
Tikhonov,20,0.0,0.0001,140,27.255711111916206,0.694819178770889,0.177287
Tikhonov,20,0.0,0.0001,141,29.397453709333202,0.7296509685010211,0.12330259
Tikhonov,20,0.0,0.0001,142,28.72560511290892,0.8770223295947245,0.12091502
Tikhonov,20,0.0,0.0001,143,32.87375232865265,0.7130022412858719,0.103895225
Tikhonov,20,0.0,0.0001,144,27.923591804409938,0.7960160875246545,0.12378306
Tikhonov,20,0.0,0.0001,145,29.848792790929686,0.6871543887325309,0.148939
Tikhonov,20,0.0,0.0001,146,27.73829801944142,0.8198050506228258,0.1119067
Tikhonov,20,0.0,0.0001,147,28.12597924402175,0.9355842052104552,0.09508928
Tikhonov,20,0.0,0.0001,148,29.95409050256324,0.8793639609944229,0.10095267
Tikhonov,20,0.0,0.0001,149,25.41921622015812,0.7432271274776499,0.21184358
Tikhonov,20,0.0,0.0001,150,29.78143977379172,0.8399717732340344,0.1037131
Tikhonov,20,0.0,0.0001,151,27.307310508474693,0.9011457271812376,0.12108734
Tikhonov,20,0.0,0.0001,152,27.81351240991267,0.7557716695514839,0.14269643
Tikhonov,20,0.0,0.0001,153,28.29909838196572,0.8293698549209055,0.13823625
Tikhonov,20,0.0,0.0001,154,32.77689159314934,0.7047579639768304,0.113085076
Tikhonov,20,0.0,0.0001,155,29.29795936425085,0.8682666522997223,0.0947946
Tikhonov,20,0.0,0.0001,156,28.529900809849934,0.7552275799199446,0.12511675
Tikhonov,20,0.0,0.0001,157,29.005745291168857,0.8471552675112712,0.11186944
Tikhonov,20,0.0,0.0001,158,29.89731097114641,0.841670218116242,0.10177492
Tikhonov,20,0.0,0.0001,159,28.127216215131167,0.700077753483264,0.1592161
Tikhonov,20,0.0,0.0001,160,29.161480036420944,0.8040535832978477,0.10623409
Tikhonov,20,0.0,0.0001,161,27.716557615925854,0.8621071884793438,0.12596796
Tikhonov,20,0.0,0.0001,162,28.18509382524452,0.8800289121510323,0.09928107
Tikhonov,20,0.0,0.0001,163,28.718536244706016,0.8729813521312288,0.10016145
Tikhonov,20,0.0,0.0001,164,28.232211150449857,0.7762824653932625,0.1264194
Tikhonov,20,0.0,0.0001,165,29.48340671789331,0.9025942146901257,0.092180416
Tikhonov,20,0.0,0.0001,166,27.00727542897394,0.8043176659636877,0.1511279
Tikhonov,20,0.0,0.0001,167,28.281260015585367,0.7557529744207243,0.14295258
Tikhonov,20,0.0,0.0001,168,32.761509296767365,0.7652184802515447,0.0929862
Tikhonov,20,0.0,0.0001,169,30.112423838613502,0.7993322060682064,0.10999274
Tikhonov,20,0.0,0.0001,170,29.24207842759104,0.7552485986158621,0.13273777
Tikhonov,20,0.0,0.0001,171,28.644528607552484,0.849461513579138,0.095644206
Tikhonov,20,0.0,0.0001,172,28.148028773179746,0.9254615953700109,0.10657607
Tikhonov,20,0.0,0.0001,173,27.443604191529708,0.8821135598027017,0.15513527
Tikhonov,20,0.0,0.0001,174,28.708804935558838,0.786646715450016,0.11676355
Tikhonov,20,0.0,0.0001,175,29.18019800719591,0.6761362114844244,0.20767733
Tikhonov,20,0.0,0.0001,176,30.66252509145648,0.712763413725313,0.17413253
Tikhonov,20,0.0,0.0001,177,28.60848134563337,0.7991740352297125,0.11126947
Tikhonov,20,0.0,0.0001,178,31.706242168228567,0.7269222582574965,0.10781426
Tikhonov,20,0.0,0.0001,179,27.48100378416066,0.8229859353097018,0.11193231
Tikhonov,20,0.0,0.0001,180,32.34231465328439,0.7347629448044891,0.10703007
Tikhonov,20,0.0,0.0001,181,28.33975453366323,0.8227993665216875,0.104800455
Tikhonov,20,0.0,0.0001,182,29.482753663249692,0.7609770387903718,0.12184957
Tikhonov,20,0.0,0.0001,183,26.939118507155136,0.9387332474089358,0.10974429
Tikhonov,20,0.0,0.0001,184,29.133651379905988,0.8197310323372853,0.11107789
Tikhonov,20,0.0,0.0001,185,28.469232349897453,0.8067431658629544,0.12292939
Tikhonov,20,0.0,0.0001,186,29.004956705571118,0.8816403770311312,0.08475191
Tikhonov,20,0.0,0.0001,187,28.31468939721279,0.8824497848779949,0.11210937
Tikhonov,20,0.0,0.0001,188,28.287166240649128,0.9226026200065928,0.09439376
Tikhonov,20,0.0,0.0001,189,30.201750422830642,0.6493710183253711,0.1624258
Tikhonov,20,0.0,0.0001,190,30.246614187797647,0.7464802835352164,0.10006718
Tikhonov,20,0.0,0.0001,191,31.17448548486719,0.7239359586753629,0.118412815
Tikhonov,20,0.0,0.0001,192,28.964207756893142,0.8881235701793974,0.10058197
Tikhonov,20,0.0,0.0001,193,26.120845758962506,0.7624527946507081,0.1709533
Tikhonov,20,0.0,0.0001,194,28.1825765308511,0.9023039808173564,0.109066024
Tikhonov,20,0.0,0.0001,195,26.51000192273449,0.6415611568699814,0.22666247
Tikhonov,20,0.0,0.0001,196,30.712849747941895,0.7326686310866648,0.09941959
Tikhonov,20,0.0,0.0001,197,26.38519864592454,0.7752970487402737,0.12709554
Tikhonov,20,0.0,0.0001,198,29.761550322902103,0.7724131577271075,0.11566288
Tikhonov,20,0.0,0.0001,199,29.050945662181054,0.8876411820307744,0.085022904
TV,20,0.0,0.00031622776601683794,0,36.76413742429726,0.997193113585149,0.05283296
TV,20,0.0,0.00031622776601683794,1,37.71078598054632,0.9982361682682983,0.03697005
TV,20,0.0,0.00031622776601683794,2,39.05376817925844,0.9981165131754126,0.05634857
TV,20,0.0,0.00031622776601683794,3,36.135556463385456,0.9969931480066836,0.03834475
TV,20,0.0,0.00031622776601683794,4,34.22509984931151,0.9917321126323101,0.069567144
TV,20,0.0,0.00031622776601683794,5,41.07496663595303,0.9987170872363177,0.03629217
TV,20,0.0,0.00031622776601683794,6,34.92751165227449,0.9966322135580473,0.061131217
TV,20,0.0,0.00031622776601683794,7,34.75584598984866,0.9958871132578732,0.061359283
TV,20,0.0,0.00031622776601683794,8,35.99251504281453,0.9971695038651632,0.043430097
TV,20,0.0,0.00031622776601683794,9,32.9609056699085,0.9958854432194686,0.06112411
TV,20,0.0,0.00031622776601683794,10,36.89088059463613,0.99780893769146,0.040514458
TV,20,0.0,0.00031622776601683794,11,33.42171459164878,0.9963013250226816,0.063903935
TV,20,0.0,0.00031622776601683794,12,34.43426979348767,0.9968329998087292,0.061607216
TV,20,0.0,0.00031622776601683794,13,35.15128051211783,0.9956948273191767,0.04947699
TV,20,0.0,0.00031622776601683794,14,39.69934050955971,0.9977476601758279,0.03793156
TV,20,0.0,0.00031622776601683794,15,31.06060347251993,0.9918201041123098,0.095203996
TV,20,0.0,0.00031622776601683794,16,34.82187342873789,0.9950996677983891,0.05851673
TV,20,0.0,0.00031622776601683794,17,36.288601730170825,0.995796855569871,0.049133647
TV,20,0.0,0.00031622776601683794,18,35.29632209461794,0.9977790069235258,0.044113073
TV,20,0.0,0.00031622776601683794,19,36.30474109705131,0.9962498997607507,0.060715795
TV,20,0.0,0.00031622776601683794,20,35.85468757161642,0.9974086184885876,0.04638918
TV,20,0.0,0.00031622776601683794,21,37.037273202055346,0.9978649473387348,0.046122734
TV,20,0.0,0.00031622776601683794,22,32.88008230247265,0.9956928497749912,0.07254421
TV,20,0.0,0.00031622776601683794,23,33.95789699984316,0.9949630199631384,0.069379784
TV,20,0.0,0.00031622776601683794,24,32.23440845366897,0.9908428640405008,0.112813845
TV,20,0.0,0.00031622776601683794,25,34.90426126997332,0.9977831217375669,0.036584895
TV,20,0.0,0.00031622776601683794,26,34.676588445982816,0.9946414711307888,0.07492159
TV,20,0.0,0.00031622776601683794,27,36.62587220550587,0.9974990898420003,0.04827095
TV,20,0.0,0.00031622776601683794,28,37.813135627215004,0.9984095892137732,0.033082746
TV,20,0.0,0.00031622776601683794,29,39.25921956426306,0.9982337778018526,0.046688825
TV,20,0.0,0.00031622776601683794,30,37.10991030252788,0.9972827716553507,0.04253204
TV,20,0.0,0.00031622776601683794,31,38.76699600529702,0.9977653866464441,0.054297637
TV,20,0.0,0.00031622776601683794,32,36.257538505282,0.9976692475563238,0.045868285
TV,20,0.0,0.00031622776601683794,33,35.09874820190201,0.9963601931067537,0.055116236
TV,20,0.0,0.00031622776601683794,34,37.793052395737064,0.996358924783951,0.03802849
TV,20,0.0,0.00031622776601683794,35,34.706915488223096,0.9966137233105573,0.052594554
TV,20,0.0,0.00031622776601683794,36,35.89194001296305,0.9944494875255695,0.05278305
TV,20,0.0,0.00031622776601683794,37,42.834198491083974,0.9990176068357199,0.029467376
TV,20,0.0,0.00031622776601683794,38,33.16119140813788,0.9946675123262011,0.08049241
TV,20,0.0,0.00031622776601683794,39,40.659344442028484,0.9990789749898201,0.032556217
TV,20,0.0,0.00031622776601683794,40,37.05220482492003,0.9954116476222503,0.08573944
TV,20,0.0,0.00031622776601683794,41,32.68907389479908,0.992816270013486,0.08917353
TV,20,0.0,0.00031622776601683794,42,38.086073725853154,0.9978881353928037,0.03886313
TV,20,0.0,0.00031622776601683794,43,35.88657274490408,0.9963712308032453,0.063778594
TV,20,0.0,0.00031622776601683794,44,38.34715539434651,0.9980356036877829,0.042777322
TV,20,0.0,0.00031622776601683794,45,32.70644228045036,0.9932135363255651,0.08328871
TV,20,0.0,0.00031622776601683794,46,42.153099617543184,0.9987885072704189,0.026856184
TV,20,0.0,0.00031622776601683794,47,28.427130702023877,0.9808087731934776,0.15287684
TV,20,0.0,0.00031622776601683794,48,40.59094635862909,0.9987661768335941,0.022240074
TV,20,0.0,0.00031622776601683794,49,36.21874223235442,0.9964859493015227,0.04821929
TV,20,0.0,0.00031622776601683794,50,34.98589370944827,0.9966505563948765,0.06169928
TV,20,0.0,0.00031622776601683794,51,36.33274698743316,0.998165947469798,0.037487198
TV,20,0.0,0.00031622776601683794,52,34.18754470651338,0.9957295936986434,0.06309364
TV,20,0.0,0.00031622776601683794,53,29.786978084366837,0.9833607660098509,0.12985513
TV,20,0.0,0.00031622776601683794,54,32.597644360304876,0.9957200836790495,0.06179516
TV,20,0.0,0.00031622776601683794,55,36.492558170083825,0.997310817611119,0.043405224
TV,20,0.0,0.00031622776601683794,56,38.6873808260256,0.9984248239885677,0.033445116
TV,20,0.0,0.00031622776601683794,57,37.01961386966752,0.9968831066257697,0.06820047
TV,20,0.0,0.00031622776601683794,58,37.82188174627139,0.997881659298889,0.03858842
TV,20,0.0,0.00031622776601683794,59,33.43892865632274,0.9934974765974628,0.09954038
TV,20,0.0,0.00031622776601683794,60,37.30658273925587,0.9953103836410302,0.04001379
TV,20,0.0,0.00031622776601683794,61,34.46749989473456,0.9974016497943027,0.051045824
TV,20,0.0,0.00031622776601683794,62,33.16488125457593,0.9926639374130029,0.09751829
TV,20,0.0,0.00031622776601683794,63,37.159895299563075,0.9980324942710971,0.045862813
TV,20,0.0,0.00031622776601683794,64,36.10326940769394,0.9973803806649751,0.042646054
TV,20,0.0,0.00031622776601683794,65,36.82103535718728,0.9953624072892606,0.06279353
TV,20,0.0,0.00031622776601683794,66,32.41603998149532,0.9926802322637936,0.07775381
TV,20,0.0,0.00031622776601683794,67,32.290735226225436,0.9921854478268584,0.08106768
TV,20,0.0,0.00031622776601683794,68,33.948872256771175,0.9960984853673572,0.049821388
TV,20,0.0,0.00031622776601683794,69,36.1021757384927,0.9969715370126992,0.044862464
TV,20,0.0,0.00031622776601683794,70,37.843763933736135,0.9972263964986013,0.041114382
TV,20,0.0,0.00031622776601683794,71,34.546797109602416,0.9976334509031832,0.04369671
TV,20,0.0,0.00031622776601683794,72,32.69386020511386,0.9940332272821222,0.06854774
TV,20,0.0,0.00031622776601683794,73,38.78150772638201,0.9979386587034572,0.031677783
TV,20,0.0,0.00031622776601683794,74,43.57134900925793,0.9990455553797651,0.026084825
TV,20,0.0,0.00031622776601683794,75,35.482827128488324,0.9956205558678335,0.053931404
TV,20,0.0,0.00031622776601683794,76,34.276263406627116,0.9966320139317473,0.071730055
TV,20,0.0,0.00031622776601683794,77,34.90165183441438,0.9963733835900126,0.06721122
TV,20,0.0,0.00031622776601683794,78,34.93052310815038,0.9968244530691588,0.060933027
TV,20,0.0,0.00031622776601683794,79,39.8268359951947,0.9983859846660913,0.02429783
TV,20,0.0,0.00031622776601683794,80,38.543634541902165,0.9974684013315469,0.03936485
TV,20,0.0,0.00031622776601683794,81,37.06795392875155,0.9971965855557071,0.041502025
TV,20,0.0,0.00031622776601683794,82,37.060957003651794,0.9968743861214189,0.036305387
TV,20,0.0,0.00031622776601683794,83,36.11727216856858,0.9959479643047349,0.0571917
TV,20,0.0,0.00031622776601683794,84,30.41433187961848,0.9930825046271332,0.08854827
TV,20,0.0,0.00031622776601683794,85,37.71538669144844,0.9978955656536355,0.032232687
TV,20,0.0,0.00031622776601683794,86,38.37363375421646,0.9974021490447778,0.035646882
TV,20,0.0,0.00031622776601683794,87,33.54425700683468,0.9963005722061662,0.061665356
TV,20,0.0,0.00031622776601683794,88,35.19602972308304,0.9964003880654485,0.05087987
TV,20,0.0,0.00031622776601683794,89,36.04227264111864,0.9960067626858545,0.058166347
TV,20,0.0,0.00031622776601683794,90,36.14126104704815,0.9968614960012357,0.047857977
TV,20,0.0,0.00031622776601683794,91,35.43868792645002,0.9969523015839994,0.056280814
TV,20,0.0,0.00031622776601683794,92,30.001802375012346,0.988653388767203,0.13598756
TV,20,0.0,0.00031622776601683794,93,39.16295812427518,0.9982607078946326,0.027228838
TV,20,0.0,0.00031622776601683794,94,41.42442064387169,0.998603097540288,0.026130274
TV,20,0.0,0.00031622776601683794,95,35.94629911969427,0.9974819552307287,0.037302252
TV,20,0.0,0.00031622776601683794,96,36.29209873053474,0.994895074116297,0.06919345
TV,20,0.0,0.00031622776601683794,97,36.297626464504916,0.9963731302702723,0.041829005
TV,20,0.0,0.00031622776601683794,98,35.77958763994823,0.9969173187066701,0.05250892
TV,20,0.0,0.00031622776601683794,99,37.717018899975315,0.998251082483402,0.035417907
TV,20,0.0,0.00031622776601683794,100,30.23458040314447,0.9890693947057093,0.12006623
TV,20,0.0,0.00031622776601683794,101,33.267215483864426,0.994991601498659,0.065531194
TV,20,0.0,0.00031622776601683794,102,33.897848504955526,0.9952123439755322,0.059672553
TV,20,0.0,0.00031622776601683794,103,37.41918645807757,0.9975329221280154,0.041209117
TV,20,0.0,0.00031622776601683794,104,36.008906446814265,0.9970292825836781,0.052794755
TV,20,0.0,0.00031622776601683794,105,35.03181549453766,0.9969429812155479,0.061540436
TV,20,0.0,0.00031622776601683794,106,30.63296196944322,0.9929810498864198,0.08509632
TV,20,0.0,0.00031622776601683794,107,38.00658806627469,0.9977665424100624,0.052201666
TV,20,0.0,0.00031622776601683794,108,36.88371153021792,0.9966013477114607,0.045846038
TV,20,0.0,0.00031622776601683794,109,33.605741953184165,0.9926045285768745,0.07231324
TV,20,0.0,0.00031622776601683794,110,34.42343878646271,0.997197704990048,0.054618686
TV,20,0.0,0.00031622776601683794,111,40.512034921319355,0.9982473957390825,0.03356424
TV,20,0.0,0.00031622776601683794,112,37.35543086509017,0.9973710155930401,0.049446862
TV,20,0.0,0.00031622776601683794,113,37.55912469860986,0.9980971484391157,0.04220836
TV,20,0.0,0.00031622776601683794,114,36.18178410205602,0.9953346309090448,0.055804037
TV,20,0.0,0.00031622776601683794,115,34.78662450386637,0.9963236217163811,0.06845
TV,20,0.0,0.00031622776601683794,116,36.903428566764774,0.9966926873961756,0.057591833
TV,20,0.0,0.00031622776601683794,117,36.86407069955683,0.9967229785012804,0.04338365
TV,20,0.0,0.00031622776601683794,118,32.57271980417647,0.9953641232626498,0.09157808
TV,20,0.0,0.00031622776601683794,119,33.75634684256115,0.9953076681814903,0.05765748
TV,20,0.0,0.00031622776601683794,120,36.04596893655321,0.9976375302499976,0.039187104
TV,20,0.0,0.00031622776601683794,121,34.83482216541486,0.9968300461769104,0.06317443
TV,20,0.0,0.00031622776601683794,122,38.44874826347543,0.9962893270017686,0.050827138
TV,20,0.0,0.00031622776601683794,123,33.565597871908224,0.9960646519729913,0.066033274
TV,20,0.0,0.00031622776601683794,124,36.62046499130776,0.9979235643197683,0.04486578
TV,20,0.0,0.00031622776601683794,125,33.16103489502882,0.993374147198417,0.079261266
TV,20,0.0,0.00031622776601683794,126,33.53016647691629,0.9958804461581647,0.06075946
TV,20,0.0,0.00031622776601683794,127,38.41493704562453,0.9983041994581537,0.03570427
TV,20,0.0,0.00031622776601683794,128,36.05757161797166,0.9976287296980866,0.038332067
TV,20,0.0,0.00031622776601683794,129,35.596727648013776,0.9962297921830957,0.054364435
TV,20,0.0,0.00031622776601683794,130,34.82602287150495,0.997246571685657,0.04636599
TV,20,0.0,0.00031622776601683794,131,35.84541716843769,0.9965759335963194,0.03856888
TV,20,0.0,0.00031622776601683794,132,32.650051206810424,0.992099564183842,0.057592634
TV,20,0.0,0.00031622776601683794,133,36.968203358827346,0.9982357628581938,0.03760351
TV,20,0.0,0.00031622776601683794,134,34.13656004987755,0.9965436320659543,0.05634785
TV,20,0.0,0.00031622776601683794,135,44.015105089007,0.9995474822757658,0.022338912
TV,20,0.0,0.00031622776601683794,136,36.82370136230339,0.9980627721991421,0.04414741
TV,20,0.0,0.00031622776601683794,137,39.285774051831915,0.9982912892645056,0.035902806
TV,20,0.0,0.00031622776601683794,138,35.533642634742115,0.9973145360050123,0.0484928
TV,20,0.0,0.00031622776601683794,139,35.34545777702546,0.9957819385223152,0.051740654
TV,20,0.0,0.00031622776601683794,140,31.89674525058049,0.9906616811909952,0.1039023
TV,20,0.0,0.00031622776601683794,141,36.02210255778353,0.995710200268375,0.05750952
TV,20,0.0,0.00031622776601683794,142,33.58187972634214,0.9949279102412137,0.069129996
TV,20,0.0,0.00031622776601683794,143,42.2198578873255,0.9987842913501519,0.0354234
TV,20,0.0,0.00031622776601683794,144,35.07473098875902,0.9962836091429734,0.054338075
TV,20,0.0,0.00031622776601683794,145,36.55400330097384,0.9956467069131284,0.06882527
TV,20,0.0,0.00031622776601683794,146,34.51353025669613,0.9967542554228759,0.051297292
TV,20,0.0,0.00031622776601683794,147,34.04763634448013,0.9969716104101544,0.048089325
TV,20,0.0,0.00031622776601683794,148,36.24926011703512,0.9976673378678392,0.048905686
TV,20,0.0,0.00031622776601683794,149,29.307285391501775,0.9855034351348877,0.13539787
TV,20,0.0,0.00031622776601683794,150,36.687742676195384,0.9975643261405062,0.046829388
TV,20,0.0,0.00031622776601683794,151,31.44002219131485,0.9950804007201155,0.07524248
TV,20,0.0,0.00031622776601683794,152,33.00002697385164,0.9918126300100453,0.078539364
TV,20,0.0,0.00031622776601683794,153,32.65569447535694,0.995070305491282,0.08371285
TV,20,0.0,0.00031622776601683794,154,42.57816614305706,0.998697768065555,0.03658824
TV,20,0.0,0.00031622776601683794,155,37.104306135734035,0.9978321213121256,0.038589243
TV,20,0.0,0.00031622776601683794,156,35.00959732153423,0.9968901000732233,0.059337687
TV,20,0.0,0.00031622776601683794,157,35.11212771073678,0.9958727093767529,0.055385023
TV,20,0.0,0.00031622776601683794,158,37.76659425170733,0.9973289515853914,0.041131694
TV,20,0.0,0.00031622776601683794,159,35.067181282430525,0.9953282123262231,0.071612485
TV,20,0.0,0.00031622776601683794,160,37.39610450689475,0.9970673688433387,0.041165434
TV,20,0.0,0.00031622776601683794,161,33.27797254084264,0.995987482184221,0.066403255
TV,20,0.0,0.00031622776601683794,162,35.577975115079155,0.9972004065336275,0.04238599
TV,20,0.0,0.00031622776601683794,163,37.528325137497845,0.9971287155693228,0.036325462
TV,20,0.0,0.00031622776601683794,164,34.09757547194482,0.9949762892624563,0.06434955
TV,20,0.0,0.00031622776601683794,165,37.72672374917053,0.9983708198405494,0.035683937
TV,20,0.0,0.00031622776601683794,166,32.16254191350967,0.9931530704921927,0.08347979
TV,20,0.0,0.00031622776601683794,167,34.90975655882584,0.9965634384184829,0.06664494
TV,20,0.0,0.00031622776601683794,168,43.94562170524274,0.9985682241433909,0.025657414
TV,20,0.0,0.00031622776601683794,169,36.16525497756455,0.9972853507877382,0.05479267
TV,20,0.0,0.00031622776601683794,170,36.630954769974444,0.9970130151953579,0.05669577
TV,20,0.0,0.00031622776601683794,171,39.48812140669281,0.9984991495028015,0.027445998
TV,20,0.0,0.00031622776601683794,172,33.79393596698239,0.9955704469572414,0.05563708
TV,20,0.0,0.00031622776601683794,173,30.385206554178737,0.9907274008536142,0.110568255
TV,20,0.0,0.00031622776601683794,174,35.3112484330532,0.9952281709791215,0.05459905
TV,20,0.0,0.00031622776601683794,175,35.03974351688869,0.9934808531822252,0.105782025
TV,20,0.0,0.00031622776601683794,176,37.26211483176431,0.9959564009481225,0.08145176
TV,20,0.0,0.00031622776601683794,177,35.763470297126354,0.9972293849818963,0.048823237
TV,20,0.0,0.00031622776601683794,178,45.25482037385389,0.999201067838787,0.02265934
TV,20,0.0,0.00031622776601683794,179,34.047633559798875,0.9971481466835196,0.052556198
TV,20,0.0,0.00031622776601683794,180,41.438365757077165,0.9987446989648598,0.03755807
TV,20,0.0,0.00031622776601683794,181,35.54879453162127,0.9976034597917036,0.04569947
TV,20,0.0,0.00031622776601683794,182,36.33215796162436,0.9967622364109213,0.055380106
TV,20,0.0,0.00031622776601683794,183,33.17693307624139,0.9957594228677513,0.05351693
TV,20,0.0,0.00031622776601683794,184,34.10488243287787,0.9963832774684449,0.062670924
TV,20,0.0,0.00031622776601683794,185,36.28015375810607,0.9975921814599313,0.05001608
TV,20,0.0,0.00031622776601683794,186,38.40898623694939,0.9986913891370631,0.028704371
TV,20,0.0,0.00031622776601683794,187,34.94214553738099,0.995414712951203,0.052272
TV,20,0.0,0.00031622776601683794,188,36.410174075152966,0.9973858551791877,0.037050396
TV,20,0.0,0.00031622776601683794,189,39.90605139524756,0.9977249726037348,0.05314225
TV,20,0.0,0.00031622776601683794,190,39.58248695036224,0.9986870947701871,0.034158442
TV,20,0.0,0.00031622776601683794,191,39.60865237775789,0.9977214423831829,0.044842556
TV,20,0.0,0.00031622776601683794,192,35.3040318235371,0.998038544388842,0.048476238
TV,20,0.0,0.00031622776601683794,193,28.4117940701525,0.9858824570070613,0.13131976
TV,20,0.0,0.00031622776601683794,194,34.67633055220742,0.9972404885636873,0.051641848
TV,20,0.0,0.00031622776601683794,195,31.947924114477637,0.987181609450293,0.121194676
TV,20,0.0,0.00031622776601683794,196,43.701884027177854,0.9993522292818905,0.022285389
TV,20,0.0,0.00031622776601683794,197,30.68731254471691,0.9911646658231404,0.07745056
TV,20,0.0,0.00031622776601683794,198,38.20848882201099,0.9982256752646659,0.043736808
TV,20,0.0,0.00031622776601683794,199,40.06034343850045,0.9988699126834711,0.023936797
FBP,20,0.01,,0,23.57269903792732,0.6673271952481741,0.2412553
FBP,20,0.01,,1,23.03047928251109,0.7528388077135328,0.20038506
FBP,20,0.01,,2,24.796047657056477,0.4887990418836967,0.29091686
FBP,20,0.01,,3,22.845827099475024,0.8352031048987646,0.17708932
FBP,20,0.01,,4,22.89215533191073,0.7387142912985003,0.25647876
FBP,20,0.01,,5,24.932802661118927,0.5206622720141857,0.23276685
FBP,20,0.01,,6,22.574923356317733,0.7394357315314672,0.2534501
FBP,20,0.01,,7,23.152869570013653,0.6465567150480337,0.23336145
FBP,20,0.01,,8,23.627430036408775,0.8029104960997674,0.18032049
FBP,20,0.01,,9,22.528718482352332,0.7461452318340047,0.20315236
FBP,20,0.01,,10,22.692534785726277,0.8583664958411443,0.20774345
FBP,20,0.01,,11,21.88349363276959,0.8077913201914346,0.24123406
FBP,20,0.01,,12,22.651549980445527,0.6720777848035036,0.23920351
FBP,20,0.01,,13,22.50307307710338,0.8364660381608882,0.21223336
FBP,20,0.01,,14,24.39020122047239,0.5124212688389272,0.2210333
FBP,20,0.01,,15,21.564727447682635,0.7976133075296448,0.28408545
FBP,20,0.01,,16,22.364816691898596,0.7319932262036056,0.24554601
FBP,20,0.01,,17,23.5550304059519,0.6935960978639027,0.21284212
FBP,20,0.01,,18,22.780742685320682,0.8355619842725351,0.18635724
FBP,20,0.01,,19,23.354171477786515,0.6461637516309746,0.26966846
FBP,20,0.01,,20,23.51170383211219,0.7106441412744505,0.19211705
FBP,20,0.01,,21,23.392241679704682,0.6892863881489462,0.22190474
FBP,20,0.01,,22,22.335646723677847,0.7638065934542967,0.24424437
FBP,20,0.01,,23,22.760698136533467,0.7138565694990237,0.25182158
FBP,20,0.01,,24,22.356484757738322,0.622090251342786,0.35176983
FBP,20,0.01,,25,22.351786871311422,0.9204025850900688,0.15521209
FBP,20,0.01,,26,22.860546182499547,0.5857313999421279,0.29201767
FBP,20,0.01,,27,23.098102694684087,0.7253262774964933,0.22912596
FBP,20,0.01,,28,22.79960669951912,0.8253108375928988,0.18632796
FBP,20,0.01,,29,24.755384831101928,0.4785667500643383,0.24797317
FBP,20,0.01,,30,23.257530383648085,0.7167046406606504,0.20957296
FBP,20,0.01,,31,25.113175318813752,0.4798285532088504,0.26150018
FBP,20,0.01,,32,22.747307249145564,0.7518761454550319,0.21728216
FBP,20,0.01,,33,23.0574130985259,0.789911456856384,0.22046839
FBP,20,0.01,,34,23.622025216090393,0.7496602147478949,0.19438398
FBP,20,0.01,,35,22.12124405810289,0.8903039915656502,0.22398779
FBP,20,0.01,,36,22.582849331061553,0.7172139314703705,0.24431434
FBP,20,0.01,,37,25.452323241840887,0.48951340511187236,0.21798934
FBP,20,0.01,,38,21.77650974836734,0.7092512482584816,0.29853067
FBP,20,0.01,,39,25.73846228568701,0.55391767278914,0.181417
FBP,20,0.01,,40,23.800273736970908,0.42052529479784906,0.394255
FBP,20,0.01,,41,23.089279211105872,0.6452473149296235,0.2692934
FBP,20,0.01,,42,23.893442557214613,0.7163595046909633,0.19914497
FBP,20,0.01,,43,22.899529850373508,0.6265586152603496,0.28446385
FBP,20,0.01,,44,24.161342185670428,0.6300330141574637,0.21903032
FBP,20,0.01,,45,22.18144383035916,0.724712247388776,0.27979252
FBP,20,0.01,,46,25.143600764981734,0.5769393411426504,0.19033527
FBP,20,0.01,,47,21.019839696282382,0.661458839731645,0.35867926
FBP,20,0.01,,48,23.19661576117234,0.8010337691781042,0.1647604
FBP,20,0.01,,49,23.45887096821084,0.7636127441078578,0.20951463
FBP,20,0.01,,50,23.161358372265862,0.6788755911286951,0.24071707
FBP,20,0.01,,51,22.517714138975048,0.8640115464160081,0.1839224
FBP,20,0.01,,52,22.33602495096083,0.7631917396648825,0.24692301
FBP,20,0.01,,53,21.278040057641196,0.7490058540913068,0.3458645
FBP,20,0.01,,54,21.50801390026495,0.8395395772781777,0.22153176
FBP,20,0.01,,55,22.484898567192822,0.7471794032314716,0.21773335
FBP,20,0.01,,56,24.019415818982207,0.8028907243100819,0.18102182
FBP,20,0.01,,57,23.961184822717115,0.45538978783552314,0.30669647
FBP,20,0.01,,58,23.504428159563787,0.7447964995522206,0.20059942
FBP,20,0.01,,59,23.09009518772672,0.5598167886241716,0.32767323
FBP,20,0.01,,60,23.365853325963677,0.6769690391114982,0.19918019
FBP,20,0.01,,61,22.481919273806056,0.798947943894054,0.20287998
FBP,20,0.01,,62,23.24898141391641,0.6129769662679905,0.30540845
FBP,20,0.01,,63,23.17747213505321,0.708775518873845,0.22939388
FBP,20,0.01,,64,22.965175914823924,0.8035139005211729,0.1935457
FBP,20,0.01,,65,24.16439930008067,0.5684025272234412,0.26961666
FBP,20,0.01,,66,21.73899521675727,0.7930068956738077,0.26581162
FBP,20,0.01,,67,22.80141022731709,0.7366558002800612,0.24172081
FBP,20,0.01,,68,23.093363836159604,0.7675303515770342,0.17385663
FBP,20,0.01,,69,22.684215826354638,0.8674641235862389,0.21027185
FBP,20,0.01,,70,23.23460050301442,0.6830442132282047,0.22103035
FBP,20,0.01,,71,22.608556185092354,0.9075602386647081,0.17272723
FBP,20,0.01,,72,21.923696499703496,0.80842012684977,0.23686521
FBP,20,0.01,,73,23.43846501757354,0.6907178062987938,0.18531343
FBP,20,0.01,,74,26.331867622702077,0.5311720501400592,0.18982875
FBP,20,0.01,,75,22.914397973230503,0.6811193147297055,0.22922565
FBP,20,0.01,,76,22.302933138425928,0.6863507253352614,0.284687
FBP,20,0.01,,77,22.699778758332393,0.7482307762550267,0.2738643
FBP,20,0.01,,78,23.118334467553726,0.6020635667118467,0.23738988
FBP,20,0.01,,79,23.460941430353856,0.8042985271808715,0.15990508
FBP,20,0.01,,80,24.327639322207048,0.62300730995018,0.20225924
FBP,20,0.01,,81,22.81080557787363,0.722103531368477,0.2142529
FBP,20,0.01,,82,22.658476905809625,0.8377618434885132,0.19058779
FBP,20,0.01,,83,23.731267974110857,0.6338033612417288,0.23803084
FBP,20,0.01,,84,21.20304596775933,0.7878663680816361,0.255708
FBP,20,0.01,,85,23.439850147108526,0.8305809690563146,0.16675287
FBP,20,0.01,,86,24.46914274285835,0.6892210886436553,0.17670387
FBP,20,0.01,,87,22.47355072802149,0.7552395690317181,0.22058527
FBP,20,0.01,,88,22.796218563660368,0.7640023642173421,0.212098
FBP,20,0.01,,89,24.23338726178665,0.5399082791953047,0.22652496
FBP,20,0.01,,90,22.78098919360971,0.7733743335659161,0.22282705
FBP,20,0.01,,91,22.64064237754269,0.6724747033031612,0.24561939
FBP,20,0.01,,92,21.591113998941466,0.6058614373568846,0.3581242
FBP,20,0.01,,93,24.041219984307887,0.7562822526674872,0.15528017
FBP,20,0.01,,94,24.53856324227172,0.5760557817233619,0.18257312
FBP,20,0.01,,95,22.427361825732067,0.8221936243978784,0.1768813
FBP,20,0.01,,96,24.673315496676228,0.502974415159484,0.26363564
FBP,20,0.01,,97,23.60920026296116,0.723178748886124,0.18025978
FBP,20,0.01,,98,22.61274921649082,0.7416548252044138,0.23909748
FBP,20,0.01,,99,23.142992664423122,0.7675294977697459,0.1896375
FBP,20,0.01,,100,21.336868321715677,0.708827725811746,0.33443096
FBP,20,0.01,,101,22.32324363914533,0.8248447769625528,0.23101845
FBP,20,0.01,,102,22.131639974503234,0.8182484488433981,0.23125176
FBP,20,0.01,,103,24.229564760245225,0.7587620245950866,0.18813707
FBP,20,0.01,,104,23.23238407598712,0.7381484500086319,0.22983538
FBP,20,0.01,,105,22.92868089339805,0.6935475103784168,0.24792327
FBP,20,0.01,,106,21.56919026269755,0.8869437636607442,0.24160136
FBP,20,0.01,,107,25.08945543279768,0.5574033771264405,0.23096225
FBP,20,0.01,,108,23.828229018923736,0.6467995505995494,0.20609902
FBP,20,0.01,,109,21.442364471370393,0.6960844676864665,0.29335043
FBP,20,0.01,,110,22.545975873434134,0.742038554658205,0.21439487
FBP,20,0.01,,111,25.06123870368931,0.5964052624084548,0.1988001
FBP,20,0.01,,112,23.486536895384965,0.6491451788201066,0.2441088
FBP,20,0.01,,113,23.71680475657864,0.6568406721738683,0.2077373
FBP,20,0.01,,114,23.267988979545045,0.6232939680330147,0.2468058
FBP,20,0.01,,115,23.33631938768115,0.6158354602415453,0.255793
FBP,20,0.01,,116,23.21875819429328,0.5829261724359918,0.27835202
FBP,20,0.01,,117,23.665507329608353,0.7463220652685432,0.19826874
FBP,20,0.01,,118,22.932247084768022,0.6442536875751824,0.27785307
FBP,20,0.01,,119,22.702742577280254,0.8087487465371032,0.2058429
FBP,20,0.01,,120,22.848676017669817,0.8761217143340421,0.1790638
FBP,20,0.01,,121,23.312982885183878,0.7113184476740781,0.23803087
FBP,20,0.01,,122,24.742564895136333,0.562813286290481,0.2462662
FBP,20,0.01,,123,22.05829808730263,0.74243294506734,0.24838641
FBP,20,0.01,,124,23.44339489483634,0.6785365796824994,0.20453551
FBP,20,0.01,,125,22.53249559588205,0.6330254726642973,0.26945606
FBP,20,0.01,,126,22.519698787426734,0.8670997103706988,0.21584266
FBP,20,0.01,,127,23.291701761985927,0.7514874589136871,0.20364884
FBP,20,0.01,,128,22.643429706910283,0.8168942466155003,0.17958471
FBP,20,0.01,,129,22.77332551598956,0.7370113842959,0.23794961
FBP,20,0.01,,130,23.00820853839276,0.7809476805619957,0.180755
FBP,20,0.01,,131,22.468144096971884,0.8106580587904438,0.17992881
FBP,20,0.01,,132,21.8194169994778,0.8430430530378026,0.20040044
FBP,20,0.01,,133,23.563972624711795,0.8071765722783882,0.17597052
FBP,20,0.01,,134,21.864150681703617,0.7369584447573408,0.23147167
FBP,20,0.01,,135,25.29430110155278,0.5163129513798481,0.19279785
FBP,20,0.01,,136,22.91975512706496,0.7721488519556328,0.21882783
FBP,20,0.01,,137,23.998647304063205,0.5602152164763778,0.20868187
FBP,20,0.01,,138,22.2740668056069,0.748282135595098,0.22318038
FBP,20,0.01,,139,22.550810072991396,0.7408267752890868,0.22571701
FBP,20,0.01,,140,21.85870077427197,0.6058769034421887,0.33001024
FBP,20,0.01,,141,23.15256205057779,0.6028966887571179,0.25305605
FBP,20,0.01,,142,22.29558007408734,0.791583651545927,0.25350207
FBP,20,0.01,,143,25.334432517055628,0.5019617738887237,0.24749224
FBP,20,0.01,,144,22.674754488724673,0.7018214207843008,0.2265182
FBP,20,0.01,,145,24.329214346164537,0.4617329225355898,0.2811819
FBP,20,0.01,,146,22.179206585222367,0.7467128588290778,0.2122319
FBP,20,0.01,,147,22.571677964643694,0.8782661411880461,0.1802381
FBP,20,0.01,,148,23.179651863209926,0.7828062186248539,0.22021137
FBP,20,0.01,,149,21.345601484104915,0.6621743829387879,0.3386071
FBP,20,0.01,,150,22.974818641948957,0.7144742737570393,0.22707257
FBP,20,0.01,,151,21.463529153671974,0.8272867903213424,0.23729457
FBP,20,0.01,,152,22.383311581253672,0.672233677198841,0.26663867
FBP,20,0.01,,153,22.20652709107876,0.7394849768712778,0.2787729
FBP,20,0.01,,154,25.964590362662953,0.4654434655662164,0.24775381
FBP,20,0.01,,155,23.073258497117244,0.7972316915777412,0.19409691
FBP,20,0.01,,156,23.22616971217557,0.6631421641550558,0.23041035
FBP,20,0.01,,157,22.540645759636632,0.7512620848695909,0.23548673
FBP,20,0.01,,158,23.587108914413726,0.7378932131292714,0.21045095
FBP,20,0.01,,159,23.149172798100214,0.5922396358425829,0.2824159
FBP,20,0.01,,160,23.624897346332748,0.7109943993836025,0.20095232
FBP,20,0.01,,161,21.984186881467515,0.7922301851097525,0.24371296
FBP,20,0.01,,162,22.8117308107717,0.8296842242183149,0.18430391
FBP,20,0.01,,163,23.463583974199793,0.7966381803131855,0.18342064
FBP,20,0.01,,164,22.154647350395443,0.6863325693613795,0.25450242
FBP,20,0.01,,165,23.32131065327518,0.8351988023828161,0.18738872
FBP,20,0.01,,166,21.78058611536001,0.7267791163984471,0.2758539
FBP,20,0.01,,167,22.852779126077294,0.664372549480797,0.26706442
FBP,20,0.01,,168,26.44145531993579,0.5142063146903495,0.19249576
FBP,20,0.01,,169,24.389737657889047,0.6929024113034291,0.21256821
FBP,20,0.01,,170,23.777825364682617,0.640263972582665,0.24900447
FBP,20,0.01,,171,23.848063129050526,0.7491274117723046,0.16614297
FBP,20,0.01,,172,21.468890421005142,0.8608083549332767,0.2299411
FBP,20,0.01,,173,21.525187158710324,0.8001439550329646,0.30664185
FBP,20,0.01,,174,22.88230355815091,0.7179907664795183,0.22836645
FBP,20,0.01,,175,24.17012338749155,0.501894051890266,0.36973697
FBP,20,0.01,,176,25.110926244556467,0.44123293371863415,0.32995892
FBP,20,0.01,,177,22.513942884873167,0.6997989204766091,0.22444141
FBP,20,0.01,,178,25.450424546362523,0.4941936791643562,0.22154762
FBP,20,0.01,,179,22.474606964590357,0.7564911676805528,0.19919355
FBP,20,0.01,,180,26.32829360616902,0.49361441377550364,0.21389808
FBP,20,0.01,,181,22.715818038685292,0.7516413530611918,0.20024422
FBP,20,0.01,,182,23.85801418977826,0.637242520505116,0.23284182
FBP,20,0.01,,183,21.326675314893563,0.883887380990777,0.20941323
FBP,20,0.01,,184,23.119363597707412,0.7278929867835577,0.22199439
FBP,20,0.01,,185,22.652701187822608,0.7121544349476818,0.24014981
FBP,20,0.01,,186,23.02215267986959,0.8131299995478581,0.16876785
FBP,20,0.01,,187,22.031685828263004,0.8097023027718129,0.23109582
FBP,20,0.01,,188,22.292496136164573,0.8556079011726047,0.18822479
FBP,20,0.01,,189,24.209019310133044,0.45540592488101567,0.32381096
FBP,20,0.01,,190,25.01064461384633,0.6030973404692102,0.18284796
FBP,20,0.01,,191,25.09616089038935,0.5180425304834816,0.23840478
FBP,20,0.01,,192,22.18229666249413,0.8046538134621195,0.21959156
FBP,20,0.01,,193,21.529378980048136,0.6671085785660693,0.2900353
FBP,20,0.01,,194,22.261985915684086,0.8397271079107472,0.21563487
FBP,20,0.01,,195,22.474435853595192,0.5559379779810686,0.3607098
FBP,20,0.01,,196,25.100395301908463,0.5397749819969835,0.18971194
FBP,20,0.01,,197,21.956632194388067,0.6883534390309994,0.21162093
FBP,20,0.01,,198,23.393866882070974,0.6599318649896906,0.24075659
FBP,20,0.01,,199,23.767091890578943,0.8225475248480446,0.15621713
Tikhonov,20,0.01,0.0031622776601683794,0,24.28353542955683,0.6636028018171999,0.22229773
Tikhonov,20,0.01,0.0031622776601683794,1,23.994999271430054,0.7585551195108324,0.17932439
Tikhonov,20,0.01,0.0031622776601683794,2,25.378707946394215,0.4695497617464174,0.27204195
Tikhonov,20,0.01,0.0031622776601683794,3,24.027679849249818,0.8409050170501525,0.15456092
Tikhonov,20,0.01,0.0031622776601683794,4,24.427688331712737,0.7553732067939233,0.21491899
Tikhonov,20,0.01,0.0031622776601683794,5,25.48551816841146,0.49877440877843743,0.21841644
Tikhonov,20,0.01,0.0031622776601683794,6,23.773785827187336,0.749122212360005,0.22077471
Tikhonov,20,0.01,0.0031622776601683794,7,23.959698528660056,0.6425760471385188,0.2126609
Tikhonov,20,0.01,0.0031622776601683794,8,24.624624456277537,0.8136210265600177,0.16076273
Tikhonov,20,0.01,0.0031622776601683794,9,23.611137141708824,0.7489162843543574,0.17934982
Tikhonov,20,0.01,0.0031622776601683794,10,24.267604926523497,0.8725670506515779,0.17329013
Tikhonov,20,0.01,0.0031622776601683794,11,23.839028951157246,0.8274136782231286,0.19260249
Tikhonov,20,0.01,0.0031622776601683794,12,23.90678093749223,0.6778319582751036,0.207017
Tikhonov,20,0.01,0.0031622776601683794,13,24.057671866965148,0.8456650303584362,0.17745315
Tikhonov,20,0.01,0.0031622776601683794,14,25.013730188305168,0.49938336584316795,0.20572226
Tikhonov,20,0.01,0.0031622776601683794,15,22.982243551824354,0.8136610652181543,0.24130881
Tikhonov,20,0.01,0.0031622776601683794,16,23.846297352420095,0.7471014949731714,0.20704219
Tikhonov,20,0.01,0.0031622776601683794,17,24.307216062822498,0.6924229935465827,0.19518583
Tikhonov,20,0.01,0.0031622776601683794,18,24.290486094376035,0.847644717594193,0.15662429
Tikhonov,20,0.01,0.0031622776601683794,19,24.670085717768153,0.6542359478771687,0.23175783
Tikhonov,20,0.01,0.0031622776601683794,20,24.573876786631608,0.7102515468727951,0.17000327
Tikhonov,20,0.01,0.0031622776601683794,21,24.962316408827885,0.6920139356092974,0.18520935
Tikhonov,20,0.01,0.0031622776601683794,22,23.348414040189333,0.7683388196828598,0.21736328
Tikhonov,20,0.01,0.0031622776601683794,23,24.237073472020782,0.7273206919593321,0.2124585
Tikhonov,20,0.01,0.0031622776601683794,24,23.254055451400035,0.6375383653116128,0.31723422
Tikhonov,20,0.01,0.0031622776601683794,25,23.263037894874277,0.9292593126546992,0.1397536
Tikhonov,20,0.01,0.0031622776601683794,26,23.65616571751842,0.5840161673220505,0.26645762
Tikhonov,20,0.01,0.0031622776601683794,27,24.317917811623765,0.7314348403010363,0.19910564
Tikhonov,20,0.01,0.0031622776601683794,28,23.910213815481573,0.8371136058853124,0.16396368
Tikhonov,20,0.01,0.0031622776601683794,29,25.31790230548487,0.4692445606578234,0.23242284
Tikhonov,20,0.01,0.0031622776601683794,30,24.23478415883651,0.7248128312870799,0.18727186
Tikhonov,20,0.01,0.0031622776601683794,31,25.79082781708471,0.4614244526221363,0.2418741
Tikhonov,20,0.01,0.0031622776601683794,32,23.892675483642787,0.7589810041957035,0.1904389
Tikhonov,20,0.01,0.0031622776601683794,33,24.163202873182836,0.793726341706539,0.19411398
Tikhonov,20,0.01,0.0031622776601683794,34,23.817041809953277,0.7390746677656127,0.19006827
Tikhonov,20,0.01,0.0031622776601683794,35,23.74331840096483,0.9083865727220993,0.18583205
Tikhonov,20,0.01,0.0031622776601683794,36,23.942773951026012,0.7293262638013102,0.2089069
Tikhonov,20,0.01,0.0031622776601683794,37,25.5518357665029,0.46946920512613555,0.21550612
Tikhonov,20,0.01,0.0031622776601683794,38,23.094276447220146,0.7194411254791958,0.25650784
Tikhonov,20,0.01,0.0031622776601683794,39,25.71471004849361,0.5257743512326467,0.18191378
Tikhonov,20,0.01,0.0031622776601683794,40,24.49587632078893,0.4027134591698154,0.36391258
Tikhonov,20,0.01,0.0031622776601683794,41,24.048211614208984,0.6499473252372185,0.24114546
Tikhonov,20,0.01,0.0031622776601683794,42,24.750243872065752,0.7242783979312633,0.18043852
Tikhonov,20,0.01,0.0031622776601683794,43,23.823497567361756,0.6289173435104226,0.25575772
Tikhonov,20,0.01,0.0031622776601683794,44,25.11227739932735,0.6304901412780558,0.19631681
Tikhonov,20,0.01,0.0031622776601683794,45,23.807208158650734,0.7416718694812441,0.23203199
Tikhonov,20,0.01,0.0031622776601683794,46,25.10356923418655,0.5554652234062183,0.1912145
Tikhonov,20,0.01,0.0031622776601683794,47,22.075455392396236,0.6752942802869399,0.3176329
Tikhonov,20,0.01,0.0031622776601683794,48,23.782331312792078,0.8047634617209989,0.15401642
Tikhonov,20,0.01,0.0031622776601683794,49,23.863624343520108,0.7659005360708626,0.19997548
Tikhonov,20,0.01,0.0031622776601683794,50,23.97945347052705,0.6704678745586271,0.21907969
Tikhonov,20,0.01,0.0031622776601683794,51,23.463239291969757,0.873752786266071,0.1649523
Tikhonov,20,0.01,0.0031622776601683794,52,23.936298304584426,0.7832324358880951,0.20537515
Tikhonov,20,0.01,0.0031622776601683794,53,22.67392953853787,0.7793005889297024,0.2945178
Tikhonov,20,0.01,0.0031622776601683794,54,22.9329740968571,0.8537720948850259,0.18801305
Tikhonov,20,0.01,0.0031622776601683794,55,23.90736228470741,0.7602197479010244,0.18484248
Tikhonov,20,0.01,0.0031622776601683794,56,25.211819046025788,0.8128159706257592,0.15780137
Tikhonov,20,0.01,0.0031622776601683794,57,24.831063824239457,0.4494792322612806,0.27746925
Tikhonov,20,0.01,0.0031622776601683794,58,24.696092223176997,0.746959425701398,0.17488256
Tikhonov,20,0.01,0.0031622776601683794,59,23.91181412101851,0.5670401156987718,0.29809523
Tikhonov,20,0.01,0.0031622776601683794,60,24.10875362652494,0.663986910983135,0.1828526
Tikhonov,20,0.01,0.0031622776601683794,61,23.646284087455545,0.8087575587497886,0.17742752
Tikhonov,20,0.01,0.0031622776601683794,62,24.236467132290898,0.6152398951721093,0.27258804
Tikhonov,20,0.01,0.0031622776601683794,63,24.50035059413277,0.7215644425735617,0.19698717
Tikhonov,20,0.01,0.0031622776601683794,64,23.564272278365376,0.8052427586252716,0.18064617
Tikhonov,20,0.01,0.0031622776601683794,65,24.90237345196916,0.5586991663714332,0.24765551
Tikhonov,20,0.01,0.0031622776601683794,66,23.112963130869048,0.8112599635746884,0.22692144
Tikhonov,20,0.01,0.0031622776601683794,67,23.655673991141747,0.7475860122098656,0.21907905
Tikhonov,20,0.01,0.0031622776601683794,68,23.850071027178945,0.7721325807612051,0.1593514
Tikhonov,20,0.01,0.0031622776601683794,69,24.110232369251186,0.8751914862674192,0.1784351
Tikhonov,20,0.01,0.0031622776601683794,70,23.964035816831778,0.6845567925036539,0.20322643
Tikhonov,20,0.01,0.0031622776601683794,71,23.871147546770494,0.9204225515454145,0.14935893
Tikhonov,20,0.01,0.0031622776601683794,72,23.341994164270492,0.8217357811171654,0.20118076
Tikhonov,20,0.01,0.0031622776601683794,73,23.85776178050496,0.6939440697146779,0.17658024
Tikhonov,20,0.01,0.0031622776601683794,74,26.22334152813046,0.5103087291306208,0.19221546
Tikhonov,20,0.01,0.0031622776601683794,75,23.744905016310923,0.6896211068869438,0.2083233
Tikhonov,20,0.01,0.0031622776601683794,76,23.645826447561742,0.6855030091410149,0.2439063
Tikhonov,20,0.01,0.0031622776601683794,77,24.081685011974223,0.762466726866974,0.23358238
Tikhonov,20,0.01,0.0031622776601683794,78,24.16765632025729,0.6013871543494261,0.21037596
Tikhonov,20,0.01,0.0031622776601683794,79,23.858086013877706,0.8017405648369434,0.15275836
Tikhonov,20,0.01,0.0031622776601683794,80,24.946516372650656,0.630955761506353,0.18834952
Tikhonov,20,0.01,0.0031622776601683794,81,24.04840868075822,0.732393206685997,0.18580036
Tikhonov,20,0.01,0.0031622776601683794,82,23.427766878262876,0.8435998521514299,0.17443377
Tikhonov,20,0.01,0.0031622776601683794,83,24.942363579688063,0.6385520567486355,0.20705153
Tikhonov,20,0.01,0.0031622776601683794,84,22.7228895333404,0.8066488364095653,0.21466054
Tikhonov,20,0.01,0.0031622776601683794,85,24.133449649562397,0.832510128532621,0.15395483
Tikhonov,20,0.01,0.0031622776601683794,86,24.880652322774395,0.6808601463952464,0.16852742
Tikhonov,20,0.01,0.0031622776601683794,87,23.787180543526013,0.7636502154002135,0.18962476
Tikhonov,20,0.01,0.0031622776601683794,88,24.341178830258897,0.7698875671206427,0.17753686
Tikhonov,20,0.01,0.0031622776601683794,89,24.599493600348964,0.5429369461499463,0.21717547
Tikhonov,20,0.01,0.0031622776601683794,90,24.399358420575265,0.7868359372989575,0.18494794
Tikhonov,20,0.01,0.0031622776601683794,91,23.697003383180387,0.6785531142257031,0.21749267
Tikhonov,20,0.01,0.0031622776601683794,92,22.537943568767126,0.6228253117662447,0.32113832
Tikhonov,20,0.01,0.0031622776601683794,93,24.40638743150062,0.7494578699288844,0.14888729
Tikhonov,20,0.01,0.0031622776601683794,94,25.158320493803924,0.5669721931003588,0.17000003
Tikhonov,20,0.01,0.0031622776601683794,95,23.361277044303836,0.8326310860993694,0.15884961
Tikhonov,20,0.01,0.0031622776601683794,96,25.22148266569182,0.4883869331453211,0.24751174
Tikhonov,20,0.01,0.0031622776601683794,97,23.954177775868605,0.7215439761596277,0.17324072
Tikhonov,20,0.01,0.0031622776601683794,98,24.26951451141248,0.7511786033730369,0.19757715
Tikhonov,20,0.01,0.0031622776601683794,99,24.116878838560517,0.7721183477739287,0.16952349
Tikhonov,20,0.01,0.0031622776601683794,100,22.55596342622865,0.7301139717013383,0.29063755
Tikhonov,20,0.01,0.0031622776601683794,101,24.051766132305534,0.8446945791702317,0.18933049
Tikhonov,20,0.01,0.0031622776601683794,102,23.808846283387304,0.8311923581429503,0.1906447
Tikhonov,20,0.01,0.0031622776601683794,103,24.937312666577828,0.7559727878417543,0.17341512
Tikhonov,20,0.01,0.0031622776601683794,104,24.52903073305068,0.7521711066634633,0.19796322
Tikhonov,20,0.01,0.0031622776601683794,105,24.451331712955685,0.7063677607119576,0.20805816
Tikhonov,20,0.01,0.0031622776601683794,106,23.131840630136935,0.9060097543122477,0.20182124
Tikhonov,20,0.01,0.0031622776601683794,107,25.91579123333668,0.5487502768235512,0.21000238
Tikhonov,20,0.01,0.0031622776601683794,108,24.474773211090564,0.6420096918817394,0.19131486
Tikhonov,20,0.01,0.0031622776601683794,109,22.687148322949792,0.7092659934269926,0.2541836
Tikhonov,20,0.01,0.0031622776601683794,110,23.73370032358844,0.7532784345459717,0.18699422
Tikhonov,20,0.01,0.0031622776601683794,111,25.79123515118922,0.5829384009130607,0.182775
Tikhonov,20,0.01,0.0031622776601683794,112,24.63369928422775,0.6484316077298862,0.21390717
Tikhonov,20,0.01,0.0031622776601683794,113,24.889019238189036,0.6612490246665071,0.18151133
Tikhonov,20,0.01,0.0031622776601683794,114,24.014306733538653,0.6251575573893987,0.22648501
Tikhonov,20,0.01,0.0031622776601683794,115,24.34188618848527,0.6182515353988086,0.2278297
Tikhonov,20,0.01,0.0031622776601683794,116,24.133875763921033,0.5879197682346379,0.25051776
Tikhonov,20,0.01,0.0031622776601683794,117,24.6621503830367,0.753643479867846,0.17677552
Tikhonov,20,0.01,0.0031622776601683794,118,24.194782970333897,0.6497447134057167,0.24026382
Tikhonov,20,0.01,0.0031622776601683794,119,23.560250896612075,0.810662341527333,0.1864921
Tikhonov,20,0.01,0.0031622776601683794,120,23.735349896685968,0.8842663100020083,0.16168663
Tikhonov,20,0.01,0.0031622776601683794,121,24.34746371734688,0.7101591047676942,0.21130475
Tikhonov,20,0.01,0.0031622776601683794,122,25.334071841208385,0.5469881569320136,0.23005384
Tikhonov,20,0.01,0.0031622776601683794,123,23.495030839309578,0.7538852670830328,0.21051896
Tikhonov,20,0.01,0.0031622776601683794,124,24.250654824950452,0.6750833115979167,0.18638276
Tikhonov,20,0.01,0.0031622776601683794,125,23.577162776242588,0.6382320060371613,0.23892118
Tikhonov,20,0.01,0.0031622776601683794,126,24.043046269264472,0.8809046956387249,0.18112145
Tikhonov,20,0.01,0.0031622776601683794,127,24.468311557873747,0.7556304321970698,0.17784901
Tikhonov,20,0.01,0.0031622776601683794,128,23.395857643750105,0.8171260602087214,0.1646827
Tikhonov,20,0.01,0.0031622776601683794,129,23.884297328602727,0.7450446989887571,0.20938058
Tikhonov,20,0.01,0.0031622776601683794,130,23.9078532936642,0.786447744312396,0.16297014
Tikhonov,20,0.01,0.0031622776601683794,131,23.3939735313377,0.8205859888237247,0.16173694
Tikhonov,20,0.01,0.0031622776601683794,132,22.705002287938328,0.8489026566043743,0.18097533
Tikhonov,20,0.01,0.0031622776601683794,133,24.329468263380846,0.8133822296330444,0.16112581
Tikhonov,20,0.01,0.0031622776601683794,134,23.030097980297096,0.7422252818711164,0.20239532
Tikhonov,20,0.01,0.0031622776601683794,135,25.360350998681717,0.5009710728075386,0.19133732
Tikhonov,20,0.01,0.0031622776601683794,136,24.55908712615166,0.7834981906820427,0.18119073
Tikhonov,20,0.01,0.0031622776601683794,137,24.257926125462713,0.5512498466120956,0.20254466
Tikhonov,20,0.01,0.0031622776601683794,138,23.53856269323827,0.7542195014332321,0.19294399
Tikhonov,20,0.01,0.0031622776601683794,139,23.579011321933656,0.750328488955813,0.2005184
Tikhonov,20,0.01,0.0031622776601683794,140,22.817314240908058,0.6082304443044142,0.2955267
Tikhonov,20,0.01,0.0031622776601683794,141,24.301608721603984,0.602722942863768,0.22169936
Tikhonov,20,0.01,0.0031622776601683794,142,23.736291667844487,0.8058448148937511,0.21475631
Tikhonov,20,0.01,0.0031622776601683794,143,26.13169448104682,0.4790612732729882,0.22578678
Tikhonov,20,0.01,0.0031622776601683794,144,23.265083763464606,0.7067858260740673,0.21163456
Tikhonov,20,0.01,0.0031622776601683794,145,24.946226305436497,0.4448965976172519,0.26190075
Tikhonov,20,0.01,0.0031622776601683794,146,23.33115127610864,0.7556478100951977,0.18587175
Tikhonov,20,0.01,0.0031622776601683794,147,23.82614837019089,0.8896365622058511,0.15599945
Tikhonov,20,0.01,0.0031622776601683794,148,24.450951593779852,0.7907431296165263,0.19022813
Tikhonov,20,0.01,0.0031622776601683794,149,22.297992354469393,0.682282249398976,0.30344257
Tikhonov,20,0.01,0.0031622776601683794,150,24.578784083765647,0.7296384276345003,0.18878452
Tikhonov,20,0.01,0.0031622776601683794,151,22.888665076350904,0.8458675189320891,0.20138678
Tikhonov,20,0.01,0.0031622776601683794,152,23.642381211955442,0.6812353511052283,0.2306586
Tikhonov,20,0.01,0.0031622776601683794,153,23.6996827753839,0.7566894811870576,0.23474306
Tikhonov,20,0.01,0.0031622776601683794,154,26.15768513963513,0.4418151235431125,0.2423068
Tikhonov,20,0.01,0.0031622776601683794,155,24.05422634914344,0.803472115958402,0.17336851
Tikhonov,20,0.01,0.0031622776601683794,156,24.109499314187254,0.6657726549474169,0.20813039
Tikhonov,20,0.01,0.0031622776601683794,157,24.090243274379596,0.7649995232855301,0.19700922
Tikhonov,20,0.01,0.0031622776601683794,158,24.619163466299835,0.744157116236704,0.18687369
Tikhonov,20,0.01,0.0031622776601683794,159,24.16772216221031,0.5941455132820574,0.2511665
Tikhonov,20,0.01,0.0031622776601683794,160,24.103436822890846,0.704896001025942,0.19018053
Tikhonov,20,0.01,0.0031622776601683794,161,23.3207550622879,0.8039314016461188,0.20895378
Tikhonov,20,0.01,0.0031622776601683794,162,23.888416952247606,0.8360125133652271,0.1628172
Tikhonov,20,0.01,0.0031622776601683794,163,24.09654757231933,0.7988759773236908,0.17052968
Tikhonov,20,0.01,0.0031622776601683794,164,23.432134340730855,0.6884525619785894,0.21969366
Tikhonov,20,0.01,0.0031622776601683794,165,24.513541927275764,0.8481781842910554,0.16335478
Tikhonov,20,0.01,0.0031622776601683794,166,22.944916736427174,0.7362718831647711,0.24124739
Tikhonov,20,0.01,0.0031622776601683794,167,23.932705161856056,0.6736681882776936,0.23584123
Tikhonov,20,0.01,0.0031622776601683794,168,26.380021038337386,0.49185449137036835,0.19386208
Tikhonov,20,0.01,0.0031622776601683794,169,25.06695495297452,0.6885693841806251,0.19662441
Tikhonov,20,0.01,0.0031622776601683794,170,24.89715055170768,0.6396148174516241,0.21889755
Tikhonov,20,0.01,0.0031622776601683794,171,24.219656497563776,0.7474202297951195,0.15918505
Tikhonov,20,0.01,0.0031622776601683794,172,22.930750248943852,0.8756751382765784,0.19432275
Tikhonov,20,0.01,0.0031622776601683794,173,23.082077224829668,0.8263938778795856,0.2563226
Tikhonov,20,0.01,0.0031622776601683794,174,24.229240112802344,0.7199671913153869,0.19556247
Tikhonov,20,0.01,0.0031622776601683794,175,24.98666664671713,0.4978633375361192,0.33656248
Tikhonov,20,0.01,0.0031622776601683794,176,25.652491958181894,0.42892153845130165,0.31001422
Tikhonov,20,0.01,0.0031622776601683794,177,23.94281630540949,0.7065045821657481,0.19039664
Tikhonov,20,0.01,0.0031622776601683794,178,25.719246052062235,0.47273983963388055,0.2147959
Tikhonov,20,0.01,0.0031622776601683794,179,23.292995971191395,0.7585291998568645,0.18128248
Tikhonov,20,0.01,0.0031622776601683794,180,26.218413018872695,0.46478637725438093,0.21662118
Tikhonov,20,0.01,0.0031622776601683794,181,23.628181475911095,0.7533215357160027,0.18027763
Tikhonov,20,0.01,0.0031622776601683794,182,24.786277204546472,0.6328464778532729,0.20924151
Tikhonov,20,0.01,0.0031622776601683794,183,22.58509626935655,0.8965556722688527,0.18116866
Tikhonov,20,0.01,0.0031622776601683794,184,24.43447418604848,0.735233914026267,0.19080356
Tikhonov,20,0.01,0.0031622776601683794,185,23.82113050160221,0.7150904409825987,0.20992339
Tikhonov,20,0.01,0.0031622776601683794,186,23.801187975984348,0.8223320595758451,0.15429007
Tikhonov,20,0.01,0.0031622776601683794,187,23.68202749321859,0.8306572903986743,0.1911063
Tikhonov,20,0.01,0.0031622776601683794,188,23.49641364772664,0.8674943793357219,0.163863
Tikhonov,20,0.01,0.0031622776601683794,189,25.100467761660667,0.4388362473792835,0.2922262
Tikhonov,20,0.01,0.0031622776601683794,190,24.921692772179668,0.5788640655646454,0.18473013
Tikhonov,20,0.01,0.0031622776601683794,191,25.665108930729453,0.5007359513528029,0.22328912
Tikhonov,20,0.01,0.0031622776601683794,192,23.783252865395536,0.8216573894639646,0.18262821
Tikhonov,20,0.01,0.0031622776601683794,193,22.67389223240929,0.6778191566190197,0.25422904
Tikhonov,20,0.01,0.0031622776601683794,194,23.773672667113583,0.8548728675689271,0.18119018
Tikhonov,20,0.01,0.0031622776601683794,195,23.186246056336227,0.5660968926150259,0.33232838
Tikhonov,20,0.01,0.0031622776601683794,196,25.31330721803339,0.5176152678029535,0.18511817
Tikhonov,20,0.01,0.0031622776601683794,197,22.6938471959078,0.6942288029038401,0.19440073
Tikhonov,20,0.01,0.0031622776601683794,198,24.510458162791053,0.6554670685686725,0.21171352
Tikhonov,20,0.01,0.0031622776601683794,199,24.257542335467846,0.8186229400390621,0.1476407
TV,20,0.01,0.001,0,29.429731778062735,0.9218216136344208,0.12292076
TV,20,0.01,0.001,1,29.43484096798676,0.9281080189076337,0.09586217
TV,20,0.01,0.001,2,30.73230800521134,0.8891018538558779,0.1468777
TV,20,0.01,0.001,3,29.15346140000354,0.9661591695236765,0.085666426
TV,20,0.01,0.001,4,27.770371370720657,0.9421774746218988,0.14626507
TV,20,0.01,0.001,5,32.33823498834853,0.9520191611214117,0.09923148
TV,20,0.01,0.001,6,27.30407826718978,0.9355623602005075,0.14703973
TV,20,0.01,0.001,7,28.10694671023709,0.9383987764681666,0.13192444
TV,20,0.01,0.001,8,29.376085771024037,0.9583916593927982,0.0930277
TV,20,0.01,0.001,9,27.93407619772693,0.9483678832896485,0.109032
TV,20,0.01,0.001,10,28.66855362696129,0.9682112694525522,0.10440622
TV,20,0.01,0.001,11,26.21831627206427,0.9494965078293784,0.14645275
TV,20,0.01,0.001,12,27.541412459456552,0.943730715015703,0.13623053
TV,20,0.01,0.001,13,27.83066995326241,0.9516274814517045,0.1149301
TV,20,0.01,0.001,14,32.14056690969561,0.9201696711507711,0.09056063
TV,20,0.01,0.001,15,25.741372264010387,0.9587630848746654,0.17563729
TV,20,0.01,0.001,16,27.259781466138083,0.9457904379968801,0.13976057
TV,20,0.01,0.001,17,30.861866006893088,0.9630295153368603,0.09177318
TV,20,0.01,0.001,18,29.17359460172357,0.9781762920627909,0.08926962
TV,20,0.01,0.001,19,28.97935873695324,0.9464369987961182,0.14111422
TV,20,0.01,0.001,20,28.988971329382736,0.9411493894482447,0.102259226
TV,20,0.01,0.001,21,28.45308995861547,0.9482703027892704,0.12391508
TV,20,0.01,0.001,22,26.384669515068314,0.9585710208832232,0.15324044
TV,20,0.01,0.001,23,26.907841943250755,0.9528878591031082,0.15621966
TV,20,0.01,0.001,24,26.64325783169415,0.9087889965408105,0.21474345
TV,20,0.01,0.001,25,28.965164679462504,0.9872323720415762,0.07248642
TV,20,0.01,0.001,26,26.762378171183627,0.9003570504055536,0.1863449
TV,20,0.01,0.001,27,28.914679622537264,0.9505589993532039,0.1172858
TV,20,0.01,0.001,28,28.224691873315027,0.9698351569904768,0.099775456
TV,20,0.01,0.001,29,32.585505664647556,0.9106948767934949,0.10066967
TV,20,0.01,0.001,30,29.688377124053012,0.9635519526344686,0.099952325
TV,20,0.01,0.001,31,31.542800445967156,0.9280437754451736,0.12473569
TV,20,0.01,0.001,32,29.150797558783683,0.9684399114536845,0.103955984
TV,20,0.01,0.001,33,28.16435576716444,0.9592792413328305,0.12246139
TV,20,0.01,0.001,34,30.05300809099104,0.9463614238318333,0.09270673
TV,20,0.01,0.001,35,27.72457643924026,0.9731536671396129,0.11750537
TV,20,0.01,0.001,36,28.713736060172906,0.9329542078016219,0.12061592
TV,20,0.01,0.001,37,33.902794376714425,0.9057953136642117,0.08239706
TV,20,0.01,0.001,38,25.645818537414605,0.9316138396701537,0.1912157
TV,20,0.01,0.001,39,32.06358569843138,0.9660454683067384,0.0875834
TV,20,0.01,0.001,40,30.687448004358636,0.9287728009637722,0.17840971
TV,20,0.01,0.001,41,27.048234389369306,0.915475375457736,0.17071748
TV,20,0.01,0.001,42,30.02762735922761,0.9580069489715514,0.09827885
TV,20,0.01,0.001,43,28.580687427876754,0.9184529638487445,0.14790036
TV,20,0.01,0.001,44,30.561440500966683,0.9372638710889934,0.10483332
TV,20,0.01,0.001,45,26.38878294979834,0.9301022988828745,0.17237294
TV,20,0.01,0.001,46,33.31297312574328,0.9570675378988597,0.07431058
TV,20,0.01,0.001,47,23.904787293361597,0.9058853276997558,0.2573113
TV,20,0.01,0.001,48,30.73490603864262,0.9646555712400389,0.06917326
TV,20,0.01,0.001,49,28.682401186610345,0.9555885070734773,0.114825375
TV,20,0.01,0.001,50,28.75446853938294,0.9365217427700019,0.12643036
TV,20,0.01,0.001,51,28.192232555217963,0.9801224943034905,0.09569929
TV,20,0.01,0.001,52,27.664834921160583,0.9529861153280439,0.13369682
TV,20,0.01,0.001,53,24.89196062619923,0.9340960163592307,0.22814448
TV,20,0.01,0.001,54,26.47083430339023,0.9694175601990755,0.12511085
TV,20,0.01,0.001,55,29.10232717676284,0.9558218178177668,0.1016374
TV,20,0.01,0.001,56,30.690931943347618,0.9713578484028824,0.08397599
TV,20,0.01,0.001,57,29.64795821395327,0.9100871492515911,0.15935662
TV,20,0.01,0.001,58,28.689494990712504,0.9581303842181017,0.11042727
TV,20,0.01,0.001,59,27.221594321087323,0.9094409027621766,0.20364137
TV,20,0.01,0.001,60,31.089348770758207,0.9483612601853106,0.08185993
TV,20,0.01,0.001,61,27.767289913866286,0.9682698865567357,0.110400416
TV,20,0.01,0.001,62,27.94595686802147,0.9319064415806582,0.17784116
TV,20,0.01,0.001,63,29.406652235829768,0.9439999130516012,0.11197546
TV,20,0.01,0.001,64,28.894446132326358,0.9553515537341765,0.097795755
TV,20,0.01,0.001,65,28.644526855890962,0.9414187020753041,0.16096829
TV,20,0.01,0.001,66,25.758129181313624,0.9398842349279025,0.16734673
TV,20,0.01,0.001,67,27.157914313770274,0.9407668616776624,0.14638238
TV,20,0.01,0.001,68,28.435363532501263,0.9691184422940262,0.09399208
TV,20,0.01,0.001,69,29.009602159946787,0.9710477421845286,0.1015107
TV,20,0.01,0.001,70,30.476070408702935,0.9460657187852978,0.0960237
TV,20,0.01,0.001,71,28.935323956595134,0.9850348035904987,0.083372414
TV,20,0.01,0.001,72,26.930335827310667,0.9572692110765079,0.13309732
TV,20,0.01,0.001,73,30.493889538343055,0.9488919574367113,0.082249954
TV,20,0.01,0.001,74,35.16238391123947,0.9243716540292275,0.06868093
TV,20,0.01,0.001,75,28.547511467178218,0.9325165276931338,0.11984158
TV,20,0.01,0.001,76,28.035083688171497,0.9612903745213816,0.14714995
TV,20,0.01,0.001,77,27.70880328327504,0.9629072852371153,0.1538453
TV,20,0.01,0.001,78,29.59440962240436,0.9469076805124598,0.11263114
TV,20,0.01,0.001,79,30.215042962304608,0.9727555159941192,0.07347797
TV,20,0.01,0.001,80,31.348538759772264,0.9458897325618207,0.090128765
TV,20,0.01,0.001,81,29.809284497621956,0.9429727616635236,0.095720015
TV,20,0.01,0.001,82,29.48075683878342,0.9680443545264646,0.086892255
TV,20,0.01,0.001,83,28.638654445157666,0.9370306511063221,0.13528945
TV,20,0.01,0.001,84,25.471586274932992,0.957351143448806,0.15642902
TV,20,0.01,0.001,85,30.3497680696319,0.9632504974022384,0.07526229
TV,20,0.01,0.001,86,30.675246645668807,0.9524618367518275,0.08648501
TV,20,0.01,0.001,87,26.880701913866694,0.957185556450166,0.1328064
TV,20,0.01,0.001,88,28.457819584277697,0.9676080386747014,0.11052398
TV,20,0.01,0.001,89,30.46406859586481,0.9558052007447589,0.11055592
TV,20,0.01,0.001,90,28.089624037690264,0.9636552865224436,0.120930605
TV,20,0.01,0.001,91,27.73295936155328,0.9289956232609827,0.1366617
TV,20,0.01,0.001,92,24.864277696933407,0.9130675892445667,0.24568321
TV,20,0.01,0.001,93,30.444371301084093,0.9713280284700315,0.074294806
TV,20,0.01,0.001,94,31.586822231412913,0.9100414760226061,0.08110057
TV,20,0.01,0.001,95,28.63407732280949,0.9758178269690718,0.086565755
TV,20,0.01,0.001,96,30.071396326872637,0.9420943225710845,0.14161202
TV,20,0.01,0.001,97,29.951862630257565,0.9475906557780652,0.086849175
TV,20,0.01,0.001,98,27.91345281032814,0.9496851128118098,0.12987927
TV,20,0.01,0.001,99,28.797093593049784,0.9685673435980623,0.09890521
TV,20,0.01,0.001,100,24.13383764152492,0.929209916182786,0.24235837
TV,20,0.01,0.001,101,27.309679551047736,0.9478212338833769,0.13011426
TV,20,0.01,0.001,102,26.48897910634517,0.9647786807853821,0.14002903
TV,20,0.01,0.001,103,30.05781246505412,0.9512712321867628,0.09617495
TV,20,0.01,0.001,104,28.849766518497315,0.9515855888074095,0.120378174
TV,20,0.01,0.001,105,27.542435159090964,0.9467618230206907,0.14575705
TV,20,0.01,0.001,106,25.985621664625963,0.9687925087026328,0.14530408
TV,20,0.01,0.001,107,30.397358348403717,0.966940615787979,0.1253562
TV,20,0.01,0.001,108,30.001830757421505,0.9518252691823589,0.10125019
TV,20,0.01,0.001,109,26.588874735526534,0.9414008100293885,0.16220388
TV,20,0.01,0.001,110,27.58738078629859,0.9516499887936372,0.119989745
TV,20,0.01,0.001,111,32.430950585811836,0.9302501744352096,0.085100286
TV,20,0.01,0.001,112,29.624279409987317,0.9406896923199173,0.12041936
TV,20,0.01,0.001,113,29.60712225462228,0.9501200238904677,0.10543835
TV,20,0.01,0.001,114,28.81425845656291,0.9501851374083314,0.13032924
TV,20,0.01,0.001,115,28.556565704927884,0.936324763766005,0.14024144
TV,20,0.01,0.001,116,29.01681979367758,0.9293728557315247,0.14278787
TV,20,0.01,0.001,117,29.97526649892889,0.9589789160026991,0.09588846
TV,20,0.01,0.001,118,26.73265275631671,0.9285441323006449,0.17938863
TV,20,0.01,0.001,119,28.316575047598924,0.9645792792651279,0.10785599
TV,20,0.01,0.001,120,29.36643599169688,0.9772847326826458,0.0845512
TV,20,0.01,0.001,121,28.86464471174891,0.9568620724988378,0.1256175
TV,20,0.01,0.001,122,31.330313549408487,0.9398014264658463,0.11534995
TV,20,0.01,0.001,123,27.214865751531754,0.9507485487121196,0.13718274
TV,20,0.01,0.001,124,29.4948096546511,0.9391148352672246,0.101905584
TV,20,0.01,0.001,125,26.896109622077343,0.9460066284153087,0.16304493
TV,20,0.01,0.001,126,28.23363043957062,0.9682664447579502,0.11179972
TV,20,0.01,0.001,127,29.641588739335624,0.9728056991642172,0.098036446
TV,20,0.01,0.001,128,28.07846566688695,0.9547484717216373,0.096054465
TV,20,0.01,0.001,129,28.20883061655065,0.9437751244168636,0.12726523
TV,20,0.01,0.001,130,28.16924049282084,0.961690580672469,0.09977889
TV,20,0.01,0.001,131,29.29542108016415,0.9627014076537337,0.08198546
TV,20,0.01,0.001,132,28.483323000918347,0.9790640951188143,0.09304721
TV,20,0.01,0.001,133,30.072773983455168,0.9628613994510706,0.08317635
TV,20,0.01,0.001,134,27.259899915612337,0.9429465545233616,0.12436849
TV,20,0.01,0.001,135,34.2253636248327,0.9377318986437537,0.06895235
TV,20,0.01,0.001,136,29.013954356873008,0.953716000064838,0.10849072
TV,20,0.01,0.001,137,31.481171606276842,0.9450300065569641,0.08817764
TV,20,0.01,0.001,138,27.854313758954447,0.9502604300202417,0.117393404
TV,20,0.01,0.001,139,27.394350733533635,0.9446730020432925,0.12923712
TV,20,0.01,0.001,140,25.719877500866893,0.903461507375329,0.21157706
TV,20,0.01,0.001,141,27.778787037218034,0.9047786543253532,0.14856124
TV,20,0.01,0.001,142,26.88709901861488,0.9666838110232157,0.1494189
TV,20,0.01,0.001,143,32.40164397113306,0.9296400365996952,0.10969858
TV,20,0.01,0.001,144,26.8770791068385,0.9244159874775686,0.1396326
TV,20,0.01,0.001,145,30.186619300687063,0.9117121369816548,0.14325741
TV,20,0.01,0.001,146,27.30848437987858,0.9581035694553832,0.11758361
TV,20,0.01,0.001,147,28.00088287326027,0.9804367796202337,0.096468695
TV,20,0.01,0.001,148,29.134697136432838,0.9454521933370386,0.11093983
TV,20,0.01,0.001,149,25.142838949314303,0.9310490576442608,0.21869263
TV,20,0.01,0.001,150,28.6628060699606,0.9504197462777461,0.11796829
TV,20,0.01,0.001,151,25.344049639965863,0.9637392979146036,0.15179649
TV,20,0.01,0.001,152,27.035278250691373,0.9304699536320592,0.15607193
TV,20,0.01,0.001,153,26.579103865075876,0.938003275820539,0.16850846
TV,20,0.01,0.001,154,31.11867027652279,0.9126666949307622,0.13687254
TV,20,0.01,0.001,155,29.144569688382276,0.9758841306710047,0.096483506
TV,20,0.01,0.001,156,29.138989411703005,0.9647388039541639,0.11664362
TV,20,0.01,0.001,157,28.613496274325417,0.9568194336265572,0.11703719
TV,20,0.01,0.001,158,29.859380858840897,0.962858319590407,0.102220334
TV,20,0.01,0.001,159,28.78949697539599,0.9281398703244107,0.14752749
TV,20,0.01,0.001,160,29.34356442366672,0.9660552407591796,0.10403026
TV,20,0.01,0.001,161,27.023545940887246,0.9683349376375024,0.13643025
TV,20,0.01,0.001,162,29.030083943629265,0.9662961667973148,0.090077616
TV,20,0.01,0.001,163,29.73153577248912,0.9579069571923619,0.08913548
TV,20,0.01,0.001,164,26.872327712334595,0.9341157009163179,0.14784542
TV,20,0.01,0.001,165,29.814814383671813,0.9648510538472617,0.08872954
TV,20,0.01,0.001,166,26.11162287415036,0.943596499025329,0.16754338
TV,20,0.01,0.001,167,28.059220184308515,0.9421565756817495,0.14665401
TV,20,0.01,0.001,168,34.37106602416385,0.9084193686808436,0.0772575
TV,20,0.01,0.001,169,28.738736731157886,0.9628556151528004,0.1288393
TV,20,0.01,0.001,170,29.373721952273193,0.9297745328488921,0.13074115
TV,20,0.01,0.001,171,30.65908405685484,0.9660149956783972,0.07584569
TV,20,0.01,0.001,172,26.595545104299312,0.9676554833561921,0.12743358
TV,20,0.01,0.001,173,24.761506428970662,0.9414017915356258,0.21125911
TV,20,0.01,0.001,174,27.93965290342897,0.9458315083680074,0.12757479
TV,20,0.01,0.001,175,28.794162360820717,0.9310767902446188,0.21711554
TV,20,0.01,0.001,176,31.548585468524045,0.8927134784046283,0.15724504
TV,20,0.01,0.001,177,28.37496611726803,0.9612973482032453,0.114301465
TV,20,0.01,0.001,178,33.83316716536304,0.9188607973623867,0.08439758
TV,20,0.01,0.001,179,27.43159954623419,0.953892518666165,0.11257077
TV,20,0.01,0.001,180,32.10230017944482,0.910832306570258,0.11002885
TV,20,0.01,0.001,181,28.338212448141178,0.9647112012155785,0.10481907
TV,20,0.01,0.001,182,29.712518962269026,0.9585570960867503,0.11866858
TV,20,0.01,0.001,183,28.082267485925723,0.9799697881887767,0.09621096
TV,20,0.01,0.001,184,27.47908053268018,0.9461388344114477,0.13438664
TV,20,0.01,0.001,185,28.201541392388595,0.9406188643914609,0.12677692
TV,20,0.01,0.001,186,28.788988110908242,0.9512417155725896,0.08688562
TV,20,0.01,0.001,187,27.40233669836895,0.960086024374016,0.12452586
TV,20,0.01,0.001,188,28.868029109101535,0.975617803510063,0.08828768
TV,20,0.01,0.001,189,30.61643095086797,0.9336938232429757,0.1548535
TV,20,0.01,0.001,190,30.762329370820627,0.9443990358513249,0.09429874
TV,20,0.01,0.001,191,31.344815755539912,0.8951945606588332,0.11611336
TV,20,0.01,0.001,192,27.850118782608106,0.9608472234084586,0.11434694
TV,20,0.01,0.001,193,23.878980929104927,0.9409398972864979,0.22129455
TV,20,0.01,0.001,194,27.045855938146993,0.9722750470165379,0.12431556
TV,20,0.01,0.001,195,25.773726086370928,0.8899058857855718,0.24671379
TV,20,0.01,0.001,196,32.09248169401525,0.9209370427141504,0.08481845
TV,20,0.01,0.001,197,27.53711586362627,0.9616334762208718,0.11131006
TV,20,0.01,0.001,198,28.832607935241565,0.9451940065511495,0.12871854
TV,20,0.01,0.001,199,30.60303579270503,0.9766207359546473,0.07111012
FBP,20,0.05,,0,15.493287659684722,0.49810548647337405,0.6115717
FBP,20,0.05,,1,15.184320104258699,0.6037457606055021,0.494508
FBP,20,0.05,,2,15.815031144189254,0.31872154435964034,0.8181251
FBP,20,0.05,,3,15.771435959200339,0.7004995918060626,0.39986363
FBP,20,0.05,,4,15.775656683038136,0.5730908850484772,0.5819375
FBP,20,0.05,,5,15.811496264559883,0.3481904893111383,0.6652524
FBP,20,0.05,,6,15.187409011603483,0.5516834056723999,0.5932915
FBP,20,0.05,,7,15.51939256801413,0.47319673000371143,0.5619568
FBP,20,0.05,,8,15.613198894632665,0.662911937376032,0.4536873
FBP,20,0.05,,9,15.751221583923423,0.5977432441394748,0.44329897
FBP,20,0.05,,10,15.357359751661619,0.7007420273721512,0.4833771
FBP,20,0.05,,11,15.053986699445518,0.6519621886434248,0.52955854
FBP,20,0.05,,12,14.94988513152678,0.5025641726588369,0.5805649
FBP,20,0.05,,13,15.336859022170056,0.674173576389906,0.48431098
FBP,20,0.05,,14,15.790090939259553,0.3775470237324494,0.5949264
FBP,20,0.05,,15,15.279025621355718,0.6118424260636579,0.5857793
FBP,20,0.05,,16,14.890940990664035,0.5671534542023677,0.58053267
FBP,20,0.05,,17,16.164689180347402,0.5413340377738128,0.4983961
FBP,20,0.05,,18,16.1136003898575,0.7273244986131168,0.4015165
FBP,20,0.05,,19,15.864956734297076,0.47987893646390417,0.6386911
FBP,20,0.05,,20,15.692338343796965,0.5406075835274704,0.47264406
FBP,20,0.05,,21,15.471897865552522,0.5334339965716214,0.5523111
FBP,20,0.05,,22,14.898020126992964,0.5844074810498148,0.57505035
FBP,20,0.05,,23,15.796863105322698,0.5540981053082827,0.5614158
FBP,20,0.05,,24,15.344549477737768,0.42402196418625554,0.7885974
FBP,20,0.05,,25,15.291551242918686,0.7975074186070734,0.34989467
FBP,20,0.05,,26,15.06614709155819,0.40493114304290206,0.7163563
FBP,20,0.05,,27,15.608688886831008,0.5611116574514462,0.54268146
FBP,20,0.05,,28,15.047527491309168,0.6815901625186372,0.4548644
FBP,20,0.05,,29,15.884647956837464,0.34319160734904014,0.6885596
FBP,20,0.05,,30,15.551234293962537,0.5521999038463051,0.5089206
FBP,20,0.05,,31,16.416766805708882,0.32860141824356043,0.7116926
FBP,20,0.05,,32,14.620806792769436,0.5587860504578999,0.55379504
FBP,20,0.05,,33,15.541926575192077,0.6205493861598671,0.52374583
FBP,20,0.05,,34,15.983694973829186,0.590840522060243,0.46835694
FBP,20,0.05,,35,15.099077122018054,0.7174439536921297,0.50272757
FBP,20,0.05,,36,15.460955623555819,0.5479156857937664,0.55468154
FBP,20,0.05,,37,15.926743647381802,0.34434879337832847,0.6527009
FBP,20,0.05,,38,15.009543732687458,0.5013613840179039,0.65063477
FBP,20,0.05,,39,16.55488651202002,0.39791813097311635,0.522224
FBP,20,0.05,,40,15.785505300632803,0.2581397125633118,0.9920091
FBP,20,0.05,,41,15.294238964874914,0.4574127557729794,0.66065955
FBP,20,0.05,,42,15.733162023233715,0.5654534946653625,0.5095459
FBP,20,0.05,,43,15.803930715621433,0.4693057254605738,0.64388317
FBP,20,0.05,,44,15.843388476222595,0.4633838660167896,0.57069224
FBP,20,0.05,,45,15.351581221715655,0.5623634055505249,0.6142275
FBP,20,0.05,,46,16.135062080959482,0.4282101715906126,0.5369653
FBP,20,0.05,,47,15.029397707166474,0.4541730543115734,0.7148721
FBP,20,0.05,,48,15.30015245218529,0.63620396770655,0.4089554
FBP,20,0.05,,49,16.091541548268825,0.6204355035617242,0.48930636
FBP,20,0.05,,50,15.492554670208193,0.5023554462743711,0.58203226
FBP,20,0.05,,51,14.832992639047703,0.7146638111216892,0.4455236
FBP,20,0.05,,52,15.815848875914572,0.6210612134776109,0.5230827
FBP,20,0.05,,53,15.398313199237403,0.5666009868831424,0.68060064
FBP,20,0.05,,54,14.78106898807274,0.6916720012818248,0.4805994
FBP,20,0.05,,55,14.914648603293264,0.6142436110884555,0.5205201
FBP,20,0.05,,56,15.834387788113364,0.6473686135927704,0.4644964
FBP,20,0.05,,57,15.17906331033885,0.2911821231611145,0.84297526
FBP,20,0.05,,58,15.3590775642359,0.5744209653014178,0.51238596
FBP,20,0.05,,59,15.647026928150458,0.39287339648999026,0.77195925
FBP,20,0.05,,60,15.74773292936759,0.5205101519675751,0.4787978
FBP,20,0.05,,61,15.271909906952105,0.6496370942456323,0.46530712
FBP,20,0.05,,62,15.919368530203354,0.4459216300820718,0.710169
FBP,20,0.05,,63,14.92965110525444,0.5373027357801664,0.59288836
FBP,20,0.05,,64,15.62384352371701,0.6675566023785461,0.45066118
FBP,20,0.05,,65,15.878695723923798,0.39480321727940704,0.6998934
FBP,20,0.05,,66,14.63571974438354,0.6080442752567596,0.6021958
FBP,20,0.05,,67,15.004222916015024,0.5591061611597047,0.5931621
FBP,20,0.05,,68,15.944442793273033,0.6411247116553598,0.39594722
FBP,20,0.05,,69,15.013799061146125,0.6990718436182678,0.50851285
FBP,20,0.05,,70,14.9913184930801,0.5203091017226917,0.5709736
FBP,20,0.05,,71,14.937656864917992,0.7705419521717728,0.41773972
FBP,20,0.05,,72,15.01121350530646,0.638909097545343,0.5249591
FBP,20,0.05,,73,15.28845989896886,0.5319658212179657,0.47359502
FBP,20,0.05,,74,17.20584863455742,0.36934610671789025,0.54282886
FBP,20,0.05,,75,15.50493290926169,0.5245574170572386,0.53794324
FBP,20,0.05,,76,15.75759519669412,0.5019018866691458,0.6048317
FBP,20,0.05,,77,15.428372255165597,0.575032153275113,0.63256586
FBP,20,0.05,,78,16.327252182611854,0.4570438188279197,0.5188196
FBP,20,0.05,,79,15.882622084660412,0.666933996337591,0.38262925
FBP,20,0.05,,80,15.695446677841407,0.479855636542979,0.5464092
FBP,20,0.05,,81,15.529515872545186,0.5781404530532223,0.49544013
FBP,20,0.05,,82,15.475545223664975,0.6808260523176907,0.43575427
FBP,20,0.05,,83,15.127440073280226,0.4567778356350941,0.6409507
FBP,20,0.05,,84,14.803617963003557,0.6240138378191411,0.5342146
FBP,20,0.05,,85,16.03464068101022,0.6761506247891124,0.39114138
FBP,20,0.05,,86,16.170005179393122,0.5329975000405728,0.45941266
FBP,20,0.05,,87,15.531422598002981,0.6063842729312726,0.49054962
FBP,20,0.05,,88,15.699976187025085,0.6082186602361015,0.48011878
FBP,20,0.05,,89,15.633717162398924,0.3836784964865533,0.60967666
FBP,20,0.05,,90,15.564379814559576,0.6150370373246058,0.5114444
FBP,20,0.05,,91,14.833634450346931,0.48996674345315205,0.6034108
FBP,20,0.05,,92,14.896101380186725,0.4093429801144617,0.7740772
FBP,20,0.05,,93,15.658639967756002,0.6057155784758886,0.40761018
FBP,20,0.05,,94,15.96520898313993,0.43421086971145934,0.48989674
FBP,20,0.05,,95,14.649057739536502,0.6535546340998457,0.4331089
FBP,20,0.05,,96,15.8718662663122,0.33399175848977347,0.726234
FBP,20,0.05,,97,16.12429431742063,0.5941414679277954,0.42672113
FBP,20,0.05,,98,15.433652755424232,0.5707603840199843,0.54642403
FBP,20,0.05,,99,15.629691347746956,0.6099972798436599,0.45039055
FBP,20,0.05,,100,15.0475975693963,0.5249140414774701,0.68987435
FBP,20,0.05,,101,15.040992834421221,0.6653534763099441,0.5342681
FBP,20,0.05,,102,15.086703099337855,0.640535089577159,0.52039355
FBP,20,0.05,,103,15.270582366384986,0.5953431025660423,0.52774423
FBP,20,0.05,,104,15.404296943700713,0.5810794857087868,0.56600624
FBP,20,0.05,,105,16.031012386211735,0.5462272007559875,0.5485304
FBP,20,0.05,,106,14.747127688949657,0.7120460090198562,0.5299105
FBP,20,0.05,,107,15.986234843041574,0.3772307266200405,0.6587218
FBP,20,0.05,,108,15.326712952514978,0.49179595705960716,0.54846853
FBP,20,0.05,,109,15.439910420262413,0.5287845803569995,0.58547646
FBP,20,0.05,,110,15.380359373438978,0.5903269507366794,0.4892099
FBP,20,0.05,,111,16.656737214302897,0.43431867305281974,0.52316856
FBP,20,0.05,,112,15.58366466301729,0.465700324003825,0.60635513
FBP,20,0.05,,113,15.894807880603599,0.5165309066960166,0.5112276
FBP,20,0.05,,114,15.642674993487194,0.4667398512182677,0.59377384
FBP,20,0.05,,115,15.597529687442666,0.46278176078917305,0.62348807
FBP,20,0.05,,116,15.229350810541234,0.41003143613611914,0.69833654
FBP,20,0.05,,117,16.256082082133307,0.6015071582707816,0.46529192
FBP,20,0.05,,118,15.613137546182585,0.47412246361588684,0.6453133
FBP,20,0.05,,119,15.207634852919817,0.64205408799634,0.48785552
FBP,20,0.05,,120,15.088183748212,0.7100033117508735,0.43755478
FBP,20,0.05,,121,16.07782233478598,0.5616460145794151,0.5475091
FBP,20,0.05,,122,16.83351619820713,0.406938940812189,0.6121492
FBP,20,0.05,,123,15.774931110824593,0.5947546868634719,0.5120309
FBP,20,0.05,,124,15.913940158532409,0.5311934537442968,0.48667774
FBP,20,0.05,,125,15.380215355622703,0.4816081847125471,0.61390615
FBP,20,0.05,,126,15.30823032549809,0.720638393480374,0.49512026
FBP,20,0.05,,127,15.82667637175857,0.592567343809132,0.48098683
FBP,20,0.05,,128,14.519264139962216,0.63729445616014,0.45759118
FBP,20,0.05,,129,15.5564491775052,0.577724559950026,0.5461712
FBP,20,0.05,,130,15.30330124046933,0.6254351202687833,0.4388698
FBP,20,0.05,,131,15.190785294333281,0.6743403277375537,0.4158806
FBP,20,0.05,,132,15.302902103423131,0.7004876692432642,0.42435017
FBP,20,0.05,,133,15.408363263859766,0.6488122221356409,0.45000812
FBP,20,0.05,,134,15.07203308757368,0.5809549479771756,0.5059455
FBP,20,0.05,,135,16.23993510947876,0.3844238333067927,0.5467899
FBP,20,0.05,,136,15.332974346546056,0.6257174697683627,0.5241331
FBP,20,0.05,,137,15.536675175766906,0.4063347928445596,0.5528195
FBP,20,0.05,,138,15.037778067269894,0.5859504244292096,0.5134173
FBP,20,0.05,,139,15.115768407743646,0.5614536357937419,0.53127134
FBP,20,0.05,,140,15.21874313403339,0.42251737792089855,0.7088026
FBP,20,0.05,,141,15.268796072001816,0.4406417730022455,0.6271986
FBP,20,0.05,,142,15.382344451535385,0.6032744551174057,0.56187963
FBP,20,0.05,,143,16.31482841618371,0.32669541990659384,0.69910395
FBP,20,0.05,,144,14.938870406190276,0.5303894803653763,0.5519469
FBP,20,0.05,,145,15.735284011115024,0.3113144933386965,0.7562822
FBP,20,0.05,,146,15.033264989401477,0.5972059541453453,0.48317865
FBP,20,0.05,,147,15.637672863114481,0.7415278783380266,0.40044868
FBP,20,0.05,,148,15.72765875208452,0.6259610615495397,0.5193252
FBP,20,0.05,,149,15.142389143573588,0.4807095788300787,0.6916027
FBP,20,0.05,,150,14.85148988394279,0.541540699889038,0.578537
FBP,20,0.05,,151,15.035970227824851,0.6753548048710242,0.49735415
FBP,20,0.05,,152,16.067035625037082,0.5434025848956157,0.5517431
FBP,20,0.05,,153,15.52200255888767,0.5737567159715484,0.601834
FBP,20,0.05,,154,15.853067249658297,0.3016724874338432,0.7935906
FBP,20,0.05,,155,15.193587943962125,0.6368823408947193,0.48084176
FBP,20,0.05,,156,16.21403646390645,0.5269848851401413,0.5165456
FBP,20,0.05,,157,15.355749870716334,0.6000268594345606,0.53853166
FBP,20,0.05,,158,15.449496176282992,0.5749736938624732,0.53707075
FBP,20,0.05,,159,16.0401455108067,0.440121673358244,0.6402367
FBP,20,0.05,,160,15.222853359049804,0.5350898885173727,0.5286828
FBP,20,0.05,,161,14.898667762877745,0.6137043431007149,0.5510038
FBP,20,0.05,,162,15.397282883249071,0.6942756537149356,0.4327698
FBP,20,0.05,,163,15.345312810492217,0.6186292982431252,0.46704826
FBP,20,0.05,,164,14.916376242577398,0.5147920821865295,0.5856059
FBP,20,0.05,,165,15.086288157234833,0.6961349465314579,0.4836092
FBP,20,0.05,,166,14.755386471499136,0.5297010508695377,0.61935425
FBP,20,0.05,,167,15.888899376414901,0.4960489834518454,0.5954016
FBP,20,0.05,,168,16.264225029757412,0.3723421302170171,0.6212733
FBP,20,0.05,,169,16.262711876952668,0.5198985843785484,0.54181325
FBP,20,0.05,,170,15.50392524209566,0.45635720304586763,0.64550877
FBP,20,0.05,,171,15.693361975624976,0.5904630127911069,0.42483178
FBP,20,0.05,,172,14.695267766024198,0.6856975793334416,0.501531
FBP,20,0.05,,173,15.42036788059471,0.5994521735313258,0.61925906
FBP,20,0.05,,174,15.418035042547636,0.5520869047116523,0.53931904
FBP,20,0.05,,175,16.174526881275767,0.30384563736227066,0.9282665
FBP,20,0.05,,176,15.838435982432735,0.2748552186851818,0.9595871
FBP,20,0.05,,177,15.50713859319406,0.5644842761349604,0.5028554
FBP,20,0.05,,178,16.09189614864102,0.3466805260631649,0.65071905
FBP,20,0.05,,179,16.01545496056297,0.6211439636800523,0.4190182
FBP,20,0.05,,180,16.68485662508307,0.33676828598092007,0.6492003
FBP,20,0.05,,181,15.579868372839538,0.6071214675827554,0.45536274
FBP,20,0.05,,182,16.17261129100512,0.4780607707981883,0.5640676
FBP,20,0.05,,183,14.995410137760373,0.7489477456358505,0.43407756
FBP,20,0.05,,184,15.349242505421785,0.5592907500534291,0.5430603
FBP,20,0.05,,185,15.27608220850192,0.5359852592320583,0.56145275
FBP,20,0.05,,186,14.933615740996872,0.6653497264667463,0.4282689
FBP,20,0.05,,187,15.462626339172276,0.666602558174403,0.4923173
FBP,20,0.05,,188,14.783391843072472,0.7091498808597765,0.44681934
FBP,20,0.05,,189,15.491441572968704,0.2877788442304088,0.88342655
FBP,20,0.05,,190,16.12050665661238,0.42991704957864935,0.50885856
FBP,20,0.05,,191,15.976986849354148,0.3602896778912126,0.6811985
FBP,20,0.05,,192,14.948317721201335,0.6633552639224554,0.505027
FBP,20,0.05,,193,15.75163162722651,0.5238430593849481,0.5640767
FBP,20,0.05,,194,15.067497232698049,0.679621085882945,0.49367762
FBP,20,0.05,,195,15.91562343293984,0.38800955179823543,0.7675357
FBP,20,0.05,,196,15.570167068375536,0.3793812715501656,0.56833714
FBP,20,0.05,,197,15.535031714298832,0.5464178658842661,0.44323966
FBP,20,0.05,,198,15.490592720812215,0.47213568252097377,0.598056
FBP,20,0.05,,199,15.648790204024717,0.6550199826245464,0.39778072
Tikhonov,20,0.05,0.03162277660168379,0,17.234318761380266,0.49793912136680946,0.50049055
Tikhonov,20,0.05,0.03162277660168379,1,16.322242340427813,0.5998031656661413,0.43378767
Tikhonov,20,0.05,0.03162277660168379,2,18.988858447180018,0.3394886411852511,0.56771237
Tikhonov,20,0.05,0.03162277660168379,3,16.42912518581372,0.692860452424348,0.3707041
Tikhonov,20,0.05,0.03162277660168379,4,17.579999070164387,0.5911560592410917,0.47278014
Tikhonov,20,0.05,0.03162277660168379,5,18.37499473260729,0.36029129086903194,0.49523523
Tikhonov,20,0.05,0.03162277660168379,6,16.63268865789645,0.5590162631827801,0.5023474
Tikhonov,20,0.05,0.03162277660168379,7,17.422043530992923,0.48899918904023876,0.45140916
Tikhonov,20,0.05,0.03162277660168379,8,17.082679528244256,0.6711464078314237,0.38307393
Tikhonov,20,0.05,0.03162277660168379,9,16.684142863907955,0.5966833381673556,0.3981536
Tikhonov,20,0.05,0.03162277660168379,10,16.152376602032973,0.6913283183920094,0.44109812
Tikhonov,20,0.05,0.03162277660168379,11,16.002055550900522,0.6290401176605778,0.4747998
Tikhonov,20,0.05,0.03162277660168379,12,16.698090485542775,0.5107561330929637,0.4747233
Tikhonov,20,0.05,0.03162277660168379,13,16.149064133212384,0.6683073229723357,0.4410767
Tikhonov,20,0.05,0.03162277660168379,14,18.311252268370623,0.38617363030765367,0.4450463
Tikhonov,20,0.05,0.03162277660168379,15,16.504204018841676,0.6182017386943864,0.50871575
Tikhonov,20,0.05,0.03162277660168379,16,16.767196020814247,0.5844507141289886,0.4677502
Tikhonov,20,0.05,0.03162277660168379,17,17.19269368633142,0.5410086240738241,0.44276616
Tikhonov,20,0.05,0.03162277660168379,18,16.45597724109601,0.7060964722244054,0.3859976
Tikhonov,20,0.05,0.03162277660168379,19,17.778056679961985,0.4884165359128455,0.51243156
Tikhonov,20,0.05,0.03162277660168379,20,17.367612826380835,0.5603742282621155,0.38973594
Tikhonov,20,0.05,0.03162277660168379,21,17.267041848425485,0.5390162224720678,0.4491864
Tikhonov,20,0.05,0.03162277660168379,22,16.517257055998822,0.5972105306890708,0.47724792
Tikhonov,20,0.05,0.03162277660168379,23,16.91002795187284,0.5487186291595644,0.49388564
Tikhonov,20,0.05,0.03162277660168379,24,17.623296403456926,0.4412198139350738,0.6066218
Tikhonov,20,0.05,0.03162277660168379,25,16.04017432650055,0.7948478325068074,0.32100084
Tikhonov,20,0.05,0.03162277660168379,26,16.881962268587984,0.4052697013847603,0.581217
Tikhonov,20,0.05,0.03162277660168379,27,17.15187104519323,0.5686957448735844,0.45434517
Tikhonov,20,0.05,0.03162277660168379,28,16.243530862979135,0.6827992763209603,0.39635265
Tikhonov,20,0.05,0.03162277660168379,29,18.700602384750063,0.35439147863562087,0.49790192
Tikhonov,20,0.05,0.03162277660168379,30,17.271617991186982,0.5744643243549734,0.41747537
Tikhonov,20,0.05,0.03162277660168379,31,19.01440528689722,0.337850231067316,0.52772844
Tikhonov,20,0.05,0.03162277660168379,32,16.34203661391193,0.5768493232374996,0.45424232
Tikhonov,20,0.05,0.03162277660168379,33,16.87956864588899,0.6289058896176102,0.44899195
Tikhonov,20,0.05,0.03162277660168379,34,16.852413052149387,0.5880433138996778,0.4237806
Tikhonov,20,0.05,0.03162277660168379,35,16.214923107709506,0.7224618048851632,0.44212025
Tikhonov,20,0.05,0.03162277660168379,36,16.80160962529409,0.5539331022098715,0.47534728
Tikhonov,20,0.05,0.03162277660168379,37,18.411418300984398,0.3459958183369407,0.49032098
Tikhonov,20,0.05,0.03162277660168379,38,16.334737979159314,0.4986244429293481,0.55856997
Tikhonov,20,0.05,0.03162277660168379,39,18.41459439587367,0.4054044827829454,0.42157167
Tikhonov,20,0.05,0.03162277660168379,40,18.959097673182505,0.26225092941712325,0.68839234
Tikhonov,20,0.05,0.03162277660168379,41,17.199397153109658,0.4733038842492864,0.5305421
Tikhonov,20,0.05,0.03162277660168379,42,17.339329049663668,0.5725836376390181,0.42352104
Tikhonov,20,0.05,0.03162277660168379,43,17.616566559512513,0.47176763465823335,0.5226071
Tikhonov,20,0.05,0.03162277660168379,44,17.76258583939818,0.47541303351624437,0.4575537
Tikhonov,20,0.05,0.03162277660168379,45,16.768429335620564,0.5486471790530284,0.5217792
Tikhonov,20,0.05,0.03162277660168379,46,18.280461149887472,0.4388237439287434,0.41944617
Tikhonov,20,0.05,0.03162277660168379,47,16.568623603231188,0.457453640536713,0.5987797
Tikhonov,20,0.05,0.03162277660168379,48,16.690140579812454,0.6583727923848941,0.34847894
Tikhonov,20,0.05,0.03162277660168379,49,17.23359058911185,0.622717197765577,0.42902085
Tikhonov,20,0.05,0.03162277660168379,50,17.362535779698536,0.5216747553355718,0.46929723
Tikhonov,20,0.05,0.03162277660168379,51,15.802955814862791,0.7069196728022561,0.3984488
Tikhonov,20,0.05,0.03162277660168379,52,16.864442839160542,0.6108569041787346,0.46359703
Tikhonov,20,0.05,0.03162277660168379,53,16.82403792916922,0.5670390882638037,0.5775719
Tikhonov,20,0.05,0.03162277660168379,54,15.702342696500718,0.6826052788956752,0.43223462
Tikhonov,20,0.05,0.03162277660168379,55,16.20769257641132,0.603090346526751,0.44852358
Tikhonov,20,0.05,0.03162277660168379,56,17.6026425433477,0.6697367677818176,0.37893927
Tikhonov,20,0.05,0.03162277660168379,57,18.018193490101236,0.3021308329415292,0.6079367
Tikhonov,20,0.05,0.03162277660168379,58,17.15614688974535,0.5902546420871387,0.41662347
Tikhonov,20,0.05,0.03162277660168379,59,18.001223246895528,0.4064135633746724,0.5886872
Tikhonov,20,0.05,0.03162277660168379,60,17.131707969576414,0.5277005406709923,0.4082756
Tikhonov,20,0.05,0.03162277660168379,61,16.39625907342718,0.6482152181792011,0.40881068
Tikhonov,20,0.05,0.03162277660168379,62,17.97914906363531,0.4457941768524499,0.5602381
Tikhonov,20,0.05,0.03162277660168379,63,16.967316537802045,0.5513217822159833,0.46891016
Tikhonov,20,0.05,0.03162277660168379,64,16.55233376082464,0.6609349254281106,0.40497264
Tikhonov,20,0.05,0.03162277660168379,65,18.240520836011957,0.4007174328194685,0.533262
Tikhonov,20,0.05,0.03162277660168379,66,16.14889642498793,0.610237048590346,0.50591654
Tikhonov,20,0.05,0.03162277660168379,67,17.03192809539496,0.5760583468378052,0.46966496
Tikhonov,20,0.05,0.03162277660168379,68,17.007725539071718,0.6432400614375341,0.35032663
Tikhonov,20,0.05,0.03162277660168379,69,16.15334499951831,0.7036173967663815,0.44598955
Tikhonov,20,0.05,0.03162277660168379,70,16.95114514778451,0.5352421437897902,0.455643
Tikhonov,20,0.05,0.03162277660168379,71,16.189975968146758,0.7811032158855641,0.3616511
Tikhonov,20,0.05,0.03162277660168379,72,16.159668640404107,0.6454375730553249,0.45994157
Tikhonov,20,0.05,0.03162277660168379,73,16.83924482549677,0.5448640770996124,0.39615753
Tikhonov,20,0.05,0.03162277660168379,74,19.230789904041295,0.381718678334978,0.4299479
Tikhonov,20,0.05,0.03162277660168379,75,16.933290803809236,0.5310664527324579,0.45637158
Tikhonov,20,0.05,0.03162277660168379,76,16.91117774568053,0.4995469304353907,0.5296091
Tikhonov,20,0.05,0.03162277660168379,77,17.224912054967668,0.5820381285229212,0.51437366
Tikhonov,20,0.05,0.03162277660168379,78,17.760432820797487,0.45613962564471155,0.43990338
Tikhonov,20,0.05,0.03162277660168379,79,16.933218005851675,0.6715466119526993,0.339038
Tikhonov,20,0.05,0.03162277660168379,80,17.47825932807481,0.4886836340140517,0.44501778
Tikhonov,20,0.05,0.03162277660168379,81,16.726581676815147,0.574630313421588,0.4316561
Tikhonov,20,0.05,0.03162277660168379,82,16.31016944352002,0.6803872406644812,0.39583158
Tikhonov,20,0.05,0.03162277660168379,83,17.44219000101443,0.47922820529938015,0.49100637
Tikhonov,20,0.05,0.03162277660168379,84,15.922966399117955,0.6169947079649342,0.4696219
Tikhonov,20,0.05,0.03162277660168379,85,16.988009723799436,0.6830618484443619,0.35048172
Tikhonov,20,0.05,0.03162277660168379,86,17.78385914032301,0.5449040874050861,0.3815138
Tikhonov,20,0.05,0.03162277660168379,87,16.755435715625527,0.6118314977646767,0.4260713
Tikhonov,20,0.05,0.03162277660168379,88,16.772123363833668,0.6115684620651208,0.42436674
Tikhonov,20,0.05,0.03162277660168379,89,17.947610242591118,0.3973053953909096,0.46709472
Tikhonov,20,0.05,0.03162277660168379,90,16.79329238071382,0.6175474487370157,0.4439691
Tikhonov,20,0.05,0.03162277660168379,91,16.67749471263172,0.5019335316531148,0.48800024
Tikhonov,20,0.05,0.03162277660168379,92,16.975074786951193,0.4140833904016628,0.6093062
Tikhonov,20,0.05,0.03162277660168379,93,17.201591679877318,0.6225809262967322,0.34126946
Tikhonov,20,0.05,0.03162277660168379,94,17.73068720462433,0.4400800940335809,0.39978883
Tikhonov,20,0.05,0.03162277660168379,95,16.44451685828472,0.6781130150152459,0.35222822
Tikhonov,20,0.05,0.03162277660168379,96,18.78140866503057,0.35722581306058715,0.5195167
Tikhonov,20,0.05,0.03162277660168379,97,17.27766959392971,0.5904395093856099,0.37365896
Tikhonov,20,0.05,0.03162277660168379,98,16.66907759612754,0.570202530415109,0.47397843
Tikhonov,20,0.05,0.03162277660168379,99,16.59589709942558,0.614309661413643,0.40297583
Tikhonov,20,0.05,0.03162277660168379,100,16.41445143657361,0.5045068352959458,0.58942336
Tikhonov,20,0.05,0.03162277660168379,101,16.364825547605374,0.6634553030039683,0.458741
Tikhonov,20,0.05,0.03162277660168379,102,16.169798125579348,0.6416228936411718,0.45938537
Tikhonov,20,0.05,0.03162277660168379,103,17.387001665108855,0.6199343603899056,0.41362095
Tikhonov,20,0.05,0.03162277660168379,104,16.936008076422784,0.5867954465848767,0.4744994
Tikhonov,20,0.05,0.03162277660168379,105,17.181126941889502,0.5453503564241138,0.48050177
Tikhonov,20,0.05,0.03162277660168379,106,15.976650222581497,0.7111975462685824,0.4599667
Tikhonov,20,0.05,0.03162277660168379,107,18.909355496369603,0.40662292203257894,0.4704852
Tikhonov,20,0.05,0.03162277660168379,108,17.531544078342566,0.5102442615924784,0.42551038
Tikhonov,20,0.05,0.03162277660168379,109,16.45901285020414,0.5188625079535394,0.5206601
Tikhonov,20,0.05,0.03162277660168379,110,16.66958170046646,0.5897570945912287,0.42172962
Tikhonov,20,0.05,0.03162277660168379,111,18.356542044486638,0.4394477298425526,0.4301812
Tikhonov,20,0.05,0.03162277660168379,112,17.325655897742468,0.47080767616819136,0.49616656
Tikhonov,20,0.05,0.03162277660168379,113,17.459361744946932,0.5212807990904043,0.42695946
Tikhonov,20,0.05,0.03162277660168379,114,17.546343352646637,0.4771575306817381,0.47691134
Tikhonov,20,0.05,0.03162277660168379,115,17.534235510323533,0.4617045790203347,0.4988763
Tikhonov,20,0.05,0.03162277660168379,116,17.64841131527036,0.4282347889576677,0.52858126
Tikhonov,20,0.05,0.03162277660168379,117,17.25361767678655,0.5999064104850904,0.41480955
Tikhonov,20,0.05,0.03162277660168379,118,17.54875461572911,0.48457973439646657,0.5164042
Tikhonov,20,0.05,0.03162277660168379,119,16.399788016454742,0.6465791214314244,0.42528844
Tikhonov,20,0.05,0.03162277660168379,120,16.414967265304952,0.7286055647534287,0.37557206
Tikhonov,20,0.05,0.03162277660168379,121,17.620709359376278,0.5572863897007567,0.45840248
Tikhonov,20,0.05,0.03162277660168379,122,18.84659221071867,0.42059161300984527,0.48551592
Tikhonov,20,0.05,0.03162277660168379,123,16.679995249087266,0.5844358720649264,0.46136323
Tikhonov,20,0.05,0.03162277660168379,124,17.00703765757337,0.5273481465994923,0.42912775
Tikhonov,20,0.05,0.03162277660168379,125,17.217146987504083,0.4869522220889984,0.4968845
Tikhonov,20,0.05,0.03162277660168379,126,16.276822454331,0.7052877560760134,0.4428749
Tikhonov,20,0.05,0.03162277660168379,127,16.85971998667646,0.5972515082026232,0.42705223
Tikhonov,20,0.05,0.03162277660168379,128,15.910731646455346,0.6425126201149908,0.389856
Tikhonov,20,0.05,0.03162277660168379,129,16.8515941008649,0.5785145728174436,0.47051293
Tikhonov,20,0.05,0.03162277660168379,130,16.75044923368549,0.6391328756696514,0.37151662
Tikhonov,20,0.05,0.03162277660168379,131,16.454759451446854,0.6767107323346051,0.3595588
Tikhonov,20,0.05,0.03162277660168379,132,16.167939918253378,0.7024570808054164,0.38412493
Tikhonov,20,0.05,0.03162277660168379,133,16.929076818667717,0.6649720419497972,0.37773278
Tikhonov,20,0.05,0.03162277660168379,134,16.178197152423547,0.5711756385651163,0.44544643
Tikhonov,20,0.05,0.03162277660168379,135,18.438536881118225,0.3918557084090469,0.42451242
Tikhonov,20,0.05,0.03162277660168379,136,16.620377360823586,0.6195855850954194,0.45193025
Tikhonov,20,0.05,0.03162277660168379,137,17.525017002554975,0.42243244748491376,0.4397099
Tikhonov,20,0.05,0.03162277660168379,138,16.142886040999876,0.5784778653758036,0.4520798
Tikhonov,20,0.05,0.03162277660168379,139,16.462523754331137,0.5692312051055035,0.45496565
Tikhonov,20,0.05,0.03162277660168379,140,16.964175882073828,0.4268874089670856,0.5797672
Tikhonov,20,0.05,0.03162277660168379,141,17.056172808992063,0.44594807498693884,0.5105476
Tikhonov,20,0.05,0.03162277660168379,142,16.395041102264244,0.6035560128333871,0.5000442
Tikhonov,20,0.05,0.03162277660168379,143,18.981541756155487,0.3417364889854461,0.5142877
Tikhonov,20,0.05,0.03162277660168379,144,16.57110174349978,0.5469384787085635,0.457389
Tikhonov,20,0.05,0.03162277660168379,145,18.50880717718863,0.3235308690711448,0.5495506
Tikhonov,20,0.05,0.03162277660168379,146,16.34719340679484,0.5967277241731255,0.41534722
Tikhonov,20,0.05,0.03162277660168379,147,16.23660583631893,0.7273033417002222,0.37376636
Tikhonov,20,0.05,0.03162277660168379,148,16.840813874915703,0.6182593667481868,0.45685846
Tikhonov,20,0.05,0.03162277660168379,149,17.02765698991054,0.5021060387635689,0.55666417
Tikhonov,20,0.05,0.03162277660168379,150,16.969378483818144,0.565831416434212,0.45335323
Tikhonov,20,0.05,0.03162277660168379,151,15.777112240624904,0.6588511696128148,0.45667645
Tikhonov,20,0.05,0.03162277660168379,152,17.083266077678825,0.5259348575664639,0.49082357
Tikhonov,20,0.05,0.03162277660168379,153,16.978713794454674,0.5665067637662503,0.50891024
Tikhonov,20,0.05,0.03162277660168379,154,18.666902570759433,0.30709556139758326,0.5739906
Tikhonov,20,0.05,0.03162277660168379,155,16.81023108800123,0.6566873597186097,0.39918116
Tikhonov,20,0.05,0.03162277660168379,156,17.358843448467173,0.5223011601036068,0.45276025
Tikhonov,20,0.05,0.03162277660168379,157,16.58907198649231,0.5924334101963881,0.46724552
Tikhonov,20,0.05,0.03162277660168379,158,17.39599372498042,0.5947076781534528,0.42924637
Tikhonov,20,0.05,0.03162277660168379,159,17.85100289856291,0.44186731322364464,0.5197538
Tikhonov,20,0.05,0.03162277660168379,160,16.84421667270457,0.5454965009025013,0.43865898
Tikhonov,20,0.05,0.03162277660168379,161,16.250487261183128,0.6137798780287723,0.47158897
Tikhonov,20,0.05,0.03162277660168379,162,16.34561777951327,0.6935357350778135,0.3880076
Tikhonov,20,0.05,0.03162277660168379,163,16.895485817796217,0.6406950693866642,0.39070874
Tikhonov,20,0.05,0.03162277660168379,164,16.578615197830025,0.5213920159235573,0.483608
Tikhonov,20,0.05,0.03162277660168379,165,16.51956959523177,0.6963084308413234,0.41004404
Tikhonov,20,0.05,0.03162277660168379,166,16.3500560422315,0.5423985840911469,0.51547265
Tikhonov,20,0.05,0.03162277660168379,167,17.446063144140215,0.5031472130371681,0.49768186
Tikhonov,20,0.05,0.03162277660168379,168,19.114202004701774,0.382318415276635,0.44749048
Tikhonov,20,0.05,0.03162277660168379,169,18.134108586357243,0.5349484268447946,0.4367971
Tikhonov,20,0.05,0.03162277660168379,170,17.871137718631203,0.47996160559056034,0.4915204
Tikhonov,20,0.05,0.03162277660168379,171,17.163064293550786,0.6093087796906437,0.35870042
Tikhonov,20,0.05,0.03162277660168379,172,15.562239847962676,0.6830043416145096,0.45388848
Tikhonov,20,0.05,0.03162277660168379,173,16.431626219365235,0.5870297538969966,0.55120033
Tikhonov,20,0.05,0.03162277660168379,174,17.036071261341633,0.5609881571851948,0.44765553
Tikhonov,20,0.05,0.03162277660168379,175,19.270417329277603,0.33576922162872747,0.6499473
Tikhonov,20,0.05,0.03162277660168379,176,19.792495713282083,0.30227864711508845,0.60866934
Tikhonov,20,0.05,0.03162277660168379,177,16.64893852264968,0.5531953440292177,0.44091326
Tikhonov,20,0.05,0.03162277660168379,178,18.57200784246811,0.3508835287874349,0.48908904
Tikhonov,20,0.05,0.03162277660168379,179,16.39123247219393,0.6029003323671555,0.40127677
Tikhonov,20,0.05,0.03162277660168379,180,19.059374957749743,0.3434007707646517,0.49391568
Tikhonov,20,0.05,0.03162277660168379,181,16.453374166039072,0.598076593708574,0.41179606
Tikhonov,20,0.05,0.03162277660168379,182,17.94344391500118,0.49119480766167417,0.4600335
Tikhonov,20,0.05,0.03162277660168379,183,15.406060020380604,0.7331804348257359,0.4140329
Tikhonov,20,0.05,0.03162277660168379,184,17.200734578549792,0.5737942401252395,0.4388069
Tikhonov,20,0.05,0.03162277660168379,185,16.622955462766363,0.5371460964259103,0.48080567
Tikhonov,20,0.05,0.03162277660168379,186,16.3478024351299,0.6751179290090664,0.3639211
Tikhonov,20,0.05,0.03162277660168379,187,16.314073248294072,0.6573016830317845,0.44634712
Tikhonov,20,0.05,0.03162277660168379,188,16.064191549231392,0.7171090024002454,0.38556007
Tikhonov,20,0.05,0.03162277660168379,189,18.604422918390352,0.2983344828619522,0.6173357
Tikhonov,20,0.05,0.03162277660168379,190,18.153278308039326,0.4482269696443927,0.40267855
Tikhonov,20,0.05,0.03162277660168379,191,18.664243954877154,0.37374679138571265,0.4999318
Tikhonov,20,0.05,0.03162277660168379,192,16.108022518860395,0.653411312853294,0.44190547
Tikhonov,20,0.05,0.03162277660168379,193,16.935854264441005,0.5149198180205989,0.49218354
Tikhonov,20,0.05,0.03162277660168379,194,15.99286901466676,0.6719914470642443,0.44378728
Tikhonov,20,0.05,0.03162277660168379,195,17.64779206462652,0.3849877707271987,0.6287676
Tikhonov,20,0.05,0.03162277660168379,196,17.879636485158052,0.3922257370513687,0.43564487
Tikhonov,20,0.05,0.03162277660168379,197,16.69176282706553,0.5542074183835782,0.38797352
Tikhonov,20,0.05,0.03162277660168379,198,17.116579818715387,0.4806782442702111,0.49595526
Tikhonov,20,0.05,0.03162277660168379,199,16.981842764356358,0.6730785119147156,0.3411859
TV,20,0.05,0.0031622776601683794,0,19.824569561051003,0.5957344927837541,0.37143546
TV,20,0.05,0.0031622776601683794,1,19.736662052143807,0.7040800361967191,0.29279
TV,20,0.05,0.0031622776601683794,2,19.895766026502365,0.404014633378699,0.5114262
TV,20,0.05,0.0031622776601683794,3,19.544521565248484,0.7988263981355247,0.25897488
TV,20,0.05,0.0031622776601683794,4,20.043419767031466,0.694430907429119,0.35603133
TV,20,0.05,0.0031622776601683794,5,20.987035981234193,0.45837589346973057,0.36661437
TV,20,0.05,0.0031622776601683794,6,18.919385344659382,0.6715482722954393,0.3860729
TV,20,0.05,0.0031622776601683794,7,19.96730858048732,0.5935319809133403,0.33674964
TV,20,0.05,0.0031622776601683794,8,20.302962684320107,0.7704635035604516,0.26440427
TV,20,0.05,0.0031622776601683794,9,19.654975405415062,0.7151674550490392,0.28281927
TV,20,0.05,0.0031622776601683794,10,19.0318213791658,0.8066474555237295,0.31663796
TV,20,0.05,0.0031622776601683794,11,18.016669603726804,0.734308555533663,0.37651289
TV,20,0.05,0.0031622776601683794,12,18.904438565087023,0.6110487150159195,0.36823335
TV,20,0.05,0.0031622776601683794,13,18.47306046209519,0.775429151667482,0.33753148
TV,20,0.05,0.0031622776601683794,14,21.770319372229764,0.46796190225873296,0.298849
TV,20,0.05,0.0031622776601683794,15,18.752135950677665,0.7417355025521949,0.39271596
TV,20,0.05,0.0031622776601683794,16,18.826945022724964,0.6899221648470776,0.3690001
TV,20,0.05,0.0031622776601683794,17,20.63016336201229,0.6600326537491353,0.2980581
TV,20,0.05,0.0031622776601683794,18,18.97907957789848,0.8051068270617465,0.28868848
TV,20,0.05,0.0031622776601683794,19,20.248418092635095,0.6214633439439021,0.38558295
TV,20,0.05,0.0031622776601683794,20,19.91578667369794,0.6623697905803161,0.29064426
TV,20,0.05,0.0031622776601683794,21,19.83098182566939,0.6376355122789271,0.33437178
TV,20,0.05,0.0031622776601683794,22,18.376508350597145,0.7289371306080494,0.3852844
TV,20,0.05,0.0031622776601683794,23,18.910431804790274,0.6561786864695625,0.39228907
TV,20,0.05,0.0031622776601683794,24,18.828316446413083,0.5426391629903378,0.52804023
TV,20,0.05,0.0031622776601683794,25,18.7863472988463,0.8801979851381746,0.23399012
TV,20,0.05,0.0031622776601683794,26,18.639328522058936,0.49344619537111034,0.4747555
TV,20,0.05,0.0031622776601683794,27,19.568024260472868,0.70040872631583,0.34401566
TV,20,0.05,0.0031622776601683794,28,18.67893644252899,0.7861627987778383,0.29944116
TV,20,0.05,0.0031622776601683794,29,21.845978562199555,0.4391116608917513,0.34663704
TV,20,0.05,0.0031622776601683794,30,20.36321607594155,0.681563613516344,0.29244953
TV,20,0.05,0.0031622776601683794,31,21.77942685435387,0.4394259754556793,0.3838481
TV,20,0.05,0.0031622776601683794,32,18.906715108856694,0.6994268140699791,0.3381066
TV,20,0.05,0.0031622776601683794,33,19.16513738036083,0.7456567981997159,0.34511203
TV,20,0.05,0.0031622776601683794,34,20.389670916137167,0.6963859579294019,0.28201887
TV,20,0.05,0.0031622776601683794,35,18.917432380721827,0.8400815020090215,0.32390296
TV,20,0.05,0.0031622776601683794,36,19.329419463960633,0.6624047815172417,0.3553207
TV,20,0.05,0.0031622776601683794,37,21.82181983943051,0.447558701950922,0.33110094
TV,20,0.05,0.0031622776601683794,38,17.868295593914592,0.6094813051432456,0.4681658
TV,20,0.05,0.0031622776601683794,39,21.509487534253058,0.5174761373845067,0.29520705
TV,20,0.05,0.0031622776601683794,40,21.06096574501635,0.40153359654234444,0.54043394
TV,20,0.05,0.0031622776601683794,41,18.829234026132216,0.5621602174850981,0.4397724
TV,20,0.05,0.0031622776601683794,42,20.104832545258255,0.6756593280823994,0.30803484
TV,20,0.05,0.0031622776601683794,43,19.860678141059026,0.5682710550402191,0.40361723
TV,20,0.05,0.0031622776601683794,44,21.13372491938001,0.5872641129170021,0.31037384
TV,20,0.05,0.0031622776601683794,45,18.558989173987154,0.657391536500534,0.4245793
TV,20,0.05,0.0031622776601683794,46,21.39807103285305,0.5519742087811262,0.29295152
TV,20,0.05,0.0031622776601683794,47,17.660228752986008,0.5541110173664402,0.5280643
TV,20,0.05,0.0031622776601683794,48,19.879019802787777,0.755571494433136,0.24139738
TV,20,0.05,0.0031622776601683794,49,19.619964108685288,0.7347511638538943,0.32595655
TV,20,0.05,0.0031622776601683794,50,19.48008472060979,0.6295725953561246,0.36776513
TV,20,0.05,0.0031622776601683794,51,18.570499771651704,0.8242158330813404,0.28973123
TV,20,0.05,0.0031622776601683794,52,19.204868766631826,0.7271844601645404,0.35409465
TV,20,0.05,0.0031622776601683794,53,18.36152668905998,0.6917976102635864,0.48387334
TV,20,0.05,0.0031622776601683794,54,17.838450430822668,0.7855733917421884,0.33799803
TV,20,0.05,0.0031622776601683794,55,19.342331882471655,0.7166000248725749,0.3126463
TV,20,0.05,0.0031622776601683794,56,21.511630924431454,0.7925444180992517,0.24161296
TV,20,0.05,0.0031622776601683794,57,19.70734034088658,0.39208500358792725,0.50049645
TV,20,0.05,0.0031622776601683794,58,19.361191054620708,0.6973712147667634,0.323215
TV,20,0.05,0.0031622776601683794,59,19.231616951721904,0.5032957475858525,0.5109341
TV,20,0.05,0.0031622776601683794,60,20.154408153457183,0.6585970675222305,0.28828257
TV,20,0.05,0.0031622776601683794,61,19.249425288059886,0.7522140529212611,0.2943499
TV,20,0.05,0.0031622776601683794,62,20.0277771424671,0.5435081632016034,0.44252852
TV,20,0.05,0.0031622776601683794,63,19.66517983011463,0.6530229997328552,0.34371343
TV,20,0.05,0.0031622776601683794,64,19.566673277368565,0.7627877224951575,0.28622574
TV,20,0.05,0.0031622776601683794,65,20.177835280224436,0.5219367199359954,0.42665312
TV,20,0.05,0.0031622776601683794,66,17.8681160009806,0.7102278698551322,0.41506672
TV,20,0.05,0.0031622776601683794,67,19.070476995268628,0.6802466863849054,0.3714161
TV,20,0.05,0.0031622776601683794,68,20.40706602054766,0.7606713794006327,0.23686787
TV,20,0.05,0.0031622776601683794,69,18.620646565711432,0.8066766167810949,0.33570638
TV,20,0.05,0.0031622776601683794,70,19.734756198489777,0.6466551202167526,0.33070758
TV,20,0.05,0.0031622776601683794,71,19.477912349276927,0.8841470322352334,0.24768116
TV,20,0.05,0.0031622776601683794,72,18.43552887027552,0.749877493915125,0.35392374
TV,20,0.05,0.0031622776601683794,73,19.604499649759486,0.6557235470972955,0.28814107
TV,20,0.05,0.0031622776601683794,74,23.110114857238663,0.5306867103848592,0.27507406
TV,20,0.05,0.0031622776601683794,75,19.354075055998234,0.6408416066397643,0.34536582
TV,20,0.05,0.0031622776601683794,76,18.87878633595834,0.6458278182530314,0.42225522
TV,20,0.05,0.0031622776601683794,77,19.44987356390191,0.700364048974704,0.3981353
TV,20,0.05,0.0031622776601683794,78,21.060426428051464,0.5813139710798552,0.30085528
TV,20,0.05,0.0031622776601683794,79,19.599779102090753,0.7819327809328351,0.24941371
TV,20,0.05,0.0031622776601683794,80,20.680814271262257,0.5882408001040655,0.30778652
TV,20,0.05,0.0031622776601683794,81,19.901886158915914,0.6917940769844866,0.29948336
TV,20,0.05,0.0031622776601683794,82,19.567084509137793,0.7907020274159106,0.27205998
TV,20,0.05,0.0031622776601683794,83,19.514448042606606,0.572662478409061,0.3867891
TV,20,0.05,0.0031622776601683794,84,17.87326158868461,0.736440239872491,0.37517473
TV,20,0.05,0.0031622776601683794,85,20.21459903745528,0.7807091161895405,0.24173298
TV,20,0.05,0.0031622776601683794,86,20.6503427868827,0.6584529880259171,0.2742749
TV,20,0.05,0.0031622776601683794,87,19.03647545389517,0.7125408133561145,0.32766518
TV,20,0.05,0.0031622776601683794,88,19.187061181801155,0.7324546278874805,0.3213619
TV,20,0.05,0.0031622776601683794,89,20.956404055897252,0.5225524486442797,0.3303431
TV,20,0.05,0.0031622776601683794,90,19.229074668273437,0.7336609239891086,0.33540046
TV,20,0.05,0.0031622776601683794,91,18.70343641556114,0.590868784057954,0.38647637
TV,20,0.05,0.0031622776601683794,92,18.075985165613563,0.4946263470073146,0.53677225
TV,20,0.05,0.0031622776601683794,93,20.1485234689825,0.7192948849454199,0.24308091
TV,20,0.05,0.0031622776601683794,94,20.632032115930382,0.552495459124469,0.28626183
TV,20,0.05,0.0031622776601683794,95,19.357394785701093,0.7851784814174156,0.2518722
TV,20,0.05,0.0031622776601683794,96,21.172890573273726,0.45808656390637065,0.39448038
TV,20,0.05,0.0031622776601683794,97,20.945916489672534,0.7006983317277001,0.24494186
TV,20,0.05,0.0031622776601683794,98,18.948478093899684,0.7097926803403688,0.3645764
TV,20,0.05,0.0031622776601683794,99,18.709103219977624,0.7183386836073954,0.3159502
TV,20,0.05,0.0031622776601683794,100,17.70117223247703,0.613314559956443,0.50826627
TV,20,0.05,0.0031622776601683794,101,18.61022731731431,0.7666035850045525,0.3542399
TV,20,0.05,0.0031622776601683794,102,18.258717456261344,0.772219698146382,0.3611862
TV,20,0.05,0.0031622776601683794,103,20.36509314761482,0.7189353952436393,0.2935607
TV,20,0.05,0.0031622776601683794,104,19.81226213178057,0.7248567569133063,0.3407399
TV,20,0.05,0.0031622776601683794,105,19.61485764020464,0.6749352057366286,0.36308512
TV,20,0.05,0.0031622776601683794,106,18.243624973669366,0.8244477575914242,0.3543053
TV,20,0.05,0.0031622776601683794,107,21.560693885753416,0.5424431620208039,0.34672016
TV,20,0.05,0.0031622776601683794,108,20.070611099705378,0.615346514026746,0.3176558
TV,20,0.05,0.0031622776601683794,109,18.681587445616994,0.6387605552093996,0.40311185
TV,20,0.05,0.0031622776601683794,110,19.096826760547284,0.6944148591180787,0.31891274
TV,20,0.05,0.0031622776601683794,111,22.027116605834767,0.5403872199908807,0.28191796
TV,20,0.05,0.0031622776601683794,112,19.640410274764054,0.5898419881272245,0.3800929
TV,20,0.05,0.0031622776601683794,113,20.297787152360446,0.6480476037755009,0.30793947
TV,20,0.05,0.0031622776601683794,114,19.893098278395264,0.5829429202462924,0.36399874
TV,20,0.05,0.0031622776601683794,115,19.865638429181306,0.567149929667646,0.3814369
TV,20,0.05,0.0031622776601683794,116,19.338323089541586,0.5436959032688246,0.4351271
TV,20,0.05,0.0031622776601683794,117,20.12916885340584,0.7180000414527291,0.2979005
TV,20,0.05,0.0031622776601683794,118,18.99286929170415,0.5673707072557651,0.43730462
TV,20,0.05,0.0031622776601683794,119,18.824887807048466,0.7429722010596724,0.32168335
TV,20,0.05,0.0031622776601683794,120,19.269827027386086,0.825007657494496,0.27036488
TV,20,0.05,0.0031622776601683794,121,20.280291900748363,0.6780111149621142,0.3374954
TV,20,0.05,0.0031622776601683794,122,21.988462923200327,0.541553496421615,0.33815044
TV,20,0.05,0.0031622776601683794,123,19.22319720670582,0.7348595121673362,0.34425706
TV,20,0.05,0.0031622776601683794,124,19.519526689085186,0.6191352114123716,0.32133803
TV,20,0.05,0.0031622776601683794,125,19.629705057351874,0.6116505708884109,0.37638086
TV,20,0.05,0.0031622776601683794,126,19.050025308651776,0.8189079324649416,0.32182586
TV,20,0.05,0.0031622776601683794,127,19.85817060842309,0.7176488427318294,0.30238378
TV,20,0.05,0.0031622776601683794,128,17.90320088398359,0.7371930429230402,0.30994228
TV,20,0.05,0.0031622776601683794,129,19.444882676908232,0.6847626252329816,0.34906566
TV,20,0.05,0.0031622776601683794,130,18.99579278595406,0.7357140728137802,0.28688714
TV,20,0.05,0.0031622776601683794,131,19.653461446156577,0.7917401553757012,0.24879108
TV,20,0.05,0.0031622776601683794,132,19.683347613876418,0.8257444633405717,0.25627258
TV,20,0.05,0.0031622776601683794,133,20.218314208394794,0.7658688758753918,0.25865617
TV,20,0.05,0.0031622776601683794,134,18.987594524188257,0.6913007554763636,0.32234848
TV,20,0.05,0.0031622776601683794,135,22.084782416362568,0.46880784915175194,0.27898324
TV,20,0.05,0.0031622776601683794,136,19.54406320541236,0.7347663584928228,0.3227655
TV,20,0.05,0.0031622776601683794,137,20.133093259878088,0.5060861771784373,0.3256585
TV,20,0.05,0.0031622776601683794,138,17.85740140640835,0.6762116185826257,0.37109864
TV,20,0.05,0.0031622776601683794,139,18.50529963758644,0.671586561229485,0.35961664
TV,20,0.05,0.0031622776601683794,140,18.50637340411422,0.5195000420383674,0.4854492
TV,20,0.05,0.0031622776601683794,141,19.336992185741575,0.5419148691215029,0.39264065
TV,20,0.05,0.0031622776601683794,142,18.650742089043877,0.7477103356697234,0.38567668
TV,20,0.05,0.0031622776601683794,143,21.631559137126327,0.4496498756497436,0.37905762
TV,20,0.05,0.0031622776601683794,144,18.714209284166,0.6416657598987934,0.35738006
TV,20,0.05,0.0031622776601683794,145,20.612779857792432,0.4145684912521777,0.4313294
TV,20,0.05,0.0031622776601683794,146,18.417507003783154,0.7281085631207848,0.32726204
TV,20,0.05,0.0031622776601683794,147,19.306015544994082,0.8381611283152741,0.26250026
TV,20,0.05,0.0031622776601683794,148,19.688245265795988,0.7286636454918161,0.3291623
TV,20,0.05,0.0031622776601683794,149,18.117382146882314,0.6354312244437111,0.49102888
TV,20,0.05,0.0031622776601683794,150,19.26275781152379,0.6720108274685042,0.3481511
TV,20,0.05,0.0031622776601683794,151,17.828813796251268,0.7586854736499626,0.3605982
TV,20,0.05,0.0031622776601683794,152,19.53836958867032,0.6271429711390933,0.36997315
TV,20,0.05,0.0031622776601683794,153,19.15079291996002,0.675665714917031,0.396312
TV,20,0.05,0.0031622776601683794,154,20.58972950805883,0.38176188032115876,0.4600059
TV,20,0.05,0.0031622776601683794,155,19.34874950810536,0.7680388718347011,0.29801908
TV,20,0.05,0.0031622776601683794,156,19.988136951815903,0.6450488582130306,0.33450577
TV,20,0.05,0.0031622776601683794,157,19.312829062886834,0.7067819246810607,0.3414737
TV,20,0.05,0.0031622776601683794,158,20.09071419693225,0.6934316820476574,0.31475353
TV,20,0.05,0.0031622776601683794,159,19.635928032870275,0.5415485586705502,0.42320558
TV,20,0.05,0.0031622776601683794,160,19.724690603378903,0.6679173250478685,0.31484973
TV,20,0.05,0.0031622776601683794,161,18.400171835528475,0.7487280287092921,0.36819628
TV,20,0.05,0.0031622776601683794,162,19.408079111684312,0.7902999955021646,0.2727201
TV,20,0.05,0.0031622776601683794,163,19.581739364658645,0.7429576994089241,0.28677443
TV,20,0.05,0.0031622776601683794,164,18.110769313799494,0.597965021542666,0.4054019
TV,20,0.05,0.0031622776601683794,165,19.067239694292628,0.7893205846203799,0.3058067
TV,20,0.05,0.0031622776601683794,166,17.999789170344226,0.6482062407159285,0.42630357
TV,20,0.05,0.0031622776601683794,167,19.922715723812303,0.6187985916737436,0.37421328
TV,20,0.05,0.0031622776601683794,168,22.367755466340675,0.45875421439178193,0.3076849
TV,20,0.05,0.0031622776601683794,169,20.473636607387455,0.6579849279152753,0.3336594
TV,20,0.05,0.0031622776601683794,170,20.324823410361983,0.5815704028256341,0.3705589
TV,20,0.05,0.0031622776601683794,171,20.007443367675975,0.7038430926800813,0.25853118
TV,20,0.05,0.0031622776601683794,172,18.052460474491514,0.7981651551821385,0.3407518
TV,20,0.05,0.0031622776601683794,173,17.903585128298346,0.6948248578200871,0.46527696
TV,20,0.05,0.0031622776601683794,174,19.40004339413496,0.6754569711451311,0.3409929
TV,20,0.05,0.0031622776601683794,175,20.73807712767846,0.47121416239793346,0.54890245
TV,20,0.05,0.0031622776601683794,176,21.899782068683624,0.4057749153137946,0.4775481
TV,20,0.05,0.0031622776601683794,177,19.809370195417024,0.6760730053709958,0.30643022
TV,20,0.05,0.0031622776601683794,178,21.494296457988632,0.47472208113147885,0.34936026
TV,20,0.05,0.0031622776601683794,179,18.96388694890449,0.7105956144947443,0.29840857
TV,20,0.05,0.0031622776601683794,180,22.257833308509362,0.4339685952983612,0.3417668
TV,20,0.05,0.0031622776601683794,181,18.914953719770594,0.6955826519180305,0.31017244
TV,20,0.05,0.0031622776601683794,182,21.042623433854178,0.5945959170320079,0.3219812
TV,20,0.05,0.0031622776601683794,183,18.49211477522815,0.854644594736174,0.2902232
TV,20,0.05,0.0031622776601683794,184,19.275858428869284,0.682689470958642,0.34555507
TV,20,0.05,0.0031622776601683794,185,18.79711725152087,0.655276478826711,0.37433589
TV,20,0.05,0.0031622776601683794,186,19.446077955410917,0.7684551186148608,0.25473782
TV,20,0.05,0.0031622776601683794,187,19.020640544972384,0.7693865851283628,0.3268469
TV,20,0.05,0.0031622776601683794,188,18.888978859905624,0.8134464824722295,0.2785176
TV,20,0.05,0.0031622776601683794,189,21.093006769832474,0.4270467753243086,0.46354532
TV,20,0.05,0.0031622776601683794,190,20.933702595577856,0.5634766009685291,0.29237297
TV,20,0.05,0.0031622776601683794,191,20.96079605532686,0.4791767369664259,0.38378075
TV,20,0.05,0.0031622776601683794,192,18.38081891662203,0.7546373188831412,0.34016493
TV,20,0.05,0.0031622776601683794,193,18.639267875203906,0.6285987437129298,0.40453526
TV,20,0.05,0.0031622776601683794,194,18.83087516920401,0.8037640734446766,0.32009178
TV,20,0.05,0.0031622776601683794,195,18.948012268873896,0.5056907458655143,0.54135126
TV,20,0.05,0.0031622776601683794,196,20.914119269613806,0.4723932051801215,0.30719098
TV,20,0.05,0.0031622776601683794,197,18.98676347511786,0.6624798103984184,0.29788733
TV,20,0.05,0.0031622776601683794,198,19.07294286060186,0.6043119486219304,0.39593542
TV,20,0.05,0.0031622776601683794,199,20.370452414194137,0.7835485371607086,0.23097269
FBP,20,0.1,,0,10.241071444621703,0.33745366627620244,1.119588
FBP,20,0.1,,1,10.00423991914765,0.40400496833577443,0.8977953
FBP,20,0.1,,2,10.46505785670363,0.2121737575183612,1.5146713
FBP,20,0.1,,3,10.841590186837795,0.5114951478917346,0.70534927
FBP,20,0.1,,4,10.547717099701888,0.3890559858102602,1.062364
FBP,20,0.1,,5,10.453762727864946,0.21979623939812296,1.2327446
FBP,20,0.1,,6,10.109657755586207,0.34170472491332887,1.0645247
FBP,20,0.1,,7,10.310477943328092,0.30934808772420463,1.0236435
FBP,20,0.1,,8,10.359640322030435,0.4824162449175061,0.8306815
FBP,20,0.1,,9,10.705580681769158,0.4241671376672938,0.79246265
FBP,20,0.1,,10,10.315826161181105,0.47923882243051874,0.86369973
FBP,20,0.1,,11,10.089249066262697,0.4374425474837206,0.93788785
FBP,20,0.1,,12,9.830879020531247,0.3182047358608663,1.0466491
FBP,20,0.1,,13,10.30676742042327,0.45133032359105774,0.8642292
FBP,20,0.1,,14,10.168589999371855,0.2676293110943698,1.1364185
FBP,20,0.1,,15,10.411910329884169,0.40687300826288986,1.0258641
FBP,20,0.1,,16,9.838407191494081,0.38015292808888096,1.038612
FBP,20,0.1,,17,10.910703732934966,0.3732479696585501,0.9125862
FBP,20,0.1,,18,11.10657744918328,0.5631739700125793,0.71458614
FBP,20,0.1,,19,10.602906712142705,0.30767865144112005,1.1705593
FBP,20,0.1,,20,10.50968064137532,0.37366880546475034,0.8583552
FBP,20,0.1,,21,10.358746263368406,0.375727091542152,0.9950419
FBP,20,0.1,,22,9.921893479810796,0.37271360869953774,1.0197934
FBP,20,0.1,,23,10.68597602212722,0.36639788457833594,1.0111812
FBP,20,0.1,,24,10.367285981058618,0.24246537835751425,1.3986806
FBP,20,0.1,,25,10.275781952428169,0.582727674426932,0.62334114
FBP,20,0.1,,26,9.799357280170417,0.21978859283359825,1.3136164
FBP,20,0.1,,27,10.513653930235883,0.38426225669395947,0.9756561
FBP,20,0.1,,28,10.058798348049097,0.4872125054202198,0.80782706
FBP,20,0.1,,29,10.575206180449701,0.24399020240496025,1.2688597
FBP,20,0.1,,30,10.412012729799052,0.3783926740615739,0.91962576
FBP,20,0.1,,31,10.87569414687139,0.23153372413040896,1.3469332
FBP,20,0.1,,32,9.499628207786394,0.34466243860017565,0.99863774
FBP,20,0.1,,33,10.53820442942806,0.43139577293074827,0.93176574
FBP,20,0.1,,34,10.68924448645677,0.4149193990709302,0.86158764
FBP,20,0.1,,35,10.204186606221661,0.5095487162639187,0.88323694
FBP,20,0.1,,36,10.49106012312754,0.3686665165324101,0.9829659
FBP,20,0.1,,37,10.41929930443597,0.2396023222762786,1.2305137
FBP,20,0.1,,38,10.1614194276997,0.2803261726189177,1.1369555
FBP,20,0.1,,39,11.139670177746297,0.28518164125706646,0.9741316
FBP,20,0.1,,40,10.683120487328402,0.16531052746771566,1.7849863
FBP,20,0.1,,41,10.129578837544958,0.2820269170323108,1.1973214
FBP,20,0.1,,42,10.466754592935425,0.38879663279818516,0.9343373
FBP,20,0.1,,43,10.72825217115586,0.31820074989503266,1.155024
FBP,20,0.1,,44,10.436420671178324,0.30660781792810604,1.0635314
FBP,20,0.1,,45,10.323348406955846,0.36333391211921806,1.0958241
FBP,20,0.1,,46,10.6025431845046,0.3112830429583843,1.0152481
FBP,20,0.1,,47,10.247311275660625,0.26231344123102135,1.239746
FBP,20,0.1,,48,10.293966681685696,0.43977120848242046,0.727755
FBP,20,0.1,,49,10.868288652101093,0.4397914977150269,0.89277804
FBP,20,0.1,,50,10.31501383894801,0.33104260092053184,1.0563896
FBP,20,0.1,,51,9.775906215122328,0.4880447872470157,0.7974896
FBP,20,0.1,,52,10.719127728793424,0.42856514623129116,0.94060314
FBP,20,0.1,,53,10.519861389047435,0.35384118949000104,1.1934794
FBP,20,0.1,,54,10.060913059712258,0.48573053496074714,0.8275439
FBP,20,0.1,,55,9.88333176141951,0.4251748962348253,0.9289734
FBP,20,0.1,,56,10.568786305421513,0.4642507707715384,0.8516525
FBP,20,0.1,,57,10.018955232022149,0.1675852919741633,1.5269339
FBP,20,0.1,,58,10.465417366306774,0.41048082402185476,0.9000781
FBP,20,0.1,,59,10.532893398731193,0.23937818321382645,1.3909165
FBP,20,0.1,,60,10.510222143617744,0.38477330520314085,0.8750396
FBP,20,0.1,,61,10.252589883750947,0.4508084553702901,0.82928866
FBP,20,0.1,,62,10.739936180475132,0.28791576998758855,1.2892386
FBP,20,0.1,,63,9.787369271519736,0.34710127101368754,1.0717341
FBP,20,0.1,,64,10.408765636773627,0.46697961995614456,0.8214933
FBP,20,0.1,,65,10.519704467244486,0.2513018912552149,1.2971239
FBP,20,0.1,,66,9.59081985494554,0.37356199673866114,1.0764223
FBP,20,0.1,,67,9.94217552221967,0.36657481621622995,1.0623701
FBP,20,0.1,,68,10.779003067140458,0.48238144733299243,0.71764445
FBP,20,0.1,,69,10.071092935678063,0.4847401225303566,0.8983329
FBP,20,0.1,,70,9.866024580214624,0.3569310637440929,1.0301031
FBP,20,0.1,,71,9.919853974182786,0.5571653341539072,0.744382
FBP,20,0.1,,72,10.220606578197444,0.4394316759007516,0.9112884
FBP,20,0.1,,73,10.147367876609641,0.35635607431048216,0.8559763
FBP,20,0.1,,74,11.659603840780209,0.26940920505737365,1.0279576
FBP,20,0.1,,75,10.347881211515501,0.34641621528359023,0.97406745
FBP,20,0.1,,76,10.773386153226143,0.3085057011375216,1.0736061
FBP,20,0.1,,77,10.261155298645727,0.371375434228814,1.1467443
FBP,20,0.1,,78,11.185877529998525,0.3339511147640539,0.9377457
FBP,20,0.1,,79,10.67453759549579,0.4894311797744074,0.6969191
FBP,20,0.1,,80,10.288973591924535,0.3295428760823199,1.0182201
FBP,20,0.1,,81,10.34052186929843,0.395715454125534,0.9004112
FBP,20,0.1,,82,10.45440026253922,0.4734877323398867,0.7767815
FBP,20,0.1,,83,9.979439001127416,0.29951146644739385,1.1593769
FBP,20,0.1,,84,10.055679482701168,0.4107348443252298,0.92281085
FBP,20,0.1,,85,10.910333257562712,0.48738349042941087,0.70558476
FBP,20,0.1,,86,10.930677444694211,0.3877365376287013,0.8397874
FBP,20,0.1,,87,10.558438621749273,0.4242595208658548,0.86962515
FBP,20,0.1,,88,10.64814195668223,0.41839974423653475,0.8588956
FBP,20,0.1,,89,10.256335804480186,0.25181223135303316,1.1323186
FBP,20,0.1,,90,10.506825750481852,0.43440338081451074,0.91553754
FBP,20,0.1,,91,9.619236533185541,0.2908417056587148,1.0998487
FBP,20,0.1,,92,10.022095515109793,0.23052804564992982,1.3567022
FBP,20,0.1,,93,10.608231052069527,0.43635668447667975,0.7290637
FBP,20,0.1,,94,10.557921734276022,0.30578327929053317,0.9129961
FBP,20,0.1,,95,9.706456710444575,0.4423304029309638,0.7651158
FBP,20,0.1,,96,10.367990621032181,0.21043797946424453,1.3685807
FBP,20,0.1,,97,10.88567786472611,0.457573635896589,0.7799647
FBP,20,0.1,,98,10.279486204647734,0.37072671488013004,0.98909533
FBP,20,0.1,,99,10.571904771216401,0.4149156416826733,0.8062664
FBP,20,0.1,,100,10.222103657906525,0.3002169532423113,1.2023882
FBP,20,0.1,,101,10.210981699594463,0.4613008868263068,0.931665
FBP,20,0.1,,102,10.226421992194792,0.4335330238490209,0.9106384
FBP,20,0.1,,103,9.970128669023959,0.4179851996329324,0.9715075
FBP,20,0.1,,104,10.321315640092477,0.3922202226887752,1.0161792
FBP,20,0.1,,105,11.022149239997237,0.3876799306900872,0.9764362
FBP,20,0.1,,106,9.777572733283352,0.47552257028785017,0.9390317
FBP,20,0.1,,107,10.624159463137048,0.24864018181689468,1.2212534
FBP,20,0.1,,108,9.970584537745253,0.3373367200867378,1.0161507
FBP,20,0.1,,109,10.573985952944744,0.3420637936424739,1.0251931
FBP,20,0.1,,110,10.436716355852129,0.4174163180983624,0.86432564
FBP,20,0.1,,111,11.14626705154662,0.31033571617443284,0.9866547
FBP,20,0.1,,112,10.368659446119208,0.30856291836401334,1.1052927
FBP,20,0.1,,113,10.748775816895336,0.3722115117643005,0.9245191
FBP,20,0.1,,114,10.457679329119529,0.31410388830515656,1.078626
FBP,20,0.1,,115,10.37594452672544,0.3132098162595416,1.1373848
FBP,20,0.1,,116,10.118188422437608,0.2488608698363313,1.2578328
FBP,20,0.1,,117,11.009817007384237,0.429647698885704,0.85121405
FBP,20,0.1,,118,10.47802820673258,0.3075221751265635,1.1655371
FBP,20,0.1,,119,10.117429610137364,0.4269390928145546,0.8766001
FBP,20,0.1,,120,10.166171472696238,0.5078018857586644,0.7711397
FBP,20,0.1,,121,11.0247692976343,0.40447733382815243,0.97958916
FBP,20,0.1,,122,11.350105046191567,0.28602011140119127,1.1508741
FBP,20,0.1,,123,10.79638108997422,0.4242703683216371,0.90828824
FBP,20,0.1,,124,10.6134735939302,0.3680898621527309,0.89591086
FBP,20,0.1,,125,10.293923011118322,0.3193677271736828,1.1025965
FBP,20,0.1,,126,10.418837634142168,0.5124593093918076,0.8693213
FBP,20,0.1,,127,10.749248495774486,0.4084652507402488,0.8629877
FBP,20,0.1,,128,9.558958913647187,0.4156097788703929,0.8100147
FBP,20,0.1,,129,10.474443273928443,0.3933901426693643,0.9804582
FBP,20,0.1,,130,10.38537560591555,0.43761934102901273,0.7730934
FBP,20,0.1,,131,10.180937647364098,0.4920992187261287,0.7403908
FBP,20,0.1,,132,10.262680060182849,0.4916881750047297,0.7581157
FBP,20,0.1,,133,10.216514458996615,0.4503030868586055,0.818112
FBP,20,0.1,,134,10.141621435102788,0.40528639519762005,0.89253294
FBP,20,0.1,,135,10.8013482351995,0.2805388075005772,1.0227038
FBP,20,0.1,,136,10.246205798037577,0.4378189526252871,0.94141257
FBP,20,0.1,,137,10.26399349327246,0.2599001444149609,1.0144191
FBP,20,0.1,,138,10.113191560392451,0.37770950128081093,0.9051067
FBP,20,0.1,,139,10.13968632135274,0.36762259653557355,0.9421509
FBP,20,0.1,,140,10.335796594937882,0.24591693668526016,1.2435768
FBP,20,0.1,,141,10.281175674501002,0.2908674417217975,1.1137458
FBP,20,0.1,,142,10.521306113585322,0.38902569369330486,0.98332065
FBP,20,0.1,,143,10.872079257291736,0.21446238968105003,1.3082154
FBP,20,0.1,,144,9.937403775508246,0.3416494767746105,0.9816816
FBP,20,0.1,,145,10.368350562182428,0.2115709584471171,1.4029124
FBP,20,0.1,,146,10.20445400820746,0.4156736787684464,0.84245807
FBP,20,0.1,,147,10.718279822578026,0.5348982928039769,0.70553166
FBP,20,0.1,,148,10.729813920193152,0.43899474591646803,0.92327625
FBP,20,0.1,,149,10.364006730916609,0.2906387052104894,1.1988802
FBP,20,0.1,,150,9.8291519112169,0.3687232218512296,1.0314497
FBP,20,0.1,,151,10.193562356228663,0.45068256508145266,0.8685326
FBP,20,0.1,,152,11.034646311297847,0.3936539801813246,0.98481894
FBP,20,0.1,,153,10.4597791227507,0.38256984073501926,1.0779235
FBP,20,0.1,,154,10.38064250083757,0.19862269102550498,1.490108
FBP,20,0.1,,155,10.190035671946035,0.44357035579389786,0.8554207
FBP,20,0.1,,156,11.011768254270503,0.3736761977125369,0.9402039
FBP,20,0.1,,157,10.372422961384123,0.4235624347181276,0.9558233
FBP,20,0.1,,158,10.189647808460796,0.39785444796923586,0.9840653
FBP,20,0.1,,159,10.917148680334483,0.30904191095615446,1.1547564
FBP,20,0.1,,160,10.110902272394428,0.35535509703256013,0.9523417
FBP,20,0.1,,161,9.936102532272063,0.3976262174864628,0.9756248
FBP,20,0.1,,162,10.438583743329223,0.503914436076282,0.76593506
FBP,20,0.1,,163,10.258319246432015,0.43600233210521433,0.8389024
FBP,20,0.1,,164,9.8283610614865,0.3242659397055719,1.0519769
FBP,20,0.1,,165,9.956395951504643,0.5033515904030861,0.8729496
FBP,20,0.1,,166,9.700533225914183,0.2977438838729277,1.1083624
FBP,20,0.1,,167,10.772139385003905,0.3185635141658656,1.0731193
FBP,20,0.1,,168,10.674314034475962,0.2812803633357234,1.1824377
FBP,20,0.1,,169,10.890898014783767,0.3677938882707723,1.0056348
FBP,20,0.1,,170,10.254521454540455,0.2855853473091177,1.1813331
FBP,20,0.1,,171,10.557485027909394,0.4159197526005413,0.7673807
FBP,20,0.1,,172,9.884530572581442,0.44954201050714343,0.872639
FBP,20,0.1,,173,10.640536779952745,0.3558865799010269,1.073653
FBP,20,0.1,,174,10.24785318148049,0.36582437822920844,0.97803605
FBP,20,0.1,,175,10.82826737547488,0.16673540752565316,1.7178515
FBP,20,0.1,,176,10.42589299420932,0.17914036128606373,1.7894169
FBP,20,0.1,,177,10.556486614038981,0.41484367265429534,0.88915145
FBP,20,0.1,,178,10.530355186758385,0.24670970799171069,1.2344416
FBP,20,0.1,,179,11.109222785830417,0.4546984423901141,0.7371307
FBP,20,0.1,,180,11.179775892877581,0.23615654964662233,1.2235811
FBP,20,0.1,,181,10.518203577925762,0.4286218823094413,0.81553143
FBP,20,0.1,,182,10.931270789634906,0.3390419500606073,1.0313312
FBP,20,0.1,,183,10.191453313112222,0.5377144312740877,0.7546841
FBP,20,0.1,,184,10.252534935623105,0.38447655200404784,0.9765251
FBP,20,0.1,,185,10.510845686280422,0.34857829620628866,0.97179586
FBP,20,0.1,,186,9.795527409291081,0.46879758734070687,0.77378625
FBP,20,0.1,,187,10.533740636300665,0.47310616073202466,0.86833906
FBP,20,0.1,,188,9.767124394405917,0.509630547907232,0.7960592
FBP,20,0.1,,189,10.260081332279288,0.17977593903955014,1.6133866
FBP,20,0.1,,190,10.734621389350067,0.29331670423148015,0.9460004
FBP,20,0.1,,191,10.44736872883582,0.2432400714259236,1.2875216
FBP,20,0.1,,192,10.008420580341896,0.470068471991367,0.89188623
FBP,20,0.1,,193,10.893645476318685,0.36550159488840206,0.98681897
FBP,20,0.1,,194,10.158015960039425,0.46304172549881056,0.86879534
FBP,20,0.1,,195,10.895903079646452,0.23335131380968388,1.3679953
FBP,20,0.1,,196,10.153020384406277,0.25392104225832646,1.0603846
FBP,20,0.1,,197,10.592851822553877,0.39087502270188806,0.78297454
FBP,20,0.1,,198,10.351818642781168,0.29457732570748074,1.0806388
FBP,20,0.1,,199,10.423364063312876,0.45667942160074115,0.72596395
Tikhonov,20,0.1,0.1,0,14.579908087298401,0.32070882402096823,0.6793857
Tikhonov,20,0.1,0.1,1,13.359205425403273,0.4064324029559204,0.6101393
Tikhonov,20,0.1,0.1,2,17.153227435339396,0.24837230616787925,0.7013098
Tikhonov,20,0.1,0.1,3,13.163274596181147,0.49408846090197533,0.5399083
Tikhonov,20,0.1,0.1,4,14.983824576050615,0.41720569290438175,0.63748205
Tikhonov,20,0.1,0.1,5,15.876382044624343,0.24412331303142873,0.66030127
Tikhonov,20,0.1,0.1,6,14.070595826977101,0.3573885267347382,0.67469704
Tikhonov,20,0.1,0.1,7,14.734878908542772,0.3342448267595042,0.61507577
Tikhonov,20,0.1,0.1,8,13.842985410033261,0.48568404229715745,0.5562465
Tikhonov,20,0.1,0.1,9,13.673694718145448,0.42065014022720926,0.5630838
Tikhonov,20,0.1,0.1,10,13.117036565770492,0.45523464244711964,0.62560797
Tikhonov,20,0.1,0.1,11,13.363828552154738,0.3975341080216266,0.6433124
Tikhonov,20,0.1,0.1,12,14.100418019137122,0.33962132578233667,0.6402125
Tikhonov,20,0.1,0.1,13,13.203861041373637,0.44788418264035185,0.61911917
Tikhonov,20,0.1,0.1,14,15.529706448333918,0.2816261413033565,0.61303097
Tikhonov,20,0.1,0.1,15,14.045210577689208,0.4081597303240926,0.6751882
Tikhonov,20,0.1,0.1,16,14.138668505652365,0.40264734816747094,0.63305336
Tikhonov,20,0.1,0.1,17,14.225401874282152,0.36724254327166195,0.6230731
Tikhonov,20,0.1,0.1,18,13.282272265695529,0.5019470898166091,0.55624974
Tikhonov,20,0.1,0.1,19,15.43568279307416,0.32943813792912846,0.67104954
Tikhonov,20,0.1,0.1,20,14.370194606332142,0.4083079724360454,0.550353
Tikhonov,20,0.1,0.1,21,14.476315249905461,0.3697662435843386,0.6193882
Tikhonov,20,0.1,0.1,22,14.05339102449643,0.4049539176361397,0.6337782
Tikhonov,20,0.1,0.1,23,14.310256747741473,0.3599517626427152,0.66621584
Tikhonov,20,0.1,0.1,24,15.784908900902524,0.2758901798253406,0.74961346
Tikhonov,20,0.1,0.1,25,12.667419049042078,0.5955795830751631,0.4733081
Tikhonov,20,0.1,0.1,26,14.68562021697901,0.24005693943992118,0.74843735
Tikhonov,20,0.1,0.1,27,14.454781050921163,0.39394929514758187,0.619784
Tikhonov,20,0.1,0.1,28,13.233769081686892,0.4877450948875505,0.5604926
Tikhonov,20,0.1,0.1,29,16.32167167608345,0.2522672089605692,0.6547724
Tikhonov,20,0.1,0.1,30,14.386060331277314,0.4145321353338178,0.5819809
Tikhonov,20,0.1,0.1,31,16.719690758795092,0.23937736866848489,0.6872998
Tikhonov,20,0.1,0.1,32,13.51549552261542,0.3785479725122044,0.6289478
Tikhonov,20,0.1,0.1,33,14.102845494044603,0.43786434320447204,0.6181227
Tikhonov,20,0.1,0.1,34,13.949844776855274,0.41740336935040695,0.5919288
Tikhonov,20,0.1,0.1,35,13.249727028855478,0.4855162955763796,0.62201405
Tikhonov,20,0.1,0.1,36,14.15748683386834,0.37584587915060647,0.64449143
Tikhonov,20,0.1,0.1,37,15.726585442724533,0.23343182819191183,0.6679164
Tikhonov,20,0.1,0.1,38,14.047236500792778,0.2924479771963963,0.72686315
Tikhonov,20,0.1,0.1,39,15.450832113472291,0.2894995135754493,0.5930066
Tikhonov,20,0.1,0.1,40,17.370318603907986,0.1645084056139285,0.82656115
Tikhonov,20,0.1,0.1,41,14.784691774323417,0.30228196633166693,0.70057577
Tikhonov,20,0.1,0.1,42,14.493042682745633,0.40386074763943525,0.58774555
Tikhonov,20,0.1,0.1,43,15.26699848319061,0.31433987523506546,0.68494177
Tikhonov,20,0.1,0.1,44,14.9685428453995,0.32387083059949856,0.6311669
Tikhonov,20,0.1,0.1,45,14.335492551949455,0.34105341312798293,0.6904522
Tikhonov,20,0.1,0.1,46,15.274394906543847,0.31601381628371944,0.5928974
Tikhonov,20,0.1,0.1,47,14.591600227049636,0.26709005173968253,0.75182754
Tikhonov,20,0.1,0.1,48,13.536905934900528,0.4891938801579084,0.50100064
Tikhonov,20,0.1,0.1,49,14.456286024353243,0.4514473254772188,0.59066826
Tikhonov,20,0.1,0.1,50,14.815174564035294,0.36554424835415655,0.62923956
Tikhonov,20,0.1,0.1,51,12.698432487962666,0.47999493503718915,0.56963766
Tikhonov,20,0.1,0.1,52,14.112875570950504,0.4042029342997034,0.63638365
Tikhonov,20,0.1,0.1,53,14.779347983460621,0.3648034528826031,0.73087084
Tikhonov,20,0.1,0.1,54,12.847256983774297,0.45879654638485573,0.6004458
Tikhonov,20,0.1,0.1,55,13.27111394086572,0.39443598608034164,0.6289472
Tikhonov,20,0.1,0.1,56,14.370844885670413,0.4875113571296958,0.54974276
Tikhonov,20,0.1,0.1,57,16.042667532066968,0.18682653835432483,0.7631934
Tikhonov,20,0.1,0.1,58,14.311741394097343,0.42478366809308316,0.57804817
Tikhonov,20,0.1,0.1,59,16.07408347385039,0.2698255961728167,0.7349225
Tikhonov,20,0.1,0.1,60,14.068184488076374,0.3836304968265549,0.58093774
Tikhonov,20,0.1,0.1,61,13.457049584192413,0.449226950618298,0.57343304
Tikhonov,20,0.1,0.1,62,15.782569499352253,0.28049303823889593,0.7214424
Tikhonov,20,0.1,0.1,63,14.132565282241858,0.35874727246695975,0.64987105
Tikhonov,20,0.1,0.1,64,13.530651309261923,0.4657477780448731,0.5734688
Tikhonov,20,0.1,0.1,65,16.091203156899784,0.2683656086441907,0.68297774
Tikhonov,20,0.1,0.1,66,13.744102834852379,0.39598517314206677,0.66729605
Tikhonov,20,0.1,0.1,67,14.415976740144158,0.38921912769139516,0.63472515
Tikhonov,20,0.1,0.1,68,13.596901476893951,0.4657797321365965,0.51881725
Tikhonov,20,0.1,0.1,69,13.252775072554591,0.48792077272040585,0.62280655
Tikhonov,20,0.1,0.1,70,14.147631288190258,0.37064741379898886,0.6292169
Tikhonov,20,0.1,0.1,71,12.864558101913486,0.5766501725177003,0.5303477
Tikhonov,20,0.1,0.1,72,13.464160387157271,0.4431919431925293,0.627304
Tikhonov,20,0.1,0.1,73,13.863937757592899,0.383275439434426,0.5579988
Tikhonov,20,0.1,0.1,74,16.35714453193523,0.280643248458899,0.59854686
Tikhonov,20,0.1,0.1,75,14.307476853636935,0.36394089346867986,0.6174606
Tikhonov,20,0.1,0.1,76,14.542978182992153,0.31532219573730325,0.6956094
Tikhonov,20,0.1,0.1,77,14.869079033721789,0.3919624800761115,0.6746374
Tikhonov,20,0.1,0.1,78,15.015309178519072,0.3179796815328858,0.6034114
Tikhonov,20,0.1,0.1,79,13.710388765411434,0.5088693440008104,0.49134874
Tikhonov,20,0.1,0.1,80,14.637554635116546,0.34147117240703184,0.6171811
Tikhonov,20,0.1,0.1,81,13.81164992947218,0.38667992293817366,0.603788
Tikhonov,20,0.1,0.1,82,13.144655394877805,0.46966241917468043,0.5698836
Tikhonov,20,0.1,0.1,83,14.977354490788624,0.33525736723443944,0.6521221
Tikhonov,20,0.1,0.1,84,13.327412810019531,0.401811216781801,0.6331783
Tikhonov,20,0.1,0.1,85,13.640310857013258,0.4948343213265526,0.5152883
Tikhonov,20,0.1,0.1,86,14.566327624502156,0.39632861011527853,0.5525694
Tikhonov,20,0.1,0.1,87,14.034537523748513,0.4374878471529627,0.5828103
Tikhonov,20,0.1,0.1,88,13.843867922487497,0.42584616583791246,0.59450305
Tikhonov,20,0.1,0.1,89,15.32431938943879,0.2733970240582539,0.6317852
Tikhonov,20,0.1,0.1,90,14.030088374841887,0.434552935373725,0.61025727
Tikhonov,20,0.1,0.1,91,14.199801751375354,0.3233291665344665,0.6490897
Tikhonov,20,0.1,0.1,92,15.12356286674934,0.24268751279720344,0.75406915
Tikhonov,20,0.1,0.1,93,14.055627487034572,0.4760696788360307,0.49022523
Tikhonov,20,0.1,0.1,94,14.623152406568922,0.3168546092383321,0.5717516
Tikhonov,20,0.1,0.1,95,13.400535361495445,0.4944557158537652,0.50006133
Tikhonov,20,0.1,0.1,96,16.45555280288761,0.24932081776782716,0.67903525
Tikhonov,20,0.1,0.1,97,14.154228410708543,0.43173024063561427,0.5353619
Tikhonov,20,0.1,0.1,98,13.949562255943116,0.372918006147918,0.6482378
Tikhonov,20,0.1,0.1,99,13.657631820452021,0.4372860615529901,0.56518716
Tikhonov,20,0.1,0.1,100,14.513439952042098,0.30978296129061833,0.7336314
Tikhonov,20,0.1,0.1,101,13.508948739609794,0.4429125209771432,0.63732564
Tikhonov,20,0.1,0.1,102,13.390680651370117,0.4256583486870316,0.6326056
Tikhonov,20,0.1,0.1,103,14.391386448730117,0.45317503052411506,0.58396024
Tikhonov,20,0.1,0.1,104,14.130371810278636,0.3894279864555358,0.6554167
Tikhonov,20,0.1,0.1,105,14.602916997756932,0.3754873994438647,0.646555
Tikhonov,20,0.1,0.1,106,13.196278812864639,0.4707140771569665,0.63349754
Tikhonov,20,0.1,0.1,107,16.426478967054127,0.29678632443711117,0.6261665
Tikhonov,20,0.1,0.1,108,14.779183483427927,0.3708849038259119,0.58415514
Tikhonov,20,0.1,0.1,109,14.157831540707512,0.3332309607622764,0.67859924
Tikhonov,20,0.1,0.1,110,13.798018803166203,0.3991875195327842,0.586965
Tikhonov,20,0.1,0.1,111,15.399878522783727,0.30640265187137944,0.60462296
Tikhonov,20,0.1,0.1,112,14.748674512400955,0.3091111626259094,0.6675388
Tikhonov,20,0.1,0.1,113,14.597731035699567,0.366646363239972,0.5935648
Tikhonov,20,0.1,0.1,114,15.068183181002059,0.33106264771849364,0.63437444
Tikhonov,20,0.1,0.1,115,14.99492042526281,0.30319396055915415,0.66828024
Tikhonov,20,0.1,0.1,116,15.454259992237901,0.287272076035512,0.68048626
Tikhonov,20,0.1,0.1,117,14.244539341303366,0.42167807561691756,0.5865468
Tikhonov,20,0.1,0.1,118,15.199444318252384,0.32557188580558283,0.67679214
Tikhonov,20,0.1,0.1,119,13.461823678718117,0.44474565820221995,0.5964607
Tikhonov,20,0.1,0.1,120,13.318236692485648,0.5330212045569658,0.5364506
Tikhonov,20,0.1,0.1,121,14.899181613660165,0.38456750196387435,0.62708056
Tikhonov,20,0.1,0.1,122,16.394987254827353,0.3092459988114539,0.64384854
Tikhonov,20,0.1,0.1,123,14.069844523748953,0.40409995504959934,0.6230896
Tikhonov,20,0.1,0.1,124,14.051794464093366,0.3638538400659892,0.6030437
Tikhonov,20,0.1,0.1,125,14.83300428183663,0.32734800060327773,0.65382653
Tikhonov,20,0.1,0.1,126,13.2276627198981,0.4670927082342365,0.6291281
Tikhonov,20,0.1,0.1,127,13.901739863878674,0.4144022914780398,0.60031617
Tikhonov,20,0.1,0.1,128,12.995821356611923,0.4464021247685579,0.5453179
Tikhonov,20,0.1,0.1,129,14.229557558544041,0.39774438893710634,0.6363168
Tikhonov,20,0.1,0.1,130,13.784466543229703,0.4704276755734054,0.52273
Tikhonov,20,0.1,0.1,131,13.256583981023947,0.48977923380898425,0.5196114
Tikhonov,20,0.1,0.1,132,13.05785875321668,0.500213874564102,0.54951125
Tikhonov,20,0.1,0.1,133,13.747205236761364,0.47999990541521126,0.5448517
Tikhonov,20,0.1,0.1,134,13.533621563915146,0.38611132512482416,0.6039824
Tikhonov,20,0.1,0.1,135,15.460480338864953,0.28134249877530987,0.59812677
Tikhonov,20,0.1,0.1,136,13.803157849076364,0.4257948661443377,0.62507546
Tikhonov,20,0.1,0.1,137,14.796620959956964,0.2993622038877581,0.60198545
Tikhonov,20,0.1,0.1,138,13.46137638364411,0.3819472882701834,0.6155886
Tikhonov,20,0.1,0.1,139,13.731225090499644,0.3793091432826785,0.62307966
Tikhonov,20,0.1,0.1,140,15.002366283525044,0.2648357848551659,0.72668153
Tikhonov,20,0.1,0.1,141,14.463200694824842,0.28437257577626185,0.6881527
Tikhonov,20,0.1,0.1,142,13.870172883299556,0.3910834101271192,0.66873163
Tikhonov,20,0.1,0.1,143,16.609338984843372,0.23817110038651076,0.675797
Tikhonov,20,0.1,0.1,144,13.953089708211428,0.3758865149204873,0.6182816
Tikhonov,20,0.1,0.1,145,16.439220591139364,0.23243424645913688,0.6974082
Tikhonov,20,0.1,0.1,146,13.582085161522844,0.4165845406639788,0.5710402
Tikhonov,20,0.1,0.1,147,13.028837564644999,0.5073117656262365,0.5407402
Tikhonov,20,0.1,0.1,148,13.94817221451957,0.40860402085546554,0.6374024
Tikhonov,20,0.1,0.1,149,15.054097540391233,0.3317842825170614,0.69866866
Tikhonov,20,0.1,0.1,150,14.25371532067594,0.39486138555120237,0.61975473
Tikhonov,20,0.1,0.1,151,13.109504697598203,0.43783550057632364,0.6208533
Tikhonov,20,0.1,0.1,152,14.55752010375779,0.3532246210737912,0.6564667
Tikhonov,20,0.1,0.1,153,14.5320362498733,0.3685677322820753,0.6744893
Tikhonov,20,0.1,0.1,154,16.563683882735894,0.20750499102897935,0.73124963
Tikhonov,20,0.1,0.1,155,13.885353780581532,0.48038335370038415,0.55900264
Tikhonov,20,0.1,0.1,156,14.704849398439448,0.37085559089044645,0.61456525
Tikhonov,20,0.1,0.1,157,13.808717429428102,0.39243646564677914,0.6435212
Tikhonov,20,0.1,0.1,158,14.473912295962938,0.4214253496635544,0.60091174
Tikhonov,20,0.1,0.1,159,15.610530265372253,0.30300313115219996,0.67269975
Tikhonov,20,0.1,0.1,160,14.034604193659316,0.36969144278098176,0.6061885
Tikhonov,20,0.1,0.1,161,13.601494335331811,0.4037177520703086,0.6397544
Tikhonov,20,0.1,0.1,162,13.080448824942126,0.4900796696630765,0.5650653
Tikhonov,20,0.1,0.1,163,13.888635191013087,0.4608185626241698,0.55232614
Tikhonov,20,0.1,0.1,164,14.267553903397408,0.36225002530788086,0.63102496
Tikhonov,20,0.1,0.1,165,13.339064199108234,0.48113623284662627,0.5913652
Tikhonov,20,0.1,0.1,166,13.995989910503521,0.3481091079116926,0.6759412
Tikhonov,20,0.1,0.1,167,15.039840704337395,0.3332971032508764,0.65654266
Tikhonov,20,0.1,0.1,168,16.216083649611793,0.2755605421718864,0.62472624
Tikhonov,20,0.1,0.1,169,15.411551942854576,0.3837905361355342,0.5975959
Tikhonov,20,0.1,0.1,170,15.31411781941534,0.319172395468778,0.65976995
Tikhonov,20,0.1,0.1,171,14.050578910216023,0.4579360378459471,0.5132821
Tikhonov,20,0.1,0.1,172,12.774222220015247,0.4452914385794189,0.62567675
Tikhonov,20,0.1,0.1,173,14.296728493263997,0.3643986819755028,0.7047813
Tikhonov,20,0.1,0.1,174,14.258806591953624,0.38292648086397935,0.61632127
Tikhonov,20,0.1,0.1,175,17.7010717472799,0.22995206491621442,0.77865565
Tikhonov,20,0.1,0.1,176,18.025208501490106,0.21499996109166153,0.7460119
Tikhonov,20,0.1,0.1,177,13.860790690659307,0.3764304613871577,0.6077998
Tikhonov,20,0.1,0.1,178,16.030831784525745,0.2480894431562263,0.6553099
Tikhonov,20,0.1,0.1,179,13.468924824316932,0.4234774447080375,0.5617711
Tikhonov,20,0.1,0.1,180,16.486581568436304,0.2403564788025904,0.66419023
Tikhonov,20,0.1,0.1,181,13.660497719914806,0.41991564560747,0.56797075
Tikhonov,20,0.1,0.1,182,15.21074825526743,0.3452530954180339,0.63012147
Tikhonov,20,0.1,0.1,183,12.308029915011309,0.5016043089560622,0.591475
Tikhonov,20,0.1,0.1,184,14.462724498591896,0.3958262196543082,0.60141456
Tikhonov,20,0.1,0.1,185,14.036339583399444,0.3469340776412965,0.64759034
Tikhonov,20,0.1,0.1,186,13.06934839300057,0.4795816611092824,0.5307988
Tikhonov,20,0.1,0.1,187,13.484561435155593,0.4462681398828021,0.6182275
Tikhonov,20,0.1,0.1,188,12.869255616204589,0.5167750631481186,0.556979
Tikhonov,20,0.1,0.1,189,16.68061162065104,0.18591767449311003,0.7703924
Tikhonov,20,0.1,0.1,190,15.273928055412632,0.33160795143892996,0.56095237
Tikhonov,20,0.1,0.1,191,16.230181381091484,0.2654746871019236,0.66162807
Tikhonov,20,0.1,0.1,192,13.24331461141826,0.4413911412617486,0.61456066
Tikhonov,20,0.1,0.1,193,14.667040623173538,0.3513613719409447,0.6390984
Tikhonov,20,0.1,0.1,194,12.939663362986058,0.4353322729935931,0.6307178
Tikhonov,20,0.1,0.1,195,15.75789171829291,0.23714523248517336,0.781601
Tikhonov,20,0.1,0.1,196,14.855577073285964,0.2688076533470976,0.6170716
Tikhonov,20,0.1,0.1,197,13.918438525125234,0.4082875393854439,0.5339103
Tikhonov,20,0.1,0.1,198,14.50438890762384,0.3044030202460314,0.6699649
Tikhonov,20,0.1,0.1,199,13.624752813643305,0.5015705295687846,0.502164
TV,20,0.1,0.01,0,16.80539123297914,0.5037735395769931,0.5258263
TV,20,0.1,0.01,1,16.220603398361437,0.6063537396731582,0.43889353
TV,20,0.1,0.01,2,17.691422368978206,0.3702485354738464,0.6591741
TV,20,0.1,0.01,3,16.473582176048744,0.7137094123805161,0.36881164
TV,20,0.1,0.01,4,17.35110065409199,0.6162680387939519,0.4854049
TV,20,0.1,0.01,5,18.6599833577951,0.45645188810284565,0.47924995
TV,20,0.1,0.01,6,15.652924015375406,0.5202425076780299,0.56233144
TV,20,0.1,0.01,7,17.320819286479463,0.5170069306690538,0.45670062
TV,20,0.1,0.01,8,17.944397477587696,0.7118537769768838,0.34689394
TV,20,0.1,0.01,9,16.39307321414461,0.6139368781293666,0.41172206
TV,20,0.1,0.01,10,15.838124503235765,0.6903732531963297,0.45734912
TV,20,0.1,0.01,11,15.058110388821413,0.584212922875857,0.5293072
TV,20,0.1,0.01,12,16.30204371599182,0.5523095442170243,0.49687013
TV,20,0.1,0.01,13,15.510501119985971,0.6653914530395938,0.47472513
TV,20,0.1,0.01,14,19.305542411407014,0.49298378551371147,0.39690873
TV,20,0.1,0.01,15,15.709820035580641,0.6124561065017204,0.55743515
TV,20,0.1,0.01,16,15.902012180888764,0.6118034180499082,0.5167412
TV,20,0.1,0.01,17,17.62345403636219,0.6326260024449337,0.4213436
TV,20,0.1,0.01,18,15.97122658588612,0.7261133237764978,0.40815216
TV,20,0.1,0.01,19,17.311334369619196,0.5139625009393689,0.5407195
TV,20,0.1,0.01,20,17.639890261553134,0.5993332530849051,0.37770832
TV,20,0.1,0.01,21,17.29939277709257,0.5710549350176825,0.4475165
TV,20,0.1,0.01,22,15.518337901316478,0.6151759501990154,0.53541434
TV,20,0.1,0.01,23,16.618311813489235,0.5663381506648484,0.5107545
TV,20,0.1,0.01,24,16.342703437241266,0.3919719247910394,0.70298755
TV,20,0.1,0.01,25,16.21639545853398,0.8129612459966621,0.31455392
TV,20,0.1,0.01,26,15.79321602519892,0.3691339226278923,0.65883344
TV,20,0.1,0.01,27,16.931940267685352,0.6322507880818606,0.46599627
TV,20,0.1,0.01,28,16.130756511336404,0.7121976292220691,0.40153232
TV,20,0.1,0.01,29,19.265950665691577,0.40448742311939495,0.46652657
TV,20,0.1,0.01,30,17.196147253482426,0.6323585972872521,0.4211186
TV,20,0.1,0.01,31,19.659567639303937,0.4536068641377636,0.4899507
TV,20,0.1,0.01,32,15.783402285996857,0.6020830990353355,0.48441687
TV,20,0.1,0.01,33,16.21361245772082,0.6548857191295655,0.4847707
TV,20,0.1,0.01,34,17.601949561708025,0.6325381414657882,0.38874447
TV,20,0.1,0.01,35,16.057061971421547,0.7274969507692851,0.45022896
TV,20,0.1,0.01,36,16.477375781084277,0.5603539670116657,0.49342677
TV,20,0.1,0.01,37,19.04728710276479,0.40571364069291127,0.45570844
TV,20,0.1,0.01,38,15.302465921103147,0.4707866606830758,0.62905866
TV,20,0.1,0.01,39,19.03779691127233,0.5112671106575107,0.392384
TV,20,0.1,0.01,40,18.623928134859003,0.4157612350199772,0.71547514
TV,20,0.1,0.01,41,15.932090001547207,0.44279002022981445,0.6138825
TV,20,0.1,0.01,42,16.96972578804532,0.6012584259738368,0.44193172
TV,20,0.1,0.01,43,16.91601842500335,0.4583968995110139,0.5665036
TV,20,0.1,0.01,44,18.399628702223964,0.555086495225007,0.42519677
TV,20,0.1,0.01,45,15.735097910741768,0.5069141661182329,0.58769685
TV,20,0.1,0.01,46,19.392762331078366,0.5231365567835217,0.3690296
TV,20,0.1,0.01,47,15.274157330932134,0.3741592688790007,0.69500893
TV,20,0.1,0.01,48,17.065522162261853,0.6849102350888718,0.3337394
TV,20,0.1,0.01,49,17.126125690174455,0.682084349998728,0.43436182
TV,20,0.1,0.01,50,16.949590709686632,0.5945978401544959,0.49214745
TV,20,0.1,0.01,51,15.193682387729998,0.7282451196460146,0.42740166
TV,20,0.1,0.01,52,16.043698639221816,0.5881699952128543,0.5095395
TV,20,0.1,0.01,53,15.675475122427496,0.518716757195258,0.6592259
TV,20,0.1,0.01,54,14.950417066279378,0.6710099348827738,0.47131997
TV,20,0.1,0.01,55,16.022956816384777,0.6171012511722213,0.45816517
TV,20,0.1,0.01,56,18.391668311326242,0.7410627810182512,0.34603366
TV,20,0.1,0.01,57,17.13177912954237,0.3196781621485841,0.67325413
TV,20,0.1,0.01,58,17.40639383734588,0.6406980848424753,0.4047915
TV,20,0.1,0.01,59,16.488352365706536,0.386496363562957,0.70069355
TV,20,0.1,0.01,60,17.70638897008446,0.6228943890208269,0.38213724
TV,20,0.1,0.01,61,16.36716560589019,0.6851412707281661,0.4101823
TV,20,0.1,0.01,62,16.865581036356684,0.4049171263675305,0.6368704
TV,20,0.1,0.01,63,16.765927880509267,0.5624105753384295,0.47990918
TV,20,0.1,0.01,64,16.668339453420508,0.688776890235166,0.39959988
TV,20,0.1,0.01,65,17.590636397623076,0.47450147342710847,0.5746916
TV,20,0.1,0.01,66,14.932276084250148,0.5680686552941026,0.58198243
TV,20,0.1,0.01,67,16.9696399194326,0.5890356586875167,0.4730451
TV,20,0.1,0.01,68,17.89921196531117,0.7059619002802343,0.31615412
TV,20,0.1,0.01,69,15.603628141565816,0.7060724958683141,0.47512788
TV,20,0.1,0.01,70,16.94854969642922,0.6021706950158967,0.45577917
TV,20,0.1,0.01,71,17.192327316847255,0.8362466780755531,0.32223463
TV,20,0.1,0.01,72,15.93981163784538,0.6554201862742077,0.4717322
TV,20,0.1,0.01,73,16.676862115531893,0.5836937585737352,0.40363336
TV,20,0.1,0.01,74,20.32011646628275,0.48110451787461966,0.3792709
TV,20,0.1,0.01,75,16.678768670895,0.5545425116426547,0.46994242
TV,20,0.1,0.01,76,15.898098232121212,0.509241661522297,0.5951266
TV,20,0.1,0.01,77,16.445883541041823,0.5944958703620321,0.5626395
TV,20,0.1,0.01,78,17.60047435284139,0.512095316994381,0.44807965
TV,20,0.1,0.01,79,17.57553036674725,0.7670792286252518,0.31487107
TV,20,0.1,0.01,80,17.638671998046732,0.5390020944170889,0.43687454
TV,20,0.1,0.01,81,16.205520998960832,0.5692774952709923,0.45834336
TV,20,0.1,0.01,82,17.030923974691706,0.7010029315128768,0.36431134
TV,20,0.1,0.01,83,17.039389239703407,0.505725391586393,0.51431257
TV,20,0.1,0.01,84,14.67418081537673,0.5687350698091063,0.5422351
TV,20,0.1,0.01,85,17.642017024946888,0.7116513463172076,0.32506108
TV,20,0.1,0.01,86,17.689165537897495,0.6168738191654258,0.38569582
TV,20,0.1,0.01,87,16.297951085659975,0.6393905746705314,0.44911394
TV,20,0.1,0.01,88,15.933135319984569,0.6716309794521128,0.46740213
TV,20,0.1,0.01,89,18.599395389638865,0.5691535202572257,0.4333269
TV,20,0.1,0.01,90,16.573747597951815,0.697323701305946,0.45533395
TV,20,0.1,0.01,91,15.496025512274379,0.4505309141048592,0.55910516
TV,20,0.1,0.01,92,15.806845502226693,0.31796778410948306,0.6970229
TV,20,0.1,0.01,93,17.965251136812167,0.6796489852112102,0.3125464
TV,20,0.1,0.01,94,17.910886357176903,0.5685872763385929,0.39158016
TV,20,0.1,0.01,95,16.98982593712643,0.7397490952511256,0.3307948
TV,20,0.1,0.01,96,19.139639243968794,0.44227718062648813,0.49852616
TV,20,0.1,0.01,97,18.922672982234275,0.672794825871271,0.30918983
TV,20,0.1,0.01,98,15.631246239058925,0.5685290236407045,0.5341339
TV,20,0.1,0.01,99,16.010128584484494,0.6500705618035839,0.43108946
TV,20,0.1,0.01,100,15.174829782618565,0.43497767712928603,0.6798427
TV,20,0.1,0.01,101,15.529794645142967,0.6493234729288725,0.50503224
TV,20,0.1,0.01,102,15.079875722439127,0.6488291487340794,0.5208028
TV,20,0.1,0.01,103,17.910396917451923,0.679873254279075,0.38943303
TV,20,0.1,0.01,104,16.19384304209982,0.6019036318152644,0.5168255
TV,20,0.1,0.01,105,16.694405170015624,0.5771608495125585,0.5081958
TV,20,0.1,0.01,106,15.606618742301581,0.7117723924853966,0.4799853
TV,20,0.1,0.01,107,19.557457945419028,0.5545923272667315,0.43665743
TV,20,0.1,0.01,108,17.83268884631115,0.5677641955837377,0.4110105
TV,20,0.1,0.01,109,15.360262730480319,0.4794485766136603,0.5908698
TV,20,0.1,0.01,110,16.16711792964368,0.5854273785655156,0.4468454
TV,20,0.1,0.01,111,19.20693185983413,0.49004518939579034,0.39006048
TV,20,0.1,0.01,112,16.809317617910004,0.5166559740469246,0.5265558
TV,20,0.1,0.01,113,17.72616615559354,0.6013976902549909,0.4140439
TV,20,0.1,0.01,114,17.728226054168434,0.5401128772165134,0.46702865
TV,20,0.1,0.01,115,17.248709244149186,0.5064287723471653,0.51554805
TV,20,0.1,0.01,116,17.126635014260973,0.5020332260594067,0.56130713
TV,20,0.1,0.01,117,17.564483904081843,0.6497270518551631,0.40022615
TV,20,0.1,0.01,118,16.55917630481262,0.5015426710422556,0.57872033
TV,20,0.1,0.01,119,15.787605738237989,0.6489841571377882,0.45634437
TV,20,0.1,0.01,120,16.900024275389875,0.751853499567321,0.35517335
TV,20,0.1,0.01,121,17.193733902882585,0.6011886820945146,0.4814994
TV,20,0.1,0.01,122,19.52846691634028,0.5290765325915961,0.44885877
TV,20,0.1,0.01,123,16.07851989588338,0.6219165038821588,0.4944436
TV,20,0.1,0.01,124,16.391023544057084,0.5279393643549689,0.4606672
TV,20,0.1,0.01,125,16.96232886799329,0.5417703536477648,0.51167756
TV,20,0.1,0.01,126,15.739389145265093,0.691712257796504,0.471143
TV,20,0.1,0.01,127,16.83102298318431,0.6531383068789536,0.4284655
TV,20,0.1,0.01,128,15.015422296131014,0.6399609035390673,0.43218505
TV,20,0.1,0.01,129,16.081905390853592,0.5702016022585983,0.5141099
TV,20,0.1,0.01,130,16.975752934174576,0.6820515040430906,0.36200377
TV,20,0.1,0.01,131,16.802113599044585,0.7141323355408982,0.3454635
TV,20,0.1,0.01,132,16.89032405603956,0.7665449942083075,0.3534706
TV,20,0.1,0.01,133,17.324702301888035,0.6898273702824878,0.36091375
TV,20,0.1,0.01,134,15.650451285299818,0.5624288044219754,0.47335044
TV,20,0.1,0.01,135,19.926434872642698,0.4791777267458479,0.3576807
TV,20,0.1,0.01,136,16.49864327013759,0.6502510921963229,0.4583087
TV,20,0.1,0.01,137,17.750821013542303,0.5033217847310218,0.42842618
TV,20,0.1,0.01,138,15.150365566060762,0.5647130707025813,0.5068053
TV,20,0.1,0.01,139,15.50620943294903,0.5868721411175967,0.50791883
TV,20,0.1,0.01,140,15.6684111704394,0.3644920441278493,0.6730415
TV,20,0.1,0.01,141,16.556737841382713,0.4538795727082386,0.5407643
TV,20,0.1,0.01,142,15.411462807837008,0.599733035010863,0.5599991
TV,20,0.1,0.01,143,18.967989941843328,0.43442520961204634,0.5150907
TV,20,0.1,0.01,144,16.157026855932127,0.555065054590204,0.4797218
TV,20,0.1,0.01,145,18.104183085047865,0.3901046212410943,0.5757566
TV,20,0.1,0.01,146,15.939601281748955,0.6618252158241226,0.43530223
TV,20,0.1,0.01,147,16.21761293344633,0.7398734524892259,0.37458453
TV,20,0.1,0.01,148,16.419493676256195,0.6099164687938438,0.47956517
TV,20,0.1,0.01,149,15.69706582695269,0.49711846999731685,0.6488179
TV,20,0.1,0.01,150,16.440418701506253,0.6045742918679987,0.48181984
TV,20,0.1,0.01,151,15.372348947061571,0.6475065411477395,0.47846124
TV,20,0.1,0.01,152,16.599798368047583,0.53519316426753,0.5189181
TV,20,0.1,0.01,153,16.465017010716704,0.5542527497173595,0.53991574
TV,20,0.1,0.01,154,18.053314099756765,0.3410738749462776,0.6160049
TV,20,0.1,0.01,155,17.238977325496407,0.7379468985648503,0.37995547
TV,20,0.1,0.01,156,16.76682290900559,0.6188702539787128,0.48469588
TV,20,0.1,0.01,157,16.134120948909636,0.6140823590988678,0.49237126
TV,20,0.1,0.01,158,17.89926922066857,0.6433883033200236,0.40508193
TV,20,0.1,0.01,159,16.634517860272876,0.43289052451381554,0.59789085
TV,20,0.1,0.01,160,16.980362229813203,0.6161365223002682,0.43183693
TV,20,0.1,0.01,161,15.247999750945391,0.6330189053704028,0.52928305
TV,20,0.1,0.01,162,16.53794026189021,0.7105888764083882,0.37951076
TV,20,0.1,0.01,163,16.20480581012211,0.6456440763547054,0.42304552
TV,20,0.1,0.01,164,15.62943453895114,0.5011938635018377,0.53945166
TV,20,0.1,0.01,165,16.273870576159364,0.712134749021512,0.42180863
TV,20,0.1,0.01,166,15.444174348893887,0.5123740052320891,0.5721366
TV,20,0.1,0.01,167,16.82904542602151,0.5093868733032545,0.53432155
TV,20,0.1,0.01,168,19.808320206450194,0.44386479461638734,0.4131216
TV,20,0.1,0.01,169,18.093838635069925,0.6103504190795328,0.43882695
TV,20,0.1,0.01,170,17.113992804251993,0.49145409450416494,0.53628886
TV,20,0.1,0.01,171,17.634723334361777,0.6665371057231312,0.33974177
TV,20,0.1,0.01,172,15.502673449749773,0.6976336968319696,0.45701185
TV,20,0.1,0.01,173,14.980375887633233,0.4951415474585273,0.6514363
TV,20,0.1,0.01,174,16.559252029546194,0.5999417334448278,0.472917
TV,20,0.1,0.01,175,19.075325098414986,0.4193662811895209,0.6647108
TV,20,0.1,0.01,176,19.602064422819993,0.33669301856901834,0.62216127
TV,20,0.1,0.01,177,16.210726907549393,0.59810539950811,0.46372846
TV,20,0.1,0.01,178,18.881959529611862,0.4586796365433694,0.47194386
TV,20,0.1,0.01,179,15.811129344323678,0.6049140812087109,0.42899197
TV,20,0.1,0.01,180,19.73669923680123,0.41307167546036616,0.45686364
TV,20,0.1,0.01,181,15.903419747862852,0.6038507793285337,0.4387124
TV,20,0.1,0.01,182,18.482814555907986,0.56817191025273,0.4323356
TV,20,0.1,0.01,183,15.24183471878013,0.7719074097492786,0.4219356
TV,20,0.1,0.01,184,16.59781144875914,0.5914213889070294,0.47034833
TV,20,0.1,0.01,185,16.06491904929149,0.5784302641721086,0.5127095
TV,20,0.1,0.01,186,16.891384798388312,0.7075361708034319,0.3418441
TV,20,0.1,0.01,187,15.995276419617728,0.6699155807381588,0.46303362
TV,20,0.1,0.01,188,16.101970876412032,0.7564279946261894,0.3838867
TV,20,0.1,0.01,189,18.463528685771145,0.3881014864992789,0.6274312
TV,20,0.1,0.01,190,18.544301806668972,0.5849553047201196,0.38495263
TV,20,0.1,0.01,191,18.44754593757512,0.4319336370441486,0.51256114
TV,20,0.1,0.01,192,15.40465570320329,0.6661216847329523,0.4791789
TV,20,0.1,0.01,193,16.65198079190273,0.5569164982952624,0.50853485
TV,20,0.1,0.01,194,15.380427956636947,0.6700714418692476,0.47620824
TV,20,0.1,0.01,195,16.766877614125583,0.4007393440946288,0.69588244
TV,20,0.1,0.01,196,18.557881104992152,0.4405897816940531,0.40292144
TV,20,0.1,0.01,197,16.55197758470728,0.609838635015132,0.39426783
TV,20,0.1,0.01,198,16.467642921160483,0.5046156595767983,0.53442824
TV,20,0.1,0.01,199,18.076760135634082,0.7330566742851915,0.3007774
FBP,20,0.2,,0,6.399260982175781,0.16200456073781147,1.7424035
FBP,20,0.2,,1,6.292326037439983,0.1965688435806165,1.3764899
FBP,20,0.2,,2,6.620844094334027,0.1092522855161957,2.3579202
FBP,20,0.2,,3,6.716483847609926,0.2545346143969234,1.1341213
FBP,20,0.2,,4,6.3979103814632685,0.1795617881672018,1.7130249
FBP,20,0.2,,5,6.339526893557253,0.09209205662186982,1.979634
FBP,20,0.2,,6,6.262506489548536,0.13479370923481573,1.6577281
FBP,20,0.2,,7,6.7676752048480715,0.16089083242274949,1.5391778
FBP,20,0.2,,8,6.6832462817947285,0.27080015544294955,1.2683942
FBP,20,0.2,,9,6.928601920654033,0.23966877061603414,1.2241305
FBP,20,0.2,,10,6.55970845433859,0.23474866147836665,1.3309711
FBP,20,0.2,,11,6.504706668363466,0.21266409891877666,1.4170266
FBP,20,0.2,,12,6.290227255209185,0.14824062435019697,1.5733802
FBP,20,0.2,,13,6.4992886167737645,0.21474505085047274,1.3396856
FBP,20,0.2,,14,6.198426045905644,0.13992176320138935,1.7949258
FBP,20,0.2,,15,6.747901880084769,0.22397489983123434,1.5641928
FBP,20,0.2,,16,6.310173642140299,0.20583799454121676,1.559068
FBP,20,0.2,,17,6.81575395632822,0.16934069506347416,1.4622492
FBP,20,0.2,,18,7.03006332698961,0.34150947777817325,1.1425633
FBP,20,0.2,,19,6.906646079619245,0.1521108311036466,1.791457
FBP,20,0.2,,20,6.789655789165495,0.20801890870995648,1.3172504
FBP,20,0.2,,21,6.612094436728731,0.1978372551530991,1.5317008
FBP,20,0.2,,22,6.370450946404395,0.17560763192229353,1.534915
FBP,20,0.2,,23,6.694671973564006,0.17605338572309676,1.6010106
FBP,20,0.2,,24,6.695477728544427,0.1113303125468617,2.1345627
FBP,20,0.2,,25,6.416028309341155,0.28923388844071624,0.9721056
FBP,20,0.2,,26,6.0318352123074845,0.06356769859870526,2.0269578
FBP,20,0.2,,27,6.663028515102773,0.18922820701185128,1.5199456
FBP,20,0.2,,28,6.651180457482074,0.2713350647395927,1.1959122
FBP,20,0.2,,29,6.596582582999291,0.13351777814945448,2.0060642
FBP,20,0.2,,30,6.537958274736367,0.19749124347508826,1.4365271
FBP,20,0.2,,31,6.859537101744801,0.12645422537855916,2.1387198
FBP,20,0.2,,32,6.205714536542408,0.16692537535338622,1.4591625
FBP,20,0.2,,33,6.6728948311187954,0.21667208705385158,1.4540261
FBP,20,0.2,,34,6.732183553596576,0.2122652853128783,1.3587906
FBP,20,0.2,,35,6.219838340121013,0.256271800159345,1.397316
FBP,20,0.2,,36,6.442809414081342,0.18267934479053963,1.5665743
FBP,20,0.2,,37,6.34046318894414,0.10912067581990538,1.9680144
FBP,20,0.2,,38,6.52900753298998,0.0911737445861962,1.7272854
FBP,20,0.2,,39,6.932707536653321,0.1566229375868954,1.5811234
FBP,20,0.2,,40,6.654839557227819,0.07236687360776062,2.8382387
FBP,20,0.2,,41,6.549195414775786,0.14635578417701423,1.8081311
FBP,20,0.2,,42,6.651364529821356,0.19809548762939094,1.4496835
FBP,20,0.2,,43,6.590142831238998,0.15595539647575965,1.8599293
FBP,20,0.2,,44,6.43545972895788,0.14022798985387847,1.6857702
FBP,20,0.2,,45,6.435705618269367,0.15977185650285466,1.7144426
FBP,20,0.2,,46,6.306438658896085,0.16672212122131355,1.6648587
FBP,20,0.2,,47,6.519939926905865,0.09880298795742551,1.9041504
FBP,20,0.2,,48,6.682441615898968,0.24306826693802533,1.1029644
FBP,20,0.2,,49,7.034829230075288,0.2386896923589522,1.3880863
FBP,20,0.2,,50,6.538945209614081,0.1632007428578785,1.631652
FBP,20,0.2,,51,6.22302273863979,0.22887080084111425,1.2005193
FBP,20,0.2,,52,6.765052864244112,0.24362931290381598,1.4828942
FBP,20,0.2,,53,6.649631093698432,0.1710988899069768,1.8634874
FBP,20,0.2,,54,6.415850332019929,0.25701583748105833,1.2590535
FBP,20,0.2,,55,6.324778708118979,0.21171463940856328,1.3993648
FBP,20,0.2,,56,6.6638271376675595,0.24934220594971288,1.3350896
FBP,20,0.2,,57,6.246903755310308,0.062428126114511075,2.3573432
FBP,20,0.2,,58,6.655716875197499,0.23326619307497387,1.3956138
FBP,20,0.2,,59,6.583198863042073,0.11026006436168856,2.1917236
FBP,20,0.2,,60,6.737955534348055,0.22124597163053655,1.3509555
FBP,20,0.2,,61,6.530701132780016,0.22094419014497962,1.2729172
FBP,20,0.2,,62,6.598819322207605,0.11723094145916582,2.0767736
FBP,20,0.2,,63,6.260643339381931,0.17001193269887166,1.6085083
FBP,20,0.2,,64,6.460230264072903,0.22386743448666827,1.2942877
FBP,20,0.2,,65,6.604648195624413,0.10849546876342078,2.0357962
FBP,20,0.2,,66,6.053300105067465,0.18034525138961985,1.6175536
FBP,20,0.2,,67,6.298381093012216,0.18473080023749078,1.6160898
FBP,20,0.2,,68,6.777727432262032,0.27838757543443765,1.1375567
FBP,20,0.2,,69,6.415365748513536,0.2518418448258124,1.3684334
FBP,20,0.2,,70,6.1983763862764825,0.18815809356065843,1.5713146
FBP,20,0.2,,71,6.239099671360847,0.2905466292679,1.1371914
FBP,20,0.2,,72,6.589655422303846,0.21814589737767415,1.3842144
FBP,20,0.2,,73,6.3775504723672585,0.17129182878040386,1.3211515
FBP,20,0.2,,74,7.164001133530765,0.14094121528274375,1.7248659
FBP,20,0.2,,75,6.428987565730977,0.16290259163112436,1.5294445
FBP,20,0.2,,76,6.8848012231991245,0.12125178315474938,1.6798645
FBP,20,0.2,,77,6.528148055407879,0.19939634204812476,1.7624506
FBP,20,0.2,,78,6.800736211913411,0.190533537881804,1.5536103
FBP,20,0.2,,79,6.683487550931767,0.26331357620511026,1.1034049
FBP,20,0.2,,80,6.432341168553965,0.169834994318463,1.5873522
FBP,20,0.2,,81,6.592419640035109,0.17932394970506071,1.3862642
FBP,20,0.2,,82,6.57193950471723,0.2407407741277367,1.2145683
FBP,20,0.2,,83,6.581684209403336,0.1655402505532535,1.714401
FBP,20,0.2,,84,6.427018654155363,0.1901923891797602,1.4013473
FBP,20,0.2,,85,6.734430988143711,0.2547862136911044,1.141154
FBP,20,0.2,,86,6.800805596271551,0.2030413132149618,1.3510236
FBP,20,0.2,,87,6.701006600786955,0.22210348392475004,1.3558253
FBP,20,0.2,,88,6.529208433474778,0.18458966167070004,1.3800253
FBP,20,0.2,,89,6.274379307319635,0.1121796792964399,1.7908798
FBP,20,0.2,,90,6.747422612939116,0.25185891477684663,1.4113874
FBP,20,0.2,,91,6.06492094716404,0.11886200535920913,1.6559558
FBP,20,0.2,,92,6.189307350129663,0.08707627042646857,2.10923
FBP,20,0.2,,93,6.669738585000024,0.2272315265019872,1.1473346
FBP,20,0.2,,94,6.429971758880994,0.13103612846488288,1.4684746
FBP,20,0.2,,95,6.1597781483130625,0.22342387249296014,1.1509622
FBP,20,0.2,,96,6.3966718053817875,0.08698865712126452,2.1619036
FBP,20,0.2,,97,6.928140620979041,0.2685545999057981,1.2301322
FBP,20,0.2,,98,6.363970437978603,0.173444622727107,1.552437
FBP,20,0.2,,99,6.635985233866814,0.19168793814158333,1.2684536
FBP,20,0.2,,100,6.343149474775313,0.0978463877263733,1.879284
FBP,20,0.2,,101,6.525103062217617,0.23715553214465443,1.4241433
FBP,20,0.2,,102,6.481526816195801,0.20149088983533256,1.4014924
FBP,20,0.2,,103,6.355592294988947,0.23137882672317678,1.472899
FBP,20,0.2,,104,6.75766243255782,0.2029586555624532,1.5316268
FBP,20,0.2,,105,7.211615268801934,0.21940200039835958,1.5141557
FBP,20,0.2,,106,6.087447795023615,0.2236345690924785,1.4361061
FBP,20,0.2,,107,6.777467721345673,0.13544317513535795,1.9016927
FBP,20,0.2,,108,6.442602768449679,0.18909283525897863,1.5253068
FBP,20,0.2,,109,6.58562501087361,0.15045730452487713,1.6226457
FBP,20,0.2,,110,6.697346500393215,0.22186481494615168,1.3293699
FBP,20,0.2,,111,6.718908187061066,0.16191549230754207,1.6426048
FBP,20,0.2,,112,6.5510275655934835,0.14549116708628929,1.7153744
FBP,20,0.2,,113,7.052075000711443,0.21856008813351727,1.4149821
FBP,20,0.2,,114,6.7207509916191475,0.15896243488644768,1.6585069
FBP,20,0.2,,115,6.47055391019003,0.14245979013010165,1.7831051
FBP,20,0.2,,116,6.49587456293447,0.11324710152801143,1.908704
FBP,20,0.2,,117,6.790516983798907,0.2171217320345352,1.3835785
FBP,20,0.2,,118,6.731528726809167,0.1670249400286586,1.7941184
FBP,20,0.2,,119,6.317687263555001,0.19978881594199194,1.3576525
FBP,20,0.2,,120,6.698683375348665,0.2969643922330661,1.149496
FBP,20,0.2,,121,7.030498928799231,0.22340082784759102,1.5515205
FBP,20,0.2,,122,6.952952450136886,0.1524742014874068,1.9093497
FBP,20,0.2,,123,6.787567760291578,0.24776195630050543,1.4410013
FBP,20,0.2,,124,6.407267423376059,0.16095741122866877,1.4540358
FBP,20,0.2,,125,6.474213132543065,0.15525355776876984,1.7115993
FBP,20,0.2,,126,6.601037286055584,0.2754143560132819,1.3491814
FBP,20,0.2,,127,6.674631462755729,0.1971833005311566,1.3795437
FBP,20,0.2,,128,6.1222152658593085,0.18651299139063787,1.2031785
FBP,20,0.2,,129,6.652783370830903,0.1826690330062023,1.5223416
FBP,20,0.2,,130,6.405363388747683,0.21557914266660813,1.2224541
FBP,20,0.2,,131,6.297631390122456,0.25903360666951436,1.1577808
FBP,20,0.2,,132,6.4031241855698635,0.24160571187178354,1.1822608
FBP,20,0.2,,133,6.517158025965725,0.25300569820709196,1.2525083
FBP,20,0.2,,134,6.509207604190957,0.206233842378028,1.355954
FBP,20,0.2,,135,6.741504979974304,0.15048293622146502,1.6320821
FBP,20,0.2,,136,6.754468108323163,0.2512686917573183,1.4072359
FBP,20,0.2,,137,6.460102474512459,0.12404859437830122,1.5718532
FBP,20,0.2,,138,6.359689555041149,0.1698209138922732,1.39436
FBP,20,0.2,,139,6.560763169580614,0.18622846800062004,1.422547
FBP,20,0.2,,140,6.57921353147401,0.09498269220554342,1.916469
FBP,20,0.2,,141,6.375614356176033,0.13766353445564639,1.74608
FBP,20,0.2,,142,6.682856893791628,0.18285460383261648,1.5297401
FBP,20,0.2,,143,6.7784958949179765,0.0974608393736339,2.0958414
FBP,20,0.2,,144,6.371420424762894,0.14856402867972085,1.4800274
FBP,20,0.2,,145,6.464377025284763,0.10916149375965029,2.1990204
FBP,20,0.2,,146,6.698574037988548,0.2114007764099099,1.2613693
FBP,20,0.2,,147,6.651993430677119,0.261584553769556,1.1267585
FBP,20,0.2,,148,6.814876088819721,0.214721547857696,1.4490339
FBP,20,0.2,,149,6.554683209057449,0.12924667624770947,1.8588399
FBP,20,0.2,,150,6.33636742980571,0.1972765892094686,1.5420102
FBP,20,0.2,,151,6.462184023682555,0.20797240084090726,1.3346121
FBP,20,0.2,,152,6.9796208427089255,0.21447165652209005,1.5707521
FBP,20,0.2,,153,6.559495766045148,0.20960994310241096,1.6888927
FBP,20,0.2,,154,6.41553912815367,0.09585107335811129,2.3521929
FBP,20,0.2,,155,6.595253509068517,0.2374730225612198,1.2939541
FBP,20,0.2,,156,6.902914204591045,0.17847987998138443,1.508915
FBP,20,0.2,,157,6.661901580499148,0.21971151598193667,1.4652227
FBP,20,0.2,,158,6.4982533455247555,0.204132152831967,1.505198
FBP,20,0.2,,159,6.938954146282549,0.15537463628774406,1.8255769
FBP,20,0.2,,160,6.311081830925046,0.14950870779034914,1.4749721
FBP,20,0.2,,161,6.294640319683994,0.17247110205647923,1.4837338
FBP,20,0.2,,162,6.591028747529162,0.2749899487052643,1.1928056
FBP,20,0.2,,163,6.579204339343876,0.24783350919428043,1.2813482
FBP,20,0.2,,164,6.192147398151809,0.14381051525930294,1.5988836
FBP,20,0.2,,165,6.551135634821064,0.2862303973671107,1.2919693
FBP,20,0.2,,166,6.087710443574016,0.10820055281242426,1.6800528
FBP,20,0.2,,167,6.689029966047384,0.16078427760954941,1.7171313
FBP,20,0.2,,168,6.577254183801491,0.16665007548309696,1.8950961
FBP,20,0.2,,169,6.9171786880624255,0.20606717687513812,1.5890087
FBP,20,0.2,,170,6.474511846652278,0.13490284415706152,1.8254621
FBP,20,0.2,,171,6.742337599278243,0.22138028741846422,1.1906065
FBP,20,0.2,,172,6.52945171164096,0.22526801538086902,1.2840697
FBP,20,0.2,,173,6.914036751558099,0.16942238584427527,1.6488795
FBP,20,0.2,,174,6.433921610844045,0.17817144267217866,1.51723
FBP,20,0.2,,175,6.810414377673201,0.06896438945249257,2.7282133
FBP,20,0.2,,176,6.4568073872764575,0.09733341597382995,2.825959
FBP,20,0.2,,177,6.734505229987796,0.23490189601549755,1.3806221
FBP,20,0.2,,178,6.29225889071534,0.1277098792568338,2.01083
FBP,20,0.2,,179,7.007189968948958,0.2513337310991923,1.182078
FBP,20,0.2,,180,6.88356123607455,0.10656308229288627,2.00652
FBP,20,0.2,,181,6.609757500924482,0.22491846084001224,1.2789778
FBP,20,0.2,,182,6.9704831706638,0.1953543191573116,1.6271874
FBP,20,0.2,,183,6.413775432345136,0.2791074544767279,1.1658672
FBP,20,0.2,,184,6.612719649275468,0.22056159774380402,1.4848213
FBP,20,0.2,,185,6.762071073414205,0.16350974922902387,1.4962832
FBP,20,0.2,,186,6.215319431812761,0.2528473636231954,1.1685071
FBP,20,0.2,,187,6.8296613489644145,0.24719109700895256,1.3301277
FBP,20,0.2,,188,6.378453807981442,0.28508820834027077,1.1759231
FBP,20,0.2,,189,6.55046148978766,0.08110289846190182,2.4729736
FBP,20,0.2,,190,6.761007391065804,0.14791377938850808,1.494762
FBP,20,0.2,,191,6.47858480418844,0.12102732187050814,2.033264
FBP,20,0.2,,192,6.390196561759471,0.24422351840191311,1.3527598
FBP,20,0.2,,193,7.022788335242025,0.1951341644073599,1.5409209
FBP,20,0.2,,194,6.254672889196699,0.20684981214862191,1.3617101
FBP,20,0.2,,195,6.8291050791274,0.10189129102136547,2.1848645
FBP,20,0.2,,196,6.359627814927233,0.10577606382255669,1.6410924
FBP,20,0.2,,197,6.687667904166909,0.1953586780966215,1.2274585
FBP,20,0.2,,198,6.408822065590218,0.1272341555805773,1.701494
FBP,20,0.2,,199,6.708192263744809,0.2334998624169738,1.1134574
Tikhonov,20,0.2,0.1,0,12.622034318857159,0.23272837361844362,0.85115784
Tikhonov,20,0.2,0.1,1,11.745133862258905,0.32390760199172486,0.7347382
Tikhonov,20,0.2,0.1,2,14.723933700487235,0.21444629214611194,0.92762953
Tikhonov,20,0.2,0.1,3,11.765785465355725,0.4105803927305106,0.63415354
Tikhonov,20,0.2,0.1,4,13.504085032708188,0.3613932931390187,0.75588363
Tikhonov,20,0.2,0.1,5,13.822906438787408,0.177321328750006,0.83640367
Tikhonov,20,0.2,0.1,6,12.254240884916317,0.254896044958138,0.83162314
Tikhonov,20,0.2,0.1,7,12.947667882165106,0.2604905603584785,0.75559515
Tikhonov,20,0.2,0.1,8,12.38018665114531,0.4171318161315867,0.6582748
Tikhonov,20,0.2,0.1,9,12.139624959368494,0.34878527586871383,0.6718565
Tikhonov,20,0.2,0.1,10,11.70680458242659,0.36369587151804345,0.7358916
Tikhonov,20,0.2,0.1,11,11.863566246623245,0.30794806804855895,0.76460123
Tikhonov,20,0.2,0.1,12,12.34199715170911,0.25340511500428325,0.78387207
Tikhonov,20,0.2,0.1,13,11.62695900233403,0.34800218048770726,0.7423682
Tikhonov,20,0.2,0.1,14,13.514586558589079,0.24266484205136368,0.77310497
Tikhonov,20,0.2,0.1,15,12.605345503754972,0.3332289571672913,0.79692614
Tikhonov,20,0.2,0.1,16,12.556173732849516,0.34020130775569074,0.7595652
Tikhonov,20,0.2,0.1,17,12.715247439562793,0.2892693895683648,0.74139
Tikhonov,20,0.2,0.1,18,12.0193998465123,0.4514170094988018,0.6432999
Tikhonov,20,0.2,0.1,19,13.66929556152022,0.26051721028458763,0.8223826
Tikhonov,20,0.2,0.1,20,12.680957091869843,0.3424079085733046,0.66850287
Tikhonov,20,0.2,0.1,21,12.856974115235051,0.3027103654264863,0.7463285
Tikhonov,20,0.2,0.1,22,12.466671683520307,0.3210273037740599,0.7608049
Tikhonov,20,0.2,0.1,23,12.766365821721644,0.2841174702879478,0.79581016
Tikhonov,20,0.2,0.1,24,13.699468630443775,0.1944124500674541,0.95303625
Tikhonov,20,0.2,0.1,25,11.38429908908951,0.517045352037374,0.54865575
Tikhonov,20,0.2,0.1,26,12.50846183855452,0.14010929193072047,0.9616419
Tikhonov,20,0.2,0.1,27,12.776365731016309,0.3218355224259788,0.75190187
Tikhonov,20,0.2,0.1,28,11.755851934681296,0.4120816401633374,0.66445524
Tikhonov,20,0.2,0.1,29,14.16746802846246,0.20958156201833078,0.83907455
Tikhonov,20,0.2,0.1,30,12.827899454920948,0.3450265348763438,0.6963327
Tikhonov,20,0.2,0.1,31,14.555360077335774,0.20325077091989396,0.8817851
Tikhonov,20,0.2,0.1,32,11.732665070765542,0.26808820459601906,0.77224684
Tikhonov,20,0.2,0.1,33,12.476304944248115,0.35833340642168254,0.7454212
Tikhonov,20,0.2,0.1,34,12.288156230935545,0.341368150620988,0.7167272
Tikhonov,20,0.2,0.1,35,11.752062918108443,0.395450761712619,0.73906636
Tikhonov,20,0.2,0.1,36,12.574633042690571,0.3012159411817205,0.77332103
Tikhonov,20,0.2,0.1,37,13.446854537049626,0.17118187318258357,0.86837775
Tikhonov,20,0.2,0.1,38,12.212568280238775,0.1714420862930307,0.8978133
Tikhonov,20,0.2,0.1,39,13.508787668902073,0.22390024502652703,0.7415864
Tikhonov,20,0.2,0.1,40,14.977419191908385,0.1151458966115036,1.0887294
Tikhonov,20,0.2,0.1,41,12.578201085878874,0.20639308540557977,0.9031911
Tikhonov,20,0.2,0.1,42,12.807392301117131,0.3267865944526871,0.7136279
Tikhonov,20,0.2,0.1,43,13.465345068115122,0.25358217288354834,0.8428229
Tikhonov,20,0.2,0.1,44,13.173626100171793,0.2518596718024233,0.7760506
Tikhonov,20,0.2,0.1,45,12.558974786888594,0.2535110067489189,0.8471484
Tikhonov,20,0.2,0.1,46,13.306389649854015,0.26084861064298237,0.7436693
Tikhonov,20,0.2,0.1,47,12.700755186762462,0.1665041205539284,0.93467474
Tikhonov,20,0.2,0.1,48,11.932533655725074,0.40124061655353954,0.60263854
Tikhonov,20,0.2,0.1,49,13.104029255006695,0.3915648977847975,0.6901706
Tikhonov,20,0.2,0.1,50,13.145098038564084,0.30493145124410526,0.76264054
Tikhonov,20,0.2,0.1,51,11.11333934722496,0.3699860628452265,0.6836807
Tikhonov,20,0.2,0.1,52,12.723433765500584,0.33295093596025854,0.7467773
Tikhonov,20,0.2,0.1,53,13.164611555472746,0.28419704783459754,0.8801921
Tikhonov,20,0.2,0.1,54,11.46730769284418,0.37814035923593636,0.7038357
Tikhonov,20,0.2,0.1,55,11.674910556969078,0.3075176523131278,0.7558304
Tikhonov,20,0.2,0.1,56,13.083338981389474,0.424847918485502,0.6375802
Tikhonov,20,0.2,0.1,57,13.747248475426739,0.12128884128583758,0.994044
Tikhonov,20,0.2,0.1,58,12.7753864365235,0.36948227729581123,0.689893
Tikhonov,20,0.2,0.1,59,13.914118860974177,0.2089997460765111,0.94240975
Tikhonov,20,0.2,0.1,60,12.511241201273883,0.32761194023813245,0.6949871
Tikhonov,20,0.2,0.1,61,11.95644200880388,0.3710003645343428,0.6815741
Tikhonov,20,0.2,0.1,62,13.827341057027185,0.20820814592574727,0.9035727
Tikhonov,20,0.2,0.1,63,12.265429837619662,0.2678960019408452,0.80571973
Tikhonov,20,0.2,0.1,64,12.116025305062914,0.3952889384109008,0.6749026
Tikhonov,20,0.2,0.1,65,14.034031982370438,0.1980518348885326,0.86549604
Tikhonov,20,0.2,0.1,66,12.01605018155184,0.303044960310217,0.81418145
Tikhonov,20,0.2,0.1,67,12.620184029392698,0.30375382381415955,0.7805044
Tikhonov,20,0.2,0.1,68,12.233272752738273,0.40144122229901785,0.60700995
Tikhonov,20,0.2,0.1,69,11.612789301711736,0.4084941835459507,0.75223315
Tikhonov,20,0.2,0.1,70,12.565364638557273,0.30506941101196366,0.75494224
Tikhonov,20,0.2,0.1,71,11.53631260673189,0.5076188440680575,0.6179779
Tikhonov,20,0.2,0.1,72,12.04147012770984,0.36819807492509815,0.73894584
Tikhonov,20,0.2,0.1,73,12.01273935850633,0.29176210446311124,0.69054693
Tikhonov,20,0.2,0.1,74,14.428318721584496,0.2309318453828217,0.7473765
Tikhonov,20,0.2,0.1,75,12.64822101970064,0.29180827567432976,0.74743265
Tikhonov,20,0.2,0.1,76,12.853479742180923,0.21956160102619968,0.84496814
Tikhonov,20,0.2,0.1,77,13.360344179315044,0.3174383447355565,0.80261475
Tikhonov,20,0.2,0.1,78,13.491725844612377,0.2607846939876975,0.71910554
Tikhonov,20,0.2,0.1,79,12.28333185792884,0.44059518090673444,0.5790855
Tikhonov,20,0.2,0.1,80,12.931267866834466,0.2771364492245467,0.7511504
Tikhonov,20,0.2,0.1,81,12.225694763240131,0.3021296329450195,0.72473997
Tikhonov,20,0.2,0.1,82,11.592741251167187,0.3721763132925543,0.6813682
Tikhonov,20,0.2,0.1,83,13.18677141778911,0.27417717744465936,0.80141604
Tikhonov,20,0.2,0.1,84,11.787640931440208,0.3095939594566231,0.7559876
Tikhonov,20,0.2,0.1,85,12.11992194491396,0.40695205748027147,0.61386055
Tikhonov,20,0.2,0.1,86,12.912460070674348,0.328188891500999,0.6684674
Tikhonov,20,0.2,0.1,87,12.556549873551726,0.37673774301731083,0.6909181
Tikhonov,20,0.2,0.1,88,12.35007679801755,0.3502621877619088,0.7060633
Tikhonov,20,0.2,0.1,89,13.180784757285704,0.20145502318813638,0.80862325
Tikhonov,20,0.2,0.1,90,12.607354168255394,0.3726204988132481,0.7188689
Tikhonov,20,0.2,0.1,91,12.332776274776975,0.2260744956634159,0.8047407
Tikhonov,20,0.2,0.1,92,13.144524319097055,0.1555487690168151,0.94702864
Tikhonov,20,0.2,0.1,93,12.454580857025634,0.40415881154421346,0.5894514
Tikhonov,20,0.2,0.1,94,12.585375875744889,0.24701349303676362,0.72293
Tikhonov,20,0.2,0.1,95,11.882229402287031,0.41060989286830774,0.59557784
Tikhonov,20,0.2,0.1,96,14.28925003359989,0.19828191463223876,0.8713797
Tikhonov,20,0.2,0.1,97,12.681598370377532,0.37896598920976304,0.634277
Tikhonov,20,0.2,0.1,98,12.306195244580213,0.2818762964287555,0.7832541
Tikhonov,20,0.2,0.1,99,12.141285301094625,0.3527152623910222,0.6729915
Tikhonov,20,0.2,0.1,100,12.793727554666404,0.21416395760045945,0.8942594
Tikhonov,20,0.2,0.1,101,11.939796932430056,0.3639188746528065,0.76351756
Tikhonov,20,0.2,0.1,102,11.854736642953544,0.3308871761323982,0.7549709
Tikhonov,20,0.2,0.1,103,12.75733355348699,0.3987641084809597,0.7048325
Tikhonov,20,0.2,0.1,104,12.485742613233386,0.3073174375644353,0.7920434
Tikhonov,20,0.2,0.1,105,13.048108688856653,0.3216491696928507,0.77329624
Tikhonov,20,0.2,0.1,106,11.638555148783347,0.36789179538821126,0.75793356
Tikhonov,20,0.2,0.1,107,14.462333926446515,0.2466672137680907,0.78504956
Tikhonov,20,0.2,0.1,108,13.049168124340603,0.3152807056516289,0.7129006
Tikhonov,20,0.2,0.1,109,12.68483043642722,0.25325179851447616,0.80401367
Tikhonov,20,0.2,0.1,110,12.268118720788861,0.32543307995422593,0.7000149
Tikhonov,20,0.2,0.1,111,13.551482750849626,0.2460573490668688,0.7480048
Tikhonov,20,0.2,0.1,112,12.91583717495877,0.22959867814853538,0.8243629
Tikhonov,20,0.2,0.1,113,13.030890092849472,0.30978968428465403,0.71090275
Tikhonov,20,0.2,0.1,114,13.268442926690557,0.2653244830003395,0.7804277
Tikhonov,20,0.2,0.1,115,13.135973053532464,0.23716755039153634,0.82776296
Tikhonov,20,0.2,0.1,116,13.540235942281107,0.2172296354859528,0.8482434
Tikhonov,20,0.2,0.1,117,12.688726033815659,0.35082537808355946,0.70160604
Tikhonov,20,0.2,0.1,118,13.372249605709111,0.2587423627880097,0.8352472
Tikhonov,20,0.2,0.1,119,11.879402415330954,0.35197712380463336,0.71565366
Tikhonov,20,0.2,0.1,120,11.884504403066478,0.4589956017798688,0.632727
Tikhonov,20,0.2,0.1,121,13.28726335894573,0.3270895796130923,0.75495183
Tikhonov,20,0.2,0.1,122,14.674179602038965,0.2739790807661412,0.78491765
Tikhonov,20,0.2,0.1,123,12.667108207195813,0.34271696771043214,0.7322972
Tikhonov,20,0.2,0.1,124,12.219032556368816,0.2834891052538717,0.74470943
Tikhonov,20,0.2,0.1,125,13.175802919556727,0.26223956397671444,0.79126626
Tikhonov,20,0.2,0.1,126,11.719235197387432,0.37970793636696626,0.748446
Tikhonov,20,0.2,0.1,127,12.407798861678458,0.3314888490244774,0.71297956
Tikhonov,20,0.2,0.1,128,11.344187949200663,0.34801272887783824,0.6595253
Tikhonov,20,0.2,0.1,129,12.688573459957231,0.32170792829904615,0.7598408
Tikhonov,20,0.2,0.1,130,12.18629912041516,0.3947811732943276,0.6283271
Tikhonov,20,0.2,0.1,131,11.691867463074747,0.41234716990379827,0.6221778
Tikhonov,20,0.2,0.1,132,11.729103858485434,0.4234307995393164,0.6403454
Tikhonov,20,0.2,0.1,133,12.215656884691434,0.3990790955604023,0.6499137
Tikhonov,20,0.2,0.1,134,12.031509724267774,0.3135691629683328,0.71800894
Tikhonov,20,0.2,0.1,135,13.49121144292408,0.23038541463522186,0.7503376
Tikhonov,20,0.2,0.1,136,12.3004979790986,0.35805153729537675,0.74313104
Tikhonov,20,0.2,0.1,137,12.712641252064989,0.219140829121116,0.7652177
Tikhonov,20,0.2,0.1,138,11.855372392419952,0.28706624754097204,0.7406121
Tikhonov,20,0.2,0.1,139,11.91416399280297,0.27687443753824453,0.76806253
Tikhonov,20,0.2,0.1,140,13.076865301313166,0.18516525185627833,0.90702486
Tikhonov,20,0.2,0.1,141,12.476551949171434,0.19973832416254172,0.8650023
Tikhonov,20,0.2,0.1,142,12.314053755333187,0.29813777752554244,0.7999407
Tikhonov,20,0.2,0.1,143,14.596230335440383,0.18365011332928943,0.85206294
Tikhonov,20,0.2,0.1,144,12.118947131821074,0.28640568756770135,0.7636484
Tikhonov,20,0.2,0.1,145,14.109145968594435,0.19220836010058256,0.9119914
Tikhonov,20,0.2,0.1,146,12.211499024309905,0.3508549419552276,0.6686457
Tikhonov,20,0.2,0.1,147,11.706844711193598,0.42008819453874535,0.62963414
Tikhonov,20,0.2,0.1,148,12.328203839433161,0.325182990636872,0.76809007
Tikhonov,20,0.2,0.1,149,13.43268657363037,0.26046242660463165,0.84205765
Tikhonov,20,0.2,0.1,150,12.52357255131422,0.32495439011932636,0.7563573
Tikhonov,20,0.2,0.1,151,11.773148949134244,0.35529841009810303,0.72411376
Tikhonov,20,0.2,0.1,152,13.068291467035804,0.300161813311642,0.7792452
Tikhonov,20,0.2,0.1,153,12.998484286419638,0.29356462341513917,0.8047346
Tikhonov,20,0.2,0.1,154,14.056261024167586,0.15517626563222403,0.9759708
Tikhonov,20,0.2,0.1,155,12.441491535650776,0.4153044023194765,0.6600958
Tikhonov,20,0.2,0.1,156,13.30994403954817,0.3157109284064454,0.7216278
Tikhonov,20,0.2,0.1,157,12.290787773199497,0.31126695832772533,0.7664068
Tikhonov,20,0.2,0.1,158,12.990736558916478,0.36247895776016004,0.712803
Tikhonov,20,0.2,0.1,159,13.6977916224197,0.24251262318068242,0.8384134
Tikhonov,20,0.2,0.1,160,12.21369824817495,0.2755432897808405,0.74757195
Tikhonov,20,0.2,0.1,161,11.999441722993154,0.30802373774557146,0.76933575
Tikhonov,20,0.2,0.1,162,11.651445844089919,0.4100185471344792,0.6661144
Tikhonov,20,0.2,0.1,163,12.382887917814244,0.38872206087991107,0.65687543
Tikhonov,20,0.2,0.1,164,12.5922406434484,0.2925536152770217,0.76526564
Tikhonov,20,0.2,0.1,165,11.746230534263562,0.4001051249671029,0.7103909
Tikhonov,20,0.2,0.1,166,12.154619881787173,0.24889802678050676,0.8355596
Tikhonov,20,0.2,0.1,167,13.423667726179753,0.2628302346417235,0.79080904
Tikhonov,20,0.2,0.1,168,14.083380920773564,0.2287126343496409,0.7985919
Tikhonov,20,0.2,0.1,169,13.68170508329136,0.3290276446941413,0.7292895
Tikhonov,20,0.2,0.1,170,13.440996583711705,0.24186803262318415,0.81855637
Tikhonov,20,0.2,0.1,171,12.402571231509594,0.37744370222409535,0.6205211
Tikhonov,20,0.2,0.1,172,11.285464622072377,0.3386848039108297,0.7426564
Tikhonov,20,0.2,0.1,173,12.695743021830374,0.2635943121479741,0.8474296
Tikhonov,20,0.2,0.1,174,12.654376582107723,0.3113534267454984,0.7413592
Tikhonov,20,0.2,0.1,175,15.430593891924493,0.17352671514515147,1.0112752
Tikhonov,20,0.2,0.1,176,15.3366748880817,0.1709281722844837,1.0166523
Tikhonov,20,0.2,0.1,177,12.439912021739767,0.31896595207385986,0.7158211
Tikhonov,20,0.2,0.1,178,13.786360904423196,0.20111272457684246,0.8485361
Tikhonov,20,0.2,0.1,179,12.104290817064333,0.35545438963271414,0.65734154
Tikhonov,20,0.2,0.1,180,14.401936104890256,0.1975615473157098,0.84435433
Tikhonov,20,0.2,0.1,181,12.16706444287433,0.35204563392399596,0.67452437
Tikhonov,20,0.2,0.1,182,13.631579936161156,0.28689960010849086,0.75575787
Tikhonov,20,0.2,0.1,183,11.092537363981467,0.41774145260395257,0.6803165
Tikhonov,20,0.2,0.1,184,12.817916993729234,0.3293324711894832,0.726799
Tikhonov,20,0.2,0.1,185,12.196089786463705,0.25770249379336535,0.8004106
Tikhonov,20,0.2,0.1,186,11.439244249992672,0.3953090550043391,0.64037615
Tikhonov,20,0.2,0.1,187,12.195443045456326,0.3706295141807857,0.7171405
Tikhonov,20,0.2,0.1,188,11.412692645500693,0.443615896186886,0.6586686
Tikhonov,20,0.2,0.1,189,14.309474856774028,0.12997147493736197,1.0122057
Tikhonov,20,0.2,0.1,190,13.255593598258104,0.25689260333233843,0.7076894
Tikhonov,20,0.2,0.1,191,14.03434361033517,0.2140932146199056,0.85193366
Tikhonov,20,0.2,0.1,192,11.728247121612148,0.3633107583443858,0.73167485
Tikhonov,20,0.2,0.1,193,13.195471309705443,0.28610764418402496,0.7570877
Tikhonov,20,0.2,0.1,194,11.305632196947755,0.31843775728850215,0.7612664
Tikhonov,20,0.2,0.1,195,13.830689919227481,0.16604265336712515,0.975765
Tikhonov,20,0.2,0.1,196,12.586004093110786,0.17963057492399892,0.8013352
Tikhonov,20,0.2,0.1,197,12.482921447139772,0.34548055086147056,0.62986016
Tikhonov,20,0.2,0.1,198,12.584020909702103,0.20922182518576343,0.83573866
Tikhonov,20,0.2,0.1,199,12.041081082843668,0.41426907634025356,0.6026001
TV,20,0.2,0.03162277660168379,0,13.548626922492087,0.2480756274377831,0.7650335
TV,20,0.2,0.03162277660168379,1,12.886176798821573,0.38191147326286845,0.64428866
TV,20,0.2,0.03162277660168379,2,16.572156734151815,0.29676521279113577,0.749831
TV,20,0.2,0.03162277660168379,3,13.303560207669392,0.5207086973089998,0.5312583
TV,20,0.2,0.03162277660168379,4,14.317410365065072,0.4389172098736475,0.6883173
TV,20,0.2,0.03162277660168379,5,15.93001462789072,0.35300560856906915,0.65623677
TV,20,0.2,0.03162277660168379,6,12.864484067678053,0.2527076414173866,0.7752011
TV,20,0.2,0.03162277660168379,7,14.53703171466535,0.3403472564089851,0.6292468
TV,20,0.2,0.03162277660168379,8,14.856660941760405,0.5458093708348465,0.4949753
TV,20,0.2,0.03162277660168379,9,13.542281872951733,0.41981509405194034,0.5716678
TV,20,0.2,0.03162277660168379,10,12.628239805797401,0.4018927450413399,0.66182333
TV,20,0.2,0.03162277660168379,11,12.587300301893647,0.3072794976507478,0.70347446
TV,20,0.2,0.03162277660168379,12,13.91783715418547,0.3278969796402101,0.65381247
TV,20,0.2,0.03162277660168379,13,12.60184632382408,0.4010022175863307,0.663552
TV,20,0.2,0.03162277660168379,14,16.041418108501375,0.4789783786692462,0.5779588
TV,20,0.2,0.03162277660168379,15,13.09373763526298,0.3418915274180845,0.75335294
TV,20,0.2,0.03162277660168379,16,13.788344858231731,0.45045289439885217,0.65910786
TV,20,0.2,0.03162277660168379,17,14.222311756344157,0.4390389142370487,0.6232948
TV,20,0.2,0.03162277660168379,18,12.998895542460641,0.5539964593413925,0.5746966
TV,20,0.2,0.03162277660168379,19,14.747082044153077,0.2977913140064569,0.7264147
TV,20,0.2,0.03162277660168379,20,15.469468832186472,0.5096494275493276,0.48492843
TV,20,0.2,0.03162277660168379,21,14.060593381927939,0.4195556600467727,0.64975405
TV,20,0.2,0.03162277660168379,22,13.292683956523952,0.38595989102032036,0.6917875
TV,20,0.2,0.03162277660168379,23,13.363813629761207,0.3053877452505783,0.7429116
TV,20,0.2,0.03162277660168379,24,14.725179548564677,0.19262884850955322,0.8468838
TV,20,0.2,0.03162277660168379,25,13.659768906210045,0.6925074726685666,0.42220795
TV,20,0.2,0.03162277660168379,26,14.083198647594005,0.23824075582671853,0.80218863
TV,20,0.2,0.03162277660168379,27,13.901411554591194,0.4143097200854258,0.6605548
TV,20,0.2,0.03162277660168379,28,13.607336024574826,0.5446499787984909,0.5368977
TV,20,0.2,0.03162277660168379,29,16.15463593494032,0.28076829507762724,0.66748595
TV,20,0.2,0.03162277660168379,30,14.913615186492123,0.5480072936489322,0.54768515
TV,20,0.2,0.03162277660168379,31,16.92353826804724,0.3996535462952914,0.67135745
TV,20,0.2,0.03162277660168379,32,12.74355777395424,0.3620461838936911,0.68740314
TV,20,0.2,0.03162277660168379,33,13.20333062361258,0.42586711905826913,0.6855678
TV,20,0.2,0.03162277660168379,34,14.038421422169145,0.44695984825062807,0.58592314
TV,20,0.2,0.03162277660168379,35,12.78446529152208,0.413853468082139,0.6562409
TV,20,0.2,0.03162277660168379,36,13.638033703971741,0.34429219585154514,0.6842106
TV,20,0.2,0.03162277660168379,37,15.38745340805804,0.3053977291121615,0.69451034
TV,20,0.2,0.03162277660168379,38,13.393127441407982,0.23790781137082256,0.78371483
TV,20,0.2,0.03162277660168379,39,16.359226573830338,0.5571496084969624,0.53412116
TV,20,0.2,0.03162277660168379,40,16.437875036356314,0.2673021756545044,0.92023164
TV,20,0.2,0.03162277660168379,41,14.174320452305896,0.2840454775399518,0.7515773
TV,20,0.2,0.03162277660168379,42,14.335991049775336,0.5024452438285287,0.5984693
TV,20,0.2,0.03162277660168379,43,14.40975727576376,0.26293306756871204,0.75598943
TV,20,0.2,0.03162277660168379,44,14.594999745741461,0.3864158217892667,0.6589029
TV,20,0.2,0.03162277660168379,45,13.447395698246858,0.23356231164453217,0.76478344
TV,20,0.2,0.03162277660168379,46,16.883658231908353,0.4627927059513586,0.49262497
TV,20,0.2,0.03162277660168379,47,13.604895012632415,0.16439471580509063,0.8422742
TV,20,0.2,0.03162277660168379,48,14.113819691914475,0.5518831785391906,0.4688054
TV,20,0.2,0.03162277660168379,49,14.349423814648253,0.5128932203192524,0.59798014
TV,20,0.2,0.03162277660168379,50,14.110046290522074,0.42534157511527304,0.68245256
TV,20,0.2,0.03162277660168379,51,12.669776803082204,0.5142290781016129,0.57152003
TV,20,0.2,0.03162277660168379,52,13.623858996385394,0.37203736956143985,0.6732399
TV,20,0.2,0.03162277660168379,53,13.84872582207169,0.3085037927945856,0.8135265
TV,20,0.2,0.03162277660168379,54,12.304299527892832,0.4181116732357653,0.63917786
TV,20,0.2,0.03162277660168379,55,12.342750759230796,0.3041372977246238,0.69989413
TV,20,0.2,0.03162277660168379,56,14.702392856228396,0.5545593201434615,0.529154
TV,20,0.2,0.03162277660168379,57,15.774230011483965,0.22049748792959095,0.78714824
TV,20,0.2,0.03162277660168379,58,14.599932105995322,0.47928411528287257,0.55918366
TV,20,0.2,0.03162277660168379,59,15.080613728760321,0.2665977683835923,0.8239769
TV,20,0.2,0.03162277660168379,60,14.689085929934036,0.5293452227702681,0.5408596
TV,20,0.2,0.03162277660168379,61,13.654289569480396,0.512214734205064,0.5605582
TV,20,0.2,0.03162277660168379,62,14.935630507999031,0.20583234402754685,0.79533225
TV,20,0.2,0.03162277660168379,63,13.199770685681518,0.2630218718506272,0.7235473
TV,20,0.2,0.03162277660168379,64,13.20584143492402,0.4518792589304753,0.5953197
TV,20,0.2,0.03162277660168379,65,15.916370243484998,0.4000647979331059,0.6968642
TV,20,0.2,0.03162277660168379,66,12.606654454310105,0.32072116725035166,0.76066065
TV,20,0.2,0.03162277660168379,67,14.114004571014053,0.36663503462658215,0.65718
TV,20,0.2,0.03162277660168379,68,14.688673120903754,0.572477989291295,0.45753655
TV,20,0.2,0.03162277660168379,69,12.315547440139305,0.44018554980832336,0.69376844
TV,20,0.2,0.03162277660168379,70,13.776282658787341,0.4128151743193898,0.6567012
TV,20,0.2,0.03162277660168379,71,14.264735780304608,0.7077846909742822,0.45138985
TV,20,0.2,0.03162277660168379,72,13.785569704081325,0.4900258683625028,0.6045158
TV,20,0.2,0.03162277660168379,73,14.034962460479047,0.48322370485991933,0.5471193
TV,20,0.2,0.03162277660168379,74,16.764936919564647,0.3790336506546346,0.5710953
TV,20,0.2,0.03162277660168379,75,13.642068803999411,0.33565202900323987,0.66662204
TV,20,0.2,0.03162277660168379,76,13.83831922015611,0.34685403515861013,0.75439423
TV,20,0.2,0.03162277660168379,77,14.16105989302972,0.38532208415154323,0.731933
TV,20,0.2,0.03162277660168379,78,14.899763234908237,0.38726113285880903,0.611492
TV,20,0.2,0.03162277660168379,79,15.380511526491503,0.6795053242397646,0.40539998
TV,20,0.2,0.03162277660168379,80,14.517693923431477,0.39634077982248356,0.6257569
TV,20,0.2,0.03162277660168379,81,13.602643687974666,0.37457840403934944,0.61849296
TV,20,0.2,0.03162277660168379,82,13.926868095684242,0.5223137032324092,0.5208054
TV,20,0.2,0.03162277660168379,83,14.97650591501191,0.38555068599140396,0.6521858
TV,20,0.2,0.03162277660168379,84,12.585479709434694,0.3487146689298212,0.6896404
TV,20,0.2,0.03162277660168379,85,14.634270207558576,0.5637976561763424,0.45957074
TV,20,0.2,0.03162277660168379,86,15.105581650621618,0.5028867897554012,0.51930696
TV,20,0.2,0.03162277660168379,87,13.848124768803853,0.485532263587787,0.5954535
TV,20,0.2,0.03162277660168379,88,13.831599578499414,0.5422596384147962,0.59534335
TV,20,0.2,0.03162277660168379,89,15.597261039531094,0.43488098885980675,0.612241
TV,20,0.2,0.03162277660168379,90,14.244197552580221,0.5355054870375802,0.5953982
TV,20,0.2,0.03162277660168379,91,13.962195291518576,0.33045294877451514,0.6670909
TV,20,0.2,0.03162277660168379,92,14.598893487983709,0.2325546225522637,0.80102247
TV,20,0.2,0.03162277660168379,93,15.287932299270722,0.5803194058002387,0.42538327
TV,20,0.2,0.03162277660168379,94,14.969576215857053,0.48270325054461355,0.54939693
TV,20,0.2,0.03162277660168379,95,14.033543650692993,0.5679833709055698,0.4649142
TV,20,0.2,0.03162277660168379,96,16.810570828113566,0.4169921484965377,0.65184057
TV,20,0.2,0.03162277660168379,97,15.27872199989024,0.5218668607745367,0.47035173
TV,20,0.2,0.03162277660168379,98,13.288855396830899,0.3477088064443578,0.69947094
TV,20,0.2,0.03162277660168379,99,14.030811953081614,0.5378536049815733,0.5414187
TV,20,0.2,0.03162277660168379,100,13.939146538012867,0.26045874308473393,0.7837771
TV,20,0.2,0.03162277660168379,101,12.798143412490857,0.3922818499489318,0.69167435
TV,20,0.2,0.03162277660168379,102,12.45310269626842,0.4341802471468883,0.7047124
TV,20,0.2,0.03162277660168379,103,15.101876461600298,0.5478344088155571,0.53809476
TV,20,0.2,0.03162277660168379,104,13.414099990318064,0.35531964515315895,0.7117559
TV,20,0.2,0.03162277660168379,105,13.809509171039638,0.33677415781025316,0.70839566
TV,20,0.2,0.03162277660168379,106,12.634172505669834,0.39638802369569204,0.6758499
TV,20,0.2,0.03162277660168379,107,17.276693941518428,0.5664365497612094,0.56777865
TV,20,0.2,0.03162277660168379,108,14.669432371512778,0.4536020494426549,0.5915831
TV,20,0.2,0.03162277660168379,109,13.491022182944974,0.315603259236269,0.73274666
TV,20,0.2,0.03162277660168379,110,13.423979402894282,0.36053069937235316,0.6127936
TV,20,0.2,0.03162277660168379,111,15.145547495988698,0.412375049789021,0.62258863
TV,20,0.2,0.03162277660168379,112,14.342621966528066,0.3376552482060549,0.69948626
TV,20,0.2,0.03162277660168379,113,14.5108691346306,0.4120867079930103,0.59953046
TV,20,0.2,0.03162277660168379,114,15.413515508972914,0.46043456462260013,0.6096478
TV,20,0.2,0.03162277660168379,115,14.519234386409332,0.30485521908200053,0.70589954
TV,20,0.2,0.03162277660168379,116,15.237460091352764,0.40121603621638835,0.6976849
TV,20,0.2,0.03162277660168379,117,14.487897796293511,0.46447718856669334,0.5703412
TV,20,0.2,0.03162277660168379,118,14.566539867343153,0.3439131744771432,0.7279483
TV,20,0.2,0.03162277660168379,119,13.47008427504342,0.47400006413034523,0.5958937
TV,20,0.2,0.03162277660168379,120,13.889610530019212,0.5776869666460548,0.5022976
TV,20,0.2,0.03162277660168379,121,14.337556219105815,0.3972757883915439,0.66896695
TV,20,0.2,0.03162277660168379,122,17.1673480476561,0.44718138485053005,0.58906835
TV,20,0.2,0.03162277660168379,123,13.674845951008637,0.4288174844676944,0.65207934
TV,20,0.2,0.03162277660168379,124,13.699688029551167,0.3823273943584775,0.627992
TV,20,0.2,0.03162277660168379,125,14.155167060851221,0.2868519946831771,0.7068942
TV,20,0.2,0.03162277660168379,126,12.528833036662522,0.4020711996551451,0.68183696
TV,20,0.2,0.03162277660168379,127,14.05791543870449,0.45571441373589144,0.5896187
TV,20,0.2,0.03162277660168379,128,12.635657059719245,0.45008318313235834,0.56840515
TV,20,0.2,0.03162277660168379,129,13.685713644225196,0.3914598255099061,0.67743176
TV,20,0.2,0.03162277660168379,130,15.553544059520048,0.6063749980486204,0.4264062
TV,20,0.2,0.03162277660168379,131,13.709161333836374,0.5441968394946697,0.49323037
TV,20,0.2,0.03162277660168379,132,13.601068277830999,0.5945759213169698,0.51619774
TV,20,0.2,0.03162277660168379,133,14.320034647068633,0.5343314239073137,0.51007825
TV,20,0.2,0.03162277660168379,134,13.115234143782605,0.38466893363093274,0.63378745
TV,20,0.2,0.03162277660168379,135,17.14769464135228,0.4739247152758839,0.49252984
TV,20,0.2,0.03162277660168379,136,13.436266240077028,0.41775684134089647,0.6520441
TV,20,0.2,0.03162277660168379,137,15.799472045720064,0.5121735013591574,0.53634405
TV,20,0.2,0.03162277660168379,138,13.42041895828864,0.4038038494818015,0.61849827
TV,20,0.2,0.03162277660168379,139,13.145429583347559,0.3993897944538046,0.6665509
TV,20,0.2,0.03162277660168379,140,14.377535150556984,0.21745316681215415,0.7808825
TV,20,0.2,0.03162277660168379,141,13.582122567365627,0.2328737890630759,0.76162064
TV,20,0.2,0.03162277660168379,142,13.340751119431971,0.36639783405535276,0.71075994
TV,20,0.2,0.03162277660168379,143,16.493667056704982,0.4320432147592516,0.6848569
TV,20,0.2,0.03162277660168379,144,13.652328256056645,0.38841015649316335,0.6400655
TV,20,0.2,0.03162277660168379,145,16.399261576746373,0.34110384579502695,0.700624
TV,20,0.2,0.03162277660168379,146,13.569616123211816,0.5021100437123938,0.5718606
TV,20,0.2,0.03162277660168379,147,13.182750192259508,0.508665152815313,0.5312427
TV,20,0.2,0.03162277660168379,148,12.92298468488397,0.32484596893222306,0.7172542
TV,20,0.2,0.03162277660168379,149,14.089452545692382,0.31735129424757835,0.7807348
TV,20,0.2,0.03162277660168379,150,14.061442371968628,0.4746474768538418,0.63362676
TV,20,0.2,0.03162277660168379,151,12.847654730178368,0.45160475534559874,0.63985485
TV,20,0.2,0.03162277660168379,152,13.95132693900327,0.3248139675042769,0.70391846
TV,20,0.2,0.03162277660168379,153,13.779359727104097,0.2876530953438583,0.7355444
TV,20,0.2,0.03162277660168379,154,16.58555974964048,0.32308605980241817,0.7294103
TV,20,0.2,0.03162277660168379,155,14.591509130173941,0.6227237166373121,0.5153545
TV,20,0.2,0.03162277660168379,156,14.403015402919571,0.5028577090242458,0.6362968
TV,20,0.2,0.03162277660168379,157,13.2093975292202,0.3760697518772165,0.6894914
TV,20,0.2,0.03162277660168379,158,14.944082161298155,0.5095531871055387,0.5692489
TV,20,0.2,0.03162277660168379,159,15.374507123191439,0.31006150709141395,0.69122976
TV,20,0.2,0.03162277660168379,160,13.620130831742664,0.45452609826177587,0.63581586
TV,20,0.2,0.03162277660168379,161,12.73878288359449,0.3897574136146341,0.7065597
TV,20,0.2,0.03162277660168379,162,13.71470561063369,0.5505858096525613,0.5252739
TV,20,0.2,0.03162277660168379,163,13.681879474704743,0.5003420601154003,0.5656313
TV,20,0.2,0.03162277660168379,164,14.25895476759407,0.40405091896524736,0.63165003
TV,20,0.2,0.03162277660168379,165,12.755243678737955,0.4625354432233763,0.63248
TV,20,0.2,0.03162277660168379,166,13.006981774317318,0.3019248429509164,0.7574594
TV,20,0.2,0.03162277660168379,167,14.463264288350455,0.33977375942891397,0.70160353
TV,20,0.2,0.03162277660168379,168,17.305645497187808,0.36463083360285964,0.5510762
TV,20,0.2,0.03162277660168379,169,14.969598799250871,0.5002408310316572,0.6287894
TV,20,0.2,0.03162277660168379,170,14.617731544252191,0.31009413813627956,0.71484494
TV,20,0.2,0.03162277660168379,171,15.164215541084731,0.5761009211963946,0.45151722
TV,20,0.2,0.03162277660168379,172,12.460010370883818,0.4143027546578655,0.648725
TV,20,0.2,0.03162277660168379,173,13.42381802345502,0.3208961371740823,0.7792914
TV,20,0.2,0.03162277660168379,174,13.958162925840865,0.4447073599018822,0.6380274
TV,20,0.2,0.03162277660168379,175,17.188916104056375,0.3213497490200218,0.825949
TV,20,0.2,0.03162277660168379,176,16.970116588739288,0.19141652598346426,0.84236515
TV,20,0.2,0.03162277660168379,177,13.471081933136116,0.4018908486450678,0.6356909
TV,20,0.2,0.03162277660168379,178,15.654737703292355,0.3332252248910062,0.6843077
TV,20,0.2,0.03162277660168379,179,13.426403897512165,0.45599045701375934,0.564528
TV,20,0.2,0.03162277660168379,180,16.90503357043874,0.3575575179142001,0.6329507
TV,20,0.2,0.03162277660168379,181,13.382667814401373,0.45349435364992996,0.5864318
TV,20,0.2,0.03162277660168379,182,15.53846137478348,0.44057603257641864,0.6067903
TV,20,0.2,0.03162277660168379,183,12.407292887587646,0.5567812071013946,0.584754
TV,20,0.2,0.03162277660168379,184,13.819374575565542,0.3987845690218579,0.6476516
TV,20,0.2,0.03162277660168379,185,13.506918076400598,0.3389467787166106,0.68828994
TV,20,0.2,0.03162277660168379,186,13.59262432013548,0.5209917575947138,0.49976537
TV,20,0.2,0.03162277660168379,187,13.738298337932697,0.49549026253213724,0.60042876
TV,20,0.2,0.03162277660168379,188,13.299989151775424,0.6103162623675875,0.53003204
TV,20,0.2,0.03162277660168379,189,16.361241064808297,0.20800591767443274,0.799246
TV,20,0.2,0.03162277660168379,190,16.042311570760354,0.5547321752867804,0.5134602
TV,20,0.2,0.03162277660168379,191,16.11283690596707,0.340199621325606,0.6706272
TV,20,0.2,0.03162277660168379,192,12.785911532750205,0.4368380253595995,0.64779097
TV,20,0.2,0.03162277660168379,193,14.871253958852805,0.3947230666592738,0.6242479
TV,20,0.2,0.03162277660168379,194,12.24142383669559,0.3853933706401928,0.6835135
TV,20,0.2,0.03162277660168379,195,14.782821511017827,0.1842400003742948,0.8744574
TV,20,0.2,0.03162277660168379,196,15.326827882770047,0.32130460008523765,0.5844845
TV,20,0.2,0.03162277660168379,197,14.682941322886327,0.5658054594359406,0.48892602
TV,20,0.2,0.03162277660168379,198,13.99269864929236,0.306061037402881,0.7106186
TV,20,0.2,0.03162277660168379,199,14.803804294465726,0.6113787083425953,0.43842268
