method,img,psnr,ssim,rel,dataset
FBP,0,15.87997540750396,0.49716752412718623,0.58494234,MNIST (in-dist)
FBP,1,15.431561735276896,0.6114202789079676,0.4806304,MNIST (in-dist)
FBP,2,15.614722270794413,0.29946504066484064,0.83721143,MNIST (in-dist)
FBP,3,16.097151561685138,0.7105388867093105,0.38514665,MNIST (in-dist)
FBP,4,15.270979895957543,0.5309819710115741,0.6167515,MNIST (in-dist)
FBP,5,16.03116006640405,0.36084265256200027,0.6486393,MNIST (in-dist)
FBP,6,15.421439138256556,0.5780863119194083,0.5775195,MNIST (in-dist)
FBP,7,15.332946616045033,0.4679399458168932,0.57414985,MNIST (in-dist)
FBP,8,15.960626964729812,0.6495307469119949,0.43589836,MNIST (in-dist)
FBP,9,15.293003118775896,0.581675777400419,0.46731275,MNIST (in-dist)
FBP,10,15.359639370728328,0.7078673138091613,0.48325026,MNIST (in-dist)
FBP,11,15.069483072032765,0.6544957063502987,0.52861464,MNIST (in-dist)
FBP,12,15.529091586645658,0.5217440794108107,0.54311335,MNIST (in-dist)
FBP,13,15.408636071232566,0.6865154801841925,0.4803253,MNIST (in-dist)
FBP,14,15.8103459808677,0.3651751129034907,0.59354067,MNIST (in-dist)
FBP,15,14.68754132231446,0.5925907806577767,0.6270588,MNIST (in-dist)
FBP,16,15.045558724287314,0.5589395461194261,0.57029,MNIST (in-dist)
FBP,17,16.208430752653413,0.545969207810569,0.49589252,MNIST (in-dist)
FBP,18,15.026523328005004,0.6870388697029101,0.45504808,MNIST (in-dist)
FBP,19,15.819200244687952,0.4663232513381099,0.64206463,MNIST (in-dist)
FBP,20,15.52365440597961,0.5351811134685043,0.48191273,MNIST (in-dist)
FBP,21,15.635935578070185,0.5443397388660757,0.5419783,MNIST (in-dist)
FBP,22,14.911693921904163,0.5828850728212575,0.57414573,MNIST (in-dist)
FBP,23,15.6192151085624,0.5589738687708293,0.5730164,MNIST (in-dist)
FBP,24,15.475361403712977,0.45416961555663365,0.7768099,MNIST (in-dist)
FBP,25,15.548545043610972,0.8135612692498969,0.3396938,MNIST (in-dist)
FBP,26,16.195231864216996,0.44590686208491304,0.62903506,MNIST (in-dist)
FBP,27,15.535737127784673,0.5568471492811377,0.5472586,MNIST (in-dist)
FBP,28,15.316927528917565,0.6858735438392374,0.44097295,MNIST (in-dist)
FBP,29,15.628633422367507,0.32557319380294975,0.70915675,MNIST (in-dist)
FBP,30,15.14764348191125,0.533743890910241,0.5331257,MNIST (in-dist)
FBP,31,15.938153575160172,0.30906680732913033,0.75200903,MNIST (in-dist)
FBP,32,15.883928906522893,0.6053372028235429,0.4788428,MNIST (in-dist)
FBP,33,15.636108229192116,0.615026263201122,0.5180975,MNIST (in-dist)
FBP,34,15.81802788275536,0.5911307397329423,0.47737572,MNIST (in-dist)
FBP,35,15.239247825186142,0.7067372027025661,0.49467975,MNIST (in-dist)
FBP,36,15.329085863921199,0.5482488845434489,0.563167,MNIST (in-dist)
FBP,37,16.278440105360513,0.35909514885921556,0.6268006,MNIST (in-dist)
FBP,38,15.595817334038875,0.527508295402193,0.60816807,MNIST (in-dist)
FBP,39,16.01791552544707,0.39436286364798434,0.5555272,MNIST (in-dist)
FBP,40,15.468614709153375,0.24916836992263952,1.0288693,MNIST (in-dist)
FBP,41,15.981499787288545,0.49079058244550205,0.61040026,MNIST (in-dist)
FBP,42,15.565391950985441,0.5614740087765027,0.5194836,MNIST (in-dist)
FBP,43,15.245162187792483,0.46107999837498154,0.6866659,MNIST (in-dist)
FBP,44,15.977657501506968,0.460370713129326,0.5619381,MNIST (in-dist)
FBP,45,16.337338001699386,0.5907576293341791,0.5483292,MNIST (in-dist)
FBP,46,15.710338167128967,0.4108461312582733,0.5638744,MNIST (in-dist)
FBP,47,14.988581614258191,0.45753235257029135,0.7182393,MNIST (in-dist)
FBP,48,15.416284163242882,0.6361800319767301,0.40352398,MNIST (in-dist)
FBP,49,15.034827092622189,0.5871339780044591,0.55260724,MNIST (in-dist)
FBP,50,15.348018729224563,0.498847085574446,0.5917985,MNIST (in-dist)
FBP,51,15.283131825034426,0.7290546050776769,0.42302272,MNIST (in-dist)
FBP,52,14.517869594016341,0.5679137331108521,0.6073924,MNIST (in-dist)
FBP,53,15.058847700470661,0.5422620430484634,0.7077268,MNIST (in-dist)
FBP,54,14.970896896155114,0.7029013756616547,0.47020996,MNIST (in-dist)
FBP,55,15.922405169617518,0.6437346772780841,0.46349987,MNIST (in-dist)
FBP,56,15.738666623459615,0.6338479717030943,0.46964362,MNIST (in-dist)
FBP,57,15.312760019038642,0.30245635376592295,0.8300993,MNIST (in-dist)
FBP,58,15.666145345821178,0.5875103058436455,0.4945883,MNIST (in-dist)
FBP,59,15.704676177139321,0.37677768562865793,0.7668526,MNIST (in-dist)
FBP,60,15.598466841636808,0.5093362330269523,0.48709702,MNIST (in-dist)
FBP,61,15.115298077054632,0.6422442828437597,0.47377297,MNIST (in-dist)
FBP,62,15.449337748704593,0.42650032413758177,0.7496581,MNIST (in-dist)
FBP,63,15.421612205353155,0.5618669966545797,0.5602409,MNIST (in-dist)
FBP,64,15.320375204425215,0.6572265241590708,0.4666847,MNIST (in-dist)
FBP,65,16.243986265119755,0.4139700171281295,0.6710693,MNIST (in-dist)
FBP,66,14.534287489019205,0.6064040872794473,0.6092693,MNIST (in-dist)
FBP,67,15.672164794480052,0.5698557167628122,0.5492579,MNIST (in-dist)
FBP,68,15.685161572357195,0.622890388963009,0.40794474,MNIST (in-dist)
FBP,69,15.049127348080432,0.6819340155393434,0.5064488,MNIST (in-dist)
FBP,70,15.767907537730064,0.5500430646992874,0.52213955,MNIST (in-dist)
FBP,71,15.147153200099924,0.7702095552351148,0.4077847,MNIST (in-dist)
FBP,72,14.668829852891518,0.6231603566632935,0.54606533,MNIST (in-dist)
FBP,73,15.51150464195625,0.5501480101161441,0.46158844,MNIST (in-dist)
FBP,74,15.704519607866658,0.35578175535135587,0.64525205,MNIST (in-dist)
FBP,75,15.647054738959028,0.5378380928607441,0.52921283,MNIST (in-dist)
FBP,76,15.446120559982091,0.48983263545663003,0.62691444,MNIST (in-dist)
FBP,77,14.909104142966203,0.5445098964066782,0.67153573,MNIST (in-dist)
FBP,78,15.262506340727818,0.43074045027582136,0.58648056,MNIST (in-dist)
FBP,79,15.62271989232399,0.652013487221493,0.39425144,MNIST (in-dist)
FBP,80,16.285132528301908,0.4830262977509636,0.51054466,MNIST (in-dist)
FBP,81,15.843869013966273,0.5885848834806878,0.4778301,MNIST (in-dist)
FBP,82,14.810429968718848,0.6638085417581043,0.4704326,MNIST (in-dist)
FBP,83,15.281805734653961,0.4558055713467424,0.62966037,MNIST (in-dist)
FBP,84,14.886931620221029,0.6297688361325624,0.529115,MNIST (in-dist)
FBP,85,15.669349291394903,0.6738499559039103,0.40794194,MNIST (in-dist)
FBP,86,16.070039615776803,0.5108504681658574,0.46473056,MNIST (in-dist)
FBP,87,15.32434309568863,0.604128998461833,0.50238526,MNIST (in-dist)
FBP,88,15.104444507909637,0.5814033022426944,0.5141919,MNIST (in-dist)
FBP,89,15.83821291051456,0.3897258129257931,0.5954904,MNIST (in-dist)
FBP,90,15.539533995355663,0.6280376665668912,0.5129094,MNIST (in-dist)
FBP,91,15.679621301770384,0.5241069534663851,0.54741126,MNIST (in-dist)
FBP,92,15.313248622023856,0.4395446166245691,0.73778003,MNIST (in-dist)
FBP,93,15.42932736038355,0.5994273759355836,0.41851467,MNIST (in-dist)
FBP,94,15.87844763117274,0.4303064552022838,0.49481475,MNIST (in-dist)
FBP,95,15.425460379840558,0.6772439187416766,0.39607456,MNIST (in-dist)
FBP,96,16.53474029781562,0.35138170775270217,0.6728727,MNIST (in-dist)
FBP,97,16.227872846226226,0.5905203909387938,0.42166272,MNIST (in-dist)
FBP,98,15.731282912980525,0.5689925014685737,0.52801746,MNIST (in-dist)
FBP,99,15.15549153308437,0.6070457730066281,0.4756629,MNIST (in-dist)
FBP,100,14.851641007099214,0.5261119483952187,0.7056151,MNIST (in-dist)
FBP,101,14.876818359938655,0.6567333926130322,0.54446244,MNIST (in-dist)
FBP,102,14.934175339010554,0.6301767648122425,0.5296126,MNIST (in-dist)
FBP,103,15.556861118359588,0.6073192140711474,0.5106338,MNIST (in-dist)
FBP,104,15.652328196688783,0.5727866416714541,0.5500722,MNIST (in-dist)
FBP,105,15.420466317094697,0.5329790824256002,0.588475,MNIST (in-dist)
FBP,106,15.258113301726532,0.7187507601231404,0.49963543,MNIST (in-dist)
FBP,107,15.972766348560508,0.37871146723707416,0.659744,MNIST (in-dist)
FBP,108,15.925147209679329,0.5126769010793328,0.5119529,MNIST (in-dist)
FBP,109,15.101740609044516,0.5384141272666921,0.6087205,MNIST (in-dist)
FBP,110,14.843989876055224,0.5638360281005619,0.52037174,MNIST (in-dist)
FBP,111,15.8366847488056,0.42403885318122203,0.5749688,MNIST (in-dist)
FBP,112,15.821346504639934,0.4701019026795936,0.58998764,MNIST (in-dist)
FBP,113,16.11786176098186,0.5206291362405601,0.49826643,MNIST (in-dist)
FBP,114,15.385054971608662,0.45093494653644656,0.61164874,MNIST (in-dist)
FBP,115,16.332924532890004,0.4707488966017359,0.5728731,MNIST (in-dist)
FBP,116,16.257102386005098,0.44577036531447733,0.6204077,MNIST (in-dist)
FBP,117,16.011543004913506,0.5943664685588028,0.47857773,MNIST (in-dist)
FBP,118,15.437133138862084,0.47061893047373077,0.65852284,MNIST (in-dist)
FBP,119,15.988934359595879,0.6756173633170988,0.4458885,MNIST (in-dist)
FBP,120,15.396247924586879,0.723099176081685,0.4223079,MNIST (in-dist)
FBP,121,15.861284371758122,0.5372350185702811,0.56132996,MNIST (in-dist)
FBP,122,15.898554956555929,0.3929620835473888,0.6817188,MNIST (in-dist)
FBP,123,15.109007464548274,0.5651581896412353,0.55283093,MNIST (in-dist)
FBP,124,16.296321845910157,0.5347723627813191,0.46571732,MNIST (in-dist)
FBP,125,15.44101165513615,0.4827764809867877,0.60962427,MNIST (in-dist)
FBP,126,15.720603944210641,0.733792590710271,0.47216305,MNIST (in-dist)
FBP,127,15.469785135454314,0.5886673830998104,0.5011616,MNIST (in-dist)
FBP,128,14.847762319441076,0.659883622224795,0.44060835,MNIST (in-dist)
FBP,129,15.193757235214665,0.5690020911513649,0.5694603,MNIST (in-dist)
FBP,130,15.747387520901885,0.6247961403699092,0.41699547,MNIST (in-dist)
FBP,131,15.002951280573102,0.6702339707430951,0.424972,MNIST (in-dist)
FBP,132,15.673642166353352,0.7141323666664227,0.4066187,MNIST (in-dist)
FBP,133,15.771903696068026,0.6615564360591552,0.4315622,MNIST (in-dist)
FBP,134,15.11392406055559,0.5874216614902553,0.50351125,MNIST (in-dist)
FBP,135,16.73180661182504,0.39886919932851467,0.5166863,MNIST (in-dist)
FBP,136,15.578202205427424,0.6305230831846327,0.5095423,MNIST (in-dist)
FBP,137,15.469355938406906,0.4219965493021913,0.5571207,MNIST (in-dist)
FBP,138,15.543182699148597,0.6252243823263229,0.48439568,MNIST (in-dist)
FBP,139,14.585913289572659,0.5397781248498815,0.56468874,MNIST (in-dist)
FBP,140,15.178841780332224,0.41882720381083294,0.7120662,MNIST (in-dist)
FBP,141,15.976940995512605,0.47444642458170216,0.5780931,MNIST (in-dist)
FBP,142,15.133281842948339,0.603999899849411,0.57822436,MNIST (in-dist)
FBP,143,16.319116680846527,0.33763776492752706,0.6987589,MNIST (in-dist)
FBP,144,15.218928774352037,0.546427936063962,0.5344343,MNIST (in-dist)
FBP,145,15.962315797575846,0.32249623955533385,0.7367706,MNIST (in-dist)
FBP,146,14.805517249779765,0.6008104484224698,0.49601537,MNIST (in-dist)
FBP,147,15.360088627579314,0.7374875626709213,0.41345292,MNIST (in-dist)
FBP,148,15.200873609238784,0.6082714357619483,0.55179614,MNIST (in-dist)
FBP,149,15.921192478170976,0.5201472414346351,0.63229024,MNIST (in-dist)
FBP,150,15.494911742571627,0.5602165720380027,0.5372297,MNIST (in-dist)
FBP,151,15.54222975345316,0.6978752227712166,0.46919432,MNIST (in-dist)
FBP,152,15.119510568637555,0.5323107975125236,0.6153372,MNIST (in-dist)
FBP,153,15.4167227609728,0.5620396410144889,0.6091732,MNIST (in-dist)
FBP,154,16.700485853024198,0.3167172688933706,0.7198227,MNIST (in-dist)
FBP,155,15.521244668738717,0.6509291817927695,0.46304086,MNIST (in-dist)
FBP,156,15.101286023342304,0.49500357285288665,0.5871461,MNIST (in-dist)
FBP,157,15.280745600087434,0.5946593478375908,0.5432021,MNIST (in-dist)
FBP,158,15.425750416642863,0.5799130008233101,0.538541,MNIST (in-dist)
FBP,159,15.339663346992536,0.4152963403633421,0.69400823,MNIST (in-dist)
FBP,160,15.437539031076028,0.5383572073302231,0.51577574,MNIST (in-dist)
FBP,161,15.702246528162792,0.6492816435204662,0.50231445,MNIST (in-dist)
FBP,162,15.651208915784501,0.693053247618743,0.42030123,MNIST (in-dist)
FBP,163,15.859894686677226,0.6481336733161674,0.4401824,MNIST (in-dist)
FBP,164,15.108105718632935,0.5284729519166718,0.572821,MNIST (in-dist)
FBP,165,15.692603448709237,0.6956097453413868,0.45100233,MNIST (in-dist)
FBP,166,15.54841469976223,0.5752216049898508,0.5653114,MNIST (in-dist)
FBP,167,15.340580566797646,0.5005379571510966,0.6341996,MNIST (in-dist)
FBP,168,16.32893125608598,0.36247068318496994,0.6166623,MNIST (in-dist)
FBP,169,15.862601177480684,0.5209848954803697,0.56735533,MNIST (in-dist)
FBP,170,15.369794878732549,0.4566284378907308,0.65555435,MNIST (in-dist)
FBP,171,15.311408267003426,0.5782398783893099,0.44393024,MNIST (in-dist)
FBP,172,14.829110456310456,0.7083182538064783,0.49386206,MNIST (in-dist)
FBP,173,14.953425782087628,0.5963365204233247,0.65346074,MNIST (in-dist)
FBP,174,15.44522563372835,0.5537002213666801,0.53763336,MNIST (in-dist)
FBP,175,16.553873567442242,0.3150882437970842,0.8885981,MNIST (in-dist)
FBP,176,15.858896199088306,0.2908145840070078,0.95732933,MNIST (in-dist)
FBP,177,15.210431544870122,0.5426726996013389,0.5203296,MNIST (in-dist)
FBP,178,15.964796858188224,0.33365897351129303,0.6603109,MNIST (in-dist)
FBP,179,15.254199193464334,0.61151230604434,0.45739952,MNIST (in-dist)
FBP,180,16.444038060126076,0.32886151151404736,0.6674514,MNIST (in-dist)
FBP,181,15.525257008549362,0.6161083284478232,0.45823473,MNIST (in-dist)
FBP,182,15.501757594230307,0.4663817217712248,0.6093598,MNIST (in-dist)
FBP,183,14.698669444332635,0.7339336074779748,0.44916344,MNIST (in-dist)
FBP,184,15.149045719924475,0.5359466998181368,0.55572236,MNIST (in-dist)
FBP,185,14.697516857457405,0.5339721625148305,0.60012466,MNIST (in-dist)
FBP,186,16.308023908803364,0.7036817977221155,0.36559156,MNIST (in-dist)
FBP,187,15.428263419981308,0.6741844303422504,0.4942688,MNIST (in-dist)
FBP,188,15.543015805991827,0.7169904246706706,0.4094028,MNIST (in-dist)
FBP,189,15.908434201849023,0.30445843802319794,0.84201694,MNIST (in-dist)
FBP,190,16.26919166961382,0.44545505326985685,0.50022197,MNIST (in-dist)
FBP,191,15.689697381683093,0.34563241079322776,0.70410615,MNIST (in-dist)
FBP,192,15.241780579181922,0.6721780126100376,0.48824912,MNIST (in-dist)
FBP,193,14.721981414226706,0.5016654020203359,0.63506866,MNIST (in-dist)
FBP,194,15.471396667629381,0.6958357936871399,0.47124687,MNIST (in-dist)
FBP,195,15.861110526898983,0.4037727674949866,0.77236784,MNIST (in-dist)
FBP,196,16.344381030565064,0.4021133912864578,0.51987076,MNIST (in-dist)
FBP,197,15.647302840248727,0.551233400807403,0.4375474,MNIST (in-dist)
FBP,198,15.678852007872717,0.4889880084940295,0.58523315,MNIST (in-dist)
FBP,199,15.901440805705164,0.6559489472133125,0.38637692,MNIST (in-dist)
Tikhonov,0,17.79467623506665,0.5296823617041088,0.4692216,MNIST (in-dist)
Tikhonov,1,16.47513017281351,0.6265118178216503,0.426219,MNIST (in-dist)
Tikhonov,2,17.693034571984843,0.3179068946063592,0.6590518,MNIST (in-dist)
Tikhonov,3,17.334406245426266,0.7312904602058101,0.33401302,MNIST (in-dist)
Tikhonov,4,16.743218158736582,0.5608009163875706,0.5205929,MNIST (in-dist)
Tikhonov,5,18.329723426232768,0.3843512511718345,0.49782315,MNIST (in-dist)
Tikhonov,6,17.212730970631544,0.6103256365829359,0.46989632,MNIST (in-dist)
Tikhonov,7,17.301300382183943,0.5035773957127028,0.45772806,MNIST (in-dist)
Tikhonov,8,16.930414297097705,0.6700108040081845,0.38984847,MNIST (in-dist)
Tikhonov,9,16.629033463786588,0.5997170566505183,0.40068778,MNIST (in-dist)
Tikhonov,10,16.67115162178693,0.7363039952676843,0.41552433,MNIST (in-dist)
Tikhonov,11,16.52133885257743,0.6810522272758097,0.44724593,MNIST (in-dist)
Tikhonov,12,17.15784659293503,0.540193981962824,0.45024896,MNIST (in-dist)
Tikhonov,13,16.989758799765212,0.7170155776076765,0.40038642,MNIST (in-dist)
Tikhonov,14,17.759752888903108,0.3816490536329552,0.4742203,MNIST (in-dist)
Tikhonov,15,16.324459984759347,0.6240034435251786,0.5193526,MNIST (in-dist)
Tikhonov,16,16.95264373525151,0.5932873483189942,0.45786935,MNIST (in-dist)
Tikhonov,17,17.476033043994967,0.5612758502050511,0.42855588,MNIST (in-dist)
Tikhonov,18,16.47025513900015,0.711921712358132,0.38536358,MNIST (in-dist)
Tikhonov,19,17.460049854382635,0.49139379961334345,0.5315404,MNIST (in-dist)
Tikhonov,20,17.357931521169093,0.5656715444787521,0.39017057,MNIST (in-dist)
Tikhonov,21,17.383864605020154,0.5663682994341828,0.44318542,MNIST (in-dist)
Tikhonov,22,16.412940924310327,0.6088831565260583,0.48301408,MNIST (in-dist)
Tikhonov,23,17.004524043845564,0.5766658268013607,0.48854166,MNIST (in-dist)
Tikhonov,24,17.407219277201705,0.48300776922892996,0.62190187,MNIST (in-dist)
Tikhonov,25,16.779860310238647,0.8308855403918958,0.29479617,MNIST (in-dist)
Tikhonov,26,17.711255751205478,0.46339986796326327,0.5282916,MNIST (in-dist)
Tikhonov,27,16.999873189096505,0.5829459271657815,0.46236587,MNIST (in-dist)
Tikhonov,28,16.881652434933976,0.7135453307093169,0.36827794,MNIST (in-dist)
Tikhonov,29,17.82260242497809,0.34445405389977934,0.55086327,MNIST (in-dist)
Tikhonov,30,16.9722668416246,0.5698064532133843,0.4321141,MNIST (in-dist)
Tikhonov,31,18.016016195351135,0.32579698685899644,0.5920112,MNIST (in-dist)
Tikhonov,32,17.55419308406843,0.6371053258117774,0.39507517,MNIST (in-dist)
Tikhonov,33,16.978352903778674,0.6387380390054708,0.44391447,MNIST (in-dist)
Tikhonov,34,17.25024548413412,0.6149387198318977,0.4048083,MNIST (in-dist)
Tikhonov,35,16.405537480686206,0.7382851906576817,0.43252346,MNIST (in-dist)
Tikhonov,36,16.8506585032429,0.5734663015639906,0.47267056,MNIST (in-dist)
Tikhonov,37,18.798740115906195,0.37166806510606326,0.4689369,MNIST (in-dist)
Tikhonov,38,17.174508936323978,0.5625672108517317,0.5070946,MNIST (in-dist)
Tikhonov,39,17.933482491034084,0.4114857225919148,0.44558135,MNIST (in-dist)
Tikhonov,40,18.468447310507667,0.27828109751610386,0.72839767,MNIST (in-dist)
Tikhonov,41,17.733624181412722,0.5180605981984341,0.4988942,MNIST (in-dist)
Tikhonov,42,17.28967666614249,0.5863851282184208,0.42594904,MNIST (in-dist)
Tikhonov,43,17.073227662235205,0.47987504797498887,0.5563425,MNIST (in-dist)
Tikhonov,44,17.84374725197293,0.48753260239364177,0.4532982,MNIST (in-dist)
Tikhonov,45,17.39409766598933,0.5969704480481927,0.4855158,MNIST (in-dist)
Tikhonov,46,17.73387316471124,0.43164554600048743,0.4466894,MNIST (in-dist)
Tikhonov,47,16.590313053926163,0.4885003130331208,0.59728634,MNIST (in-dist)
Tikhonov,48,16.80346571279767,0.665282182413618,0.3439619,MNIST (in-dist)
Tikhonov,49,16.587093452163277,0.6130937240365508,0.4621716,MNIST (in-dist)
Tikhonov,50,16.84043863348445,0.5154068609064614,0.49837106,MNIST (in-dist)
Tikhonov,51,16.43129535875599,0.7467998146266611,0.37064275,MNIST (in-dist)
Tikhonov,52,16.228009512588045,0.6026668684643189,0.4988412,MNIST (in-dist)
Tikhonov,53,16.4714511241146,0.5679552242802532,0.60149974,MNIST (in-dist)
Tikhonov,54,16.234129266804484,0.7179271032100963,0.40656522,MNIST (in-dist)
Tikhonov,55,17.426167981999445,0.6653944604526455,0.38981766,MNIST (in-dist)
Tikhonov,56,17.155512482303607,0.6612185806775377,0.398957,MNIST (in-dist)
Tikhonov,57,17.78202324436912,0.3261661150631993,0.62469333,MNIST (in-dist)
Tikhonov,58,17.119020766351703,0.6058419416335071,0.41840807,MNIST (in-dist)
Tikhonov,59,17.572235829432504,0.40075089979636835,0.61849177,MNIST (in-dist)
Tikhonov,60,17.1340089947637,0.5310818661578685,0.40816745,MNIST (in-dist)
Tikhonov,61,16.4812638923139,0.6655244582199419,0.40482938,MNIST (in-dist)
Tikhonov,62,17.34712206331701,0.4489302379732195,0.60252357,MNIST (in-dist)
Tikhonov,63,17.124488772188332,0.5863963568142725,0.4605015,MNIST (in-dist)
Tikhonov,64,16.627993839543155,0.6754409217413742,0.40146032,MNIST (in-dist)
Tikhonov,65,18.21404462161218,0.43151020856544353,0.53488994,MNIST (in-dist)
Tikhonov,66,16.069956714494975,0.6376117047940839,0.5105354,MNIST (in-dist)
Tikhonov,67,17.506604606871736,0.6047229555087675,0.4446869,MNIST (in-dist)
Tikhonov,68,16.82703803225498,0.6431251181100018,0.3576906,MNIST (in-dist)
Tikhonov,69,16.289261177860134,0.7108786915116732,0.43906504,MNIST (in-dist)
Tikhonov,70,16.999316325530287,0.5576809539536856,0.45312303,MNIST (in-dist)
Tikhonov,71,16.392761177200995,0.7950228182068585,0.35330564,MNIST (in-dist)
Tikhonov,72,16.247924966267526,0.6540968466736761,0.45529187,MNIST (in-dist)
Tikhonov,73,17.22985709908922,0.5766967493924793,0.3787366,MNIST (in-dist)
Tikhonov,74,17.91318981331001,0.3718356993215347,0.50037533,MNIST (in-dist)
Tikhonov,75,17.08698710434063,0.5540071737578269,0.44836712,MNIST (in-dist)
Tikhonov,76,16.94400373846377,0.5125790223905485,0.5276113,MNIST (in-dist)
Tikhonov,77,16.34910607461375,0.5653135364243572,0.56894344,MNIST (in-dist)
Tikhonov,78,16.855075626432388,0.4523179010749787,0.4882308,MNIST (in-dist)
Tikhonov,79,16.836453358468496,0.6757984939627811,0.34283617,MNIST (in-dist)
Tikhonov,80,17.71469984697124,0.4984704347310274,0.4330673,MNIST (in-dist)
Tikhonov,81,17.332521596411958,0.6122064866206882,0.40256953,MNIST (in-dist)
Tikhonov,82,16.15787710795502,0.6957083238394112,0.40283298,MNIST (in-dist)
Tikhonov,83,17.221817619443314,0.48122145074781913,0.50362325,MNIST (in-dist)
Tikhonov,84,16.651906488141787,0.6630370759661117,0.43181863,MNIST (in-dist)
Tikhonov,85,17.21059847343309,0.7088027788138052,0.3416142,MNIST (in-dist)
Tikhonov,86,17.48634757841939,0.5359117562223797,0.3948079,MNIST (in-dist)
Tikhonov,87,16.74582221964007,0.6318490203734091,0.42654312,MNIST (in-dist)
Tikhonov,88,16.627971335538568,0.6070242035582716,0.43146834,MNIST (in-dist)
Tikhonov,89,17.783595908453286,0.41163693687542774,0.47599858,MNIST (in-dist)
Tikhonov,90,17.25778029216184,0.6560917087608836,0.420851,MNIST (in-dist)
Tikhonov,91,17.06043148087868,0.5425729630401931,0.46695304,MNIST (in-dist)
Tikhonov,92,17.182862334513867,0.47056501898924197,0.5949031,MNIST (in-dist)
Tikhonov,93,17.335854638860372,0.6304684774282683,0.3360348,MNIST (in-dist)
Tikhonov,94,17.755275493589238,0.447389000544973,0.3986587,MNIST (in-dist)
Tikhonov,95,16.83209940662042,0.7039123608950576,0.33685654,MNIST (in-dist)
Tikhonov,96,18.686061713881063,0.3727831531011534,0.525251,MNIST (in-dist)
Tikhonov,97,17.595954510454668,0.6067027948657965,0.36021444,MNIST (in-dist)
Tikhonov,98,17.065044000163958,0.5988530089072345,0.45285615,MNIST (in-dist)
Tikhonov,99,16.989556029148474,0.6367352862668239,0.38511997,MNIST (in-dist)
Tikhonov,100,16.590664049154284,0.5464929489768591,0.577586,MNIST (in-dist)
Tikhonov,101,16.561523268095286,0.6926152349523296,0.44846928,MNIST (in-dist)
Tikhonov,102,16.134773616768065,0.6533529950423197,0.46124154,MNIST (in-dist)
Tikhonov,103,17.100965661036792,0.6284369937891539,0.4274687,MNIST (in-dist)
Tikhonov,104,16.656800702200364,0.5848213817988241,0.49,MNIST (in-dist)
Tikhonov,105,16.95524411994548,0.5564198411594882,0.49316144,MNIST (in-dist)
Tikhonov,106,16.329518093354846,0.7421737590788822,0.44165483,MNIST (in-dist)
Tikhonov,107,18.167492295813478,0.4066944599833747,0.51243544,MNIST (in-dist)
Tikhonov,108,17.52671483360626,0.5276515571439488,0.425747,MNIST (in-dist)
Tikhonov,109,16.630254432041742,0.5567995433941915,0.5104959,MNIST (in-dist)
Tikhonov,110,16.34611098304535,0.5889266659517691,0.43773136,MNIST (in-dist)
Tikhonov,111,17.87134960885489,0.4499982545154231,0.45489487,MNIST (in-dist)
Tikhonov,112,17.457357661448967,0.4941002675053117,0.48870006,MNIST (in-dist)
Tikhonov,113,17.683934122013223,0.5397483779484029,0.41606197,MNIST (in-dist)
Tikhonov,114,17.51077350566777,0.485173756450685,0.47886837,MNIST (in-dist)
Tikhonov,115,17.894564427417656,0.4913479239474944,0.4786041,MNIST (in-dist)
Tikhonov,116,17.901884634268708,0.46296029275669026,0.513379,MNIST (in-dist)
Tikhonov,117,17.444337974812434,0.6171045260913266,0.40580067,MNIST (in-dist)
Tikhonov,118,17.196408623299632,0.4935851349415496,0.537783,MNIST (in-dist)
Tikhonov,119,17.42920469887282,0.6982485750093114,0.37775722,MNIST (in-dist)
Tikhonov,120,16.64836841263937,0.7501230614394775,0.36561432,MNIST (in-dist)
Tikhonov,121,17.328768872110444,0.560622751803959,0.47407165,MNIST (in-dist)
Tikhonov,122,17.914259622711384,0.4154804489313873,0.5405303,MNIST (in-dist)
Tikhonov,123,16.68832971735148,0.5925316836898771,0.46092072,MNIST (in-dist)
Tikhonov,124,17.49723198919487,0.5532560491345607,0.40558034,MNIST (in-dist)
Tikhonov,125,16.85269426179275,0.4932972976376499,0.5181769,MNIST (in-dist)
Tikhonov,126,17.02751270427506,0.7571019709349825,0.40620622,MNIST (in-dist)
Tikhonov,127,16.965820727311034,0.6156916944235505,0.42186743,MNIST (in-dist)
Tikhonov,128,16.34684999903496,0.6822448696973368,0.37076467,MNIST (in-dist)
Tikhonov,129,16.69199424040609,0.589294837552752,0.47923833,MNIST (in-dist)
Tikhonov,130,17.078720265304717,0.6505405745427663,0.35773772,MNIST (in-dist)
Tikhonov,131,16.726003304520376,0.6965226161051715,0.34850395,MNIST (in-dist)
Tikhonov,132,16.735104238998893,0.7337026428034402,0.35984403,MNIST (in-dist)
Tikhonov,133,17.19287303717313,0.684646439309711,0.36643326,MNIST (in-dist)
Tikhonov,134,16.579490681968668,0.6093339548217256,0.42533472,MNIST (in-dist)
Tikhonov,135,18.303843363619265,0.4048420563462856,0.4311467,MNIST (in-dist)
Tikhonov,136,16.824865476260626,0.6461781826107676,0.44141492,MNIST (in-dist)
Tikhonov,137,17.387689791934456,0.44026881348113683,0.4467171,MNIST (in-dist)
Tikhonov,138,16.99242549497431,0.6418747535115638,0.40995684,MNIST (in-dist)
Tikhonov,139,16.485167376535976,0.5903171987544835,0.4537811,MNIST (in-dist)
Tikhonov,140,16.67259092435933,0.4362557457398223,0.5995603,MNIST (in-dist)
Tikhonov,141,17.805037484416616,0.4920873760776344,0.46837422,MNIST (in-dist)
Tikhonov,142,16.88534245006719,0.6403289063723492,0.47259963,MNIST (in-dist)
Tikhonov,143,18.504060309125173,0.3549296855023333,0.54335064,MNIST (in-dist)
Tikhonov,144,17.02550336479366,0.5862171698137584,0.43407586,MNIST (in-dist)
Tikhonov,145,18.214140831926706,0.337587691627997,0.5685138,MNIST (in-dist)
Tikhonov,146,16.36278044662309,0.6206734623223128,0.41460252,MNIST (in-dist)
Tikhonov,147,16.897818292283716,0.7695146838392127,0.34636948,MNIST (in-dist)
Tikhonov,148,16.88154039599799,0.6401977274934415,0.45472133,MNIST (in-dist)
Tikhonov,149,17.09908256343857,0.535595711423825,0.5521054,MNIST (in-dist)
Tikhonov,150,17.22219889915068,0.5860535710100431,0.44034764,MNIST (in-dist)
Tikhonov,151,16.44331876292194,0.7099351667088778,0.42295903,MNIST (in-dist)
Tikhonov,152,16.895409726328825,0.5525716690369208,0.50155467,MNIST (in-dist)
Tikhonov,153,16.602683281778678,0.5783774306697479,0.5314259,MNIST (in-dist)
Tikhonov,154,18.692541688143937,0.32316409056060486,0.57229877,MNIST (in-dist)
Tikhonov,155,17.128939620079205,0.6757576402517522,0.38479957,MNIST (in-dist)
Tikhonov,156,16.982957984118705,0.5211335555022517,0.47278377,MNIST (in-dist)
Tikhonov,157,16.834858108602088,0.6173621284994797,0.4542091,MNIST (in-dist)
Tikhonov,158,17.060799549990236,0.6016610980164722,0.44613507,MNIST (in-dist)
Tikhonov,159,17.37539118287938,0.4423366082215986,0.5490075,MNIST (in-dist)
Tikhonov,160,17.067749208563924,0.5623660449239027,0.4275141,MNIST (in-dist)
Tikhonov,161,16.904210037629777,0.669764452524414,0.4373987,MNIST (in-dist)
Tikhonov,162,16.854915594229105,0.7130874827617687,0.3659109,MNIST (in-dist)
Tikhonov,163,17.24617659025435,0.6696020827613278,0.37524813,MNIST (in-dist)
Tikhonov,164,16.762755990395323,0.549840182343292,0.47346348,MNIST (in-dist)
Tikhonov,165,16.46987639001445,0.7031556774979006,0.4123967,MNIST (in-dist)
Tikhonov,166,16.93149215917725,0.5988964362857452,0.48209634,MNIST (in-dist)
Tikhonov,167,17.082674324346925,0.5205626170055205,0.5189449,MNIST (in-dist)
Tikhonov,168,18.343756421487125,0.3813990016775985,0.4889969,MNIST (in-dist)
Tikhonov,169,18.11019039286862,0.5564927813762507,0.43800157,MNIST (in-dist)
Tikhonov,170,17.586625107259373,0.490424294510331,0.50788707,MNIST (in-dist)
Tikhonov,171,17.226828142077395,0.6192154658232885,0.35607684,MNIST (in-dist)
Tikhonov,172,16.62142856339748,0.7466129639838035,0.4017813,MNIST (in-dist)
Tikhonov,173,16.329160935597052,0.6148259765814897,0.55774117,MNIST (in-dist)
Tikhonov,174,17.177195521302533,0.5830094035215049,0.440441,MNIST (in-dist)
Tikhonov,175,18.612187332192736,0.33508561809993664,0.7011156,MNIST (in-dist)
Tikhonov,176,18.87021374986364,0.31013607299498913,0.6768548,MNIST (in-dist)
Tikhonov,177,16.597156930005156,0.5618495853020798,0.44354963,MNIST (in-dist)
Tikhonov,178,18.460815946588653,0.36033950327685843,0.49539036,MNIST (in-dist)
Tikhonov,179,16.47153611902185,0.6265531750393489,0.39758393,MNIST (in-dist)
Tikhonov,180,18.484860426837756,0.3431181598385923,0.52768964,MNIST (in-dist)
Tikhonov,181,16.782627869786186,0.6311947412153635,0.39647835,MNIST (in-dist)
Tikhonov,182,17.3930008031781,0.49750406713446715,0.4901304,MNIST (in-dist)
Tikhonov,183,15.55939390683041,0.7476112001984667,0.40678805,MNIST (in-dist)
Tikhonov,184,16.540317383848535,0.5543710396399968,0.47347203,MNIST (in-dist)
Tikhonov,185,16.59596070238996,0.5690504365052483,0.48230222,MNIST (in-dist)
Tikhonov,186,17.19346617311603,0.7147365930475283,0.3301597,MNIST (in-dist)
Tikhonov,187,16.570797219744843,0.6933561873902213,0.4333477,MNIST (in-dist)
Tikhonov,188,16.34637352519022,0.7321096588847851,0.37323546,MNIST (in-dist)
Tikhonov,189,17.90523983826269,0.3143895005719248,0.6690839,MNIST (in-dist)
Tikhonov,190,18.458858974460334,0.46696908961767947,0.3887581,MNIST (in-dist)
Tikhonov,191,17.775324841282668,0.3659636822150547,0.5538048,MNIST (in-dist)
Tikhonov,192,16.58009903384238,0.6936326657530365,0.418529,MNIST (in-dist)
Tikhonov,193,16.50674717079228,0.5257594153843772,0.5171094,MNIST (in-dist)
Tikhonov,194,16.73586235050948,0.7120211978012663,0.40740392,MNIST (in-dist)
Tikhonov,195,17.547270150176004,0.4178110175005503,0.6360866,MNIST (in-dist)
Tikhonov,196,18.25334435907151,0.41450708265024744,0.41729888,MNIST (in-dist)
Tikhonov,197,16.93839312699787,0.5703534968093918,0.37711218,MNIST (in-dist)
Tikhonov,198,17.39272004575214,0.5112671271380959,0.48043597,MNIST (in-dist)
Tikhonov,199,17.533480548379032,0.6920832124346779,0.32019106,MNIST (in-dist)
TV,0,20.059619180529292,0.777543867312849,0.36151877,MNIST (in-dist)
TV,1,20.210168177696257,0.8256499843117743,0.27725598,MNIST (in-dist)
TV,2,21.38987845157143,0.5680851817538977,0.43060333,MNIST (in-dist)
TV,3,21.36734870996348,0.8489098271839937,0.20995016,MNIST (in-dist)
TV,4,18.6573055044908,0.7177769252299215,0.41763213,MNIST (in-dist)
TV,5,22.89507142840376,0.6860576615599562,0.2943118,MNIST (in-dist)
TV,6,19.803377568573133,0.7798954527825117,0.34871426,MNIST (in-dist)
TV,7,20.183536318244734,0.7277351647292164,0.32847002,MNIST (in-dist)
TV,8,20.277946725779668,0.8260387748302815,0.26516685,MNIST (in-dist)
TV,9,19.35206343534088,0.7426075673015589,0.29285634,MNIST (in-dist)
TV,10,19.432222831979654,0.8480275466880368,0.30237293,MNIST (in-dist)
TV,11,18.725124159406402,0.7967748394051244,0.3470221,MNIST (in-dist)
TV,12,20.15633370807441,0.7447344648501689,0.3188074,MNIST (in-dist)
TV,13,19.75351414879902,0.820798589490077,0.29126722,MNIST (in-dist)
TV,14,22.77907686991112,0.6415674704288649,0.26608106,MNIST (in-dist)
TV,15,17.75473183831376,0.7246005294396165,0.4405029,MNIST (in-dist)
TV,16,19.60024319470277,0.7443530297884333,0.33756825,MNIST (in-dist)
TV,17,21.70013917830028,0.7410218395246577,0.26351306,MNIST (in-dist)
TV,18,19.047947744616508,0.8404844091004453,0.2864086,MNIST (in-dist)
TV,19,19.46975037503362,0.6862938324401293,0.42174622,MNIST (in-dist)
TV,20,20.940107327727947,0.7706532188929802,0.25831267,MNIST (in-dist)
TV,21,20.73638588127818,0.7689410754987462,0.30127242,MNIST (in-dist)
TV,22,18.147595665557635,0.7295536890025597,0.39557338,MNIST (in-dist)
TV,23,19.148240433336106,0.7273319104209173,0.38169438,MNIST (in-dist)
TV,24,19.938823032085516,0.6447236120079313,0.46466684,MNIST (in-dist)
TV,25,21.18095162208973,0.9328714740685811,0.17760995,MNIST (in-dist)
TV,26,19.49118657863689,0.6857965357441932,0.4304048,MNIST (in-dist)
TV,27,20.79729462339795,0.7352617790206712,0.29861712,MNIST (in-dist)
TV,28,20.435651208412242,0.8284837826547667,0.24461088,MNIST (in-dist)
TV,29,21.66539543441356,0.5777145436472328,0.35391924,MNIST (in-dist)
TV,30,20.382795674083944,0.765853557102613,0.29179105,MNIST (in-dist)
TV,31,21.33624533197098,0.5732039167788188,0.4039415,MNIST (in-dist)
TV,32,21.562072287024016,0.7904487751070256,0.24904957,MNIST (in-dist)
TV,33,19.84423993561966,0.7754536589399781,0.31915745,MNIST (in-dist)
TV,34,21.33964944460761,0.832809166790348,0.25280124,MNIST (in-dist)
TV,35,18.932998832508662,0.8491253092276964,0.323323,MNIST (in-dist)
TV,36,19.474612528531537,0.7455851213856454,0.34943053,MNIST (in-dist)
TV,37,24.7940043425587,0.6726653741572576,0.23515336,MNIST (in-dist)
TV,38,18.81674127358734,0.728175117164727,0.41973713,MNIST (in-dist)
TV,39,23.54318072002536,0.6715110514797886,0.23358347,MNIST (in-dist)
TV,40,21.65400374663175,0.5609735600642614,0.50476676,MNIST (in-dist)
TV,41,20.673785495074032,0.6792604131547134,0.35563165,MNIST (in-dist)
TV,42,20.71392195608949,0.7684659686262819,0.28717417,MNIST (in-dist)
TV,43,19.32260360930005,0.6634348509063529,0.42941126,MNIST (in-dist)
TV,44,21.97780984676001,0.8264220070540289,0.28163126,MNIST (in-dist)
TV,45,18.64171926862411,0.7630152426898664,0.4205545,MNIST (in-dist)
TV,46,21.97937298378022,0.6644623157729911,0.27398744,MNIST (in-dist)
TV,47,17.639884740045698,0.6200211293348843,0.5293026,MNIST (in-dist)
TV,48,21.036937635297235,0.7859763105915598,0.21126945,MNIST (in-dist)
TV,49,19.98561042378948,0.7679674066591158,0.3125197,MNIST (in-dist)
TV,50,19.353436400174985,0.6787609287021943,0.37316677,MNIST (in-dist)
TV,51,19.44803714655697,0.8549819747447844,0.26188973,MNIST (in-dist)
TV,52,18.162101887345948,0.7690019371317053,0.39926174,MNIST (in-dist)
TV,53,17.25351149193425,0.6374508842117776,0.5497085,MNIST (in-dist)
TV,54,18.618870962184992,0.8279948600304259,0.30895352,MNIST (in-dist)
TV,55,21.38225269459025,0.8426868722827967,0.24720502,MNIST (in-dist)
TV,56,21.103569646221402,0.7850477174463227,0.2532347,MNIST (in-dist)
TV,57,22.003210727320347,0.5033430054895426,0.38424435,MNIST (in-dist)
TV,58,19.91694355655089,0.7858290114124452,0.30318233,MNIST (in-dist)
TV,59,20.319883791477743,0.6818672166406061,0.45076638,MNIST (in-dist)
TV,60,21.057209905789804,0.804586805616821,0.25982344,MNIST (in-dist)
TV,61,19.0870727667886,0.7949709372733497,0.29990354,MNIST (in-dist)
TV,62,19.295859529701303,0.655403704809656,0.4814344,MNIST (in-dist)
TV,63,20.931508802474767,0.7504031204441486,0.29708454,MNIST (in-dist)
TV,64,18.934394466598448,0.8036283989983403,0.30783826,MNIST (in-dist)
TV,65,20.856893391001307,0.6284256648957298,0.39456815,MNIST (in-dist)
TV,66,17.63319083291998,0.7459989290815309,0.4264461,MNIST (in-dist)
TV,67,20.60521569974203,0.7816508094460727,0.3112603,MNIST (in-dist)
TV,68,19.969233980194453,0.7972878766099899,0.24911377,MNIST (in-dist)
TV,69,18.40947584819796,0.8060856792144477,0.34396806,MNIST (in-dist)
TV,70,20.452337223146575,0.7068150532614701,0.30448446,MNIST (in-dist)
TV,71,19.54255333513077,0.8844297630991402,0.24584474,MNIST (in-dist)
TV,72,18.3164448798636,0.7633190757656577,0.35880944,MNIST (in-dist)
TV,73,21.61074477429779,0.7573641001396959,0.22871408,MNIST (in-dist)
TV,74,22.994939556436815,0.6027700485438416,0.27874583,MNIST (in-dist)
TV,75,19.97814030170258,0.7077729696627275,0.32142234,MNIST (in-dist)
TV,76,18.460534948997864,0.684123668042281,0.44308555,MNIST (in-dist)
TV,77,18.623055069285805,0.6720782053360547,0.4378966,MNIST (in-dist)
TV,78,19.5152164191412,0.6645100216712218,0.35943314,MNIST (in-dist)
TV,79,20.864924752038508,0.8226036626753236,0.2156071,MNIST (in-dist)
TV,80,22.411068834342018,0.6941257085504918,0.25219524,MNIST (in-dist)
TV,81,20.7861756870725,0.824033953865205,0.27049437,MNIST (in-dist)
TV,82,19.391397945375182,0.8199516351465598,0.2776189,MNIST (in-dist)
TV,83,20.407742850438687,0.7664106453822788,0.3489872,MNIST (in-dist)
TV,84,18.785904614798106,0.7874261838622576,0.33775473,MNIST (in-dist)
TV,85,21.525697894922175,0.846993143924258,0.20786479,MNIST (in-dist)
TV,86,21.419441556993757,0.7216731574028453,0.2510332,MNIST (in-dist)
TV,87,19.258460479182062,0.8199952685328062,0.31939715,MNIST (in-dist)
TV,88,18.94031511477429,0.7450331784246013,0.330622,MNIST (in-dist)
TV,89,21.392735678797163,0.7390446427224342,0.31415838,MNIST (in-dist)
TV,90,20.273764502894288,0.7967634013553789,0.29739192,MNIST (in-dist)
TV,91,19.56587260289526,0.7295340180689515,0.34994608,MNIST (in-dist)
TV,92,18.630484954556373,0.6474194921676285,0.5035761,MNIST (in-dist)
TV,93,21.970531403908254,0.7554075874086116,0.19708358,MNIST (in-dist)
TV,94,23.78514970038655,0.7290515717492277,0.19911663,MNIST (in-dist)
TV,95,20.292068617538106,0.8053645426599878,0.22617604,MNIST (in-dist)
TV,96,23.14761651585416,0.7388774074463959,0.31426,MNIST (in-dist)
TV,97,22.638348591793893,0.8504457335326482,0.20157722,MNIST (in-dist)
TV,98,18.968906052746014,0.7619845299935353,0.36371997,MNIST (in-dist)
TV,99,20.66284647230674,0.8037186548429395,0.25230828,MNIST (in-dist)
TV,100,17.290012186415677,0.6573408556686453,0.5329044,MNIST (in-dist)
TV,101,18.692914646856327,0.7755139093020592,0.35088363,MNIST (in-dist)
TV,102,18.335007783784228,0.7590637188404799,0.35802776,MNIST (in-dist)
TV,103,20.413563063076083,0.7529144343965272,0.29192713,MNIST (in-dist)
TV,104,18.49960705411344,0.7473635016671143,0.39632887,MNIST (in-dist)
TV,105,19.28778557099395,0.7339557540932024,0.37701797,MNIST (in-dist)
TV,106,17.858891815989132,0.8173620084508453,0.37035167,MNIST (in-dist)
TV,107,22.681068513905814,0.7959967085491281,0.30476165,MNIST (in-dist)
TV,108,21.521784623154232,0.7531036663923628,0.26878074,MNIST (in-dist)
TV,109,18.62580955035195,0.6894315786347994,0.40570885,MNIST (in-dist)
TV,110,18.293988795965078,0.7332545239247443,0.34979513,MNIST (in-dist)
TV,111,22.665172553760623,0.6734376301746507,0.2619509,MNIST (in-dist)
TV,112,20.3229423107573,0.7025421683268607,0.35136878,MNIST (in-dist)
TV,113,20.66879273645489,0.758315406724318,0.29506323,MNIST (in-dist)
TV,114,20.141382605482526,0.6737841378824309,0.35374123,MNIST (in-dist)
TV,115,21.03578676200984,0.7670788919506979,0.33336136,MNIST (in-dist)
TV,116,21.49108594742776,0.6930630400753772,0.3396081,MNIST (in-dist)
TV,117,21.22698434643986,0.8134588881295698,0.2625309,MNIST (in-dist)
TV,118,19.21055812042346,0.6408385404997529,0.42648095,MNIST (in-dist)
TV,119,21.151607458920484,0.8153367286109297,0.24608923,MNIST (in-dist)
TV,120,20.58546803039213,0.8805647959609416,0.23236367,MNIST (in-dist)
TV,121,19.972200056146722,0.7663906464845804,0.34968132,MNIST (in-dist)
TV,122,21.242490269959916,0.6687074345594257,0.36847544,MNIST (in-dist)
TV,123,18.59531414274661,0.7672717552478155,0.37006417,MNIST (in-dist)
TV,124,20.6164109116494,0.7727740131018391,0.2832161,MNIST (in-dist)
TV,125,18.844657551909616,0.6406330663503017,0.41198358,MNIST (in-dist)
TV,126,19.648160681291053,0.84490548674987,0.30040985,MNIST (in-dist)
TV,127,20.280033188874633,0.8190566819807714,0.28804833,MNIST (in-dist)
TV,128,20.00301773525927,0.8414759141708578,0.24338286,MNIST (in-dist)
TV,129,19.117615795170735,0.7114201651516655,0.3624687,MNIST (in-dist)
TV,130,19.70850979423701,0.7846957030167326,0.26428667,MNIST (in-dist)
TV,131,20.008797967242025,0.8497648075423088,0.23881851,MNIST (in-dist)
TV,132,20.495251175932296,0.8870081783249235,0.23340328,MNIST (in-dist)
TV,133,21.385616523543177,0.8121101809627076,0.22612976,MNIST (in-dist)
TV,134,19.124166840265897,0.7608384449104201,0.3173197,MNIST (in-dist)
TV,135,23.688572073918067,0.6847633086202651,0.23194695,MNIST (in-dist)
TV,136,18.99593428604778,0.765289379442534,0.34379026,MNIST (in-dist)
TV,137,23.5543684482387,0.6594239636593737,0.21963355,MNIST (in-dist)
TV,138,19.60522607092517,0.7817494942814358,0.30345768,MNIST (in-dist)
TV,139,19.288201556121678,0.7494141587194764,0.32862055,MNIST (in-dist)
TV,140,18.70827069585188,0.6196462184129176,0.4742954,MNIST (in-dist)
TV,141,20.230721482330097,0.6564347317580842,0.35424912,MNIST (in-dist)
TV,142,18.841083684811128,0.7813327265133666,0.37731698,MNIST (in-dist)
TV,143,23.845436690298918,0.6507560144551868,0.29377264,MNIST (in-dist)
TV,144,20.39932392713527,0.7833985418558971,0.29435718,MNIST (in-dist)
TV,145,22.898129278449417,0.6337394793960458,0.3315443,MNIST (in-dist)
TV,146,18.93904451460207,0.7634023898550548,0.30819014,MNIST (in-dist)
TV,147,20.39240576165661,0.8785354986725268,0.23163822,MNIST (in-dist)
TV,148,18.964325248487942,0.8001015226141173,0.35777178,MNIST (in-dist)
TV,149,18.344164785348028,0.6709735321327428,0.47837436,MNIST (in-dist)
TV,150,20.60865770211667,0.7295947810481033,0.29817602,MNIST (in-dist)
TV,151,18.528848485454013,0.8158478210064436,0.33267626,MNIST (in-dist)
TV,152,18.78345304129684,0.6811873077930621,0.40356737,MNIST (in-dist)
TV,153,18.054309291006007,0.6953918675638058,0.44963634,MNIST (in-dist)
TV,154,23.123833323057138,0.6187222532904899,0.343604,MNIST (in-dist)
TV,155,21.498314665163832,0.8544244162799898,0.23268363,MNIST (in-dist)
TV,156,19.370167740785064,0.6689990376283931,0.35917166,MNIST (in-dist)
TV,157,19.578602629643058,0.7342513036906473,0.33118343,MNIST (in-dist)
TV,158,20.54260794953761,0.7822461564936637,0.2987968,MNIST (in-dist)
TV,159,19.273162226222492,0.6185056773208712,0.44125506,MNIST (in-dist)
TV,160,20.654060278123502,0.7231907431105505,0.28290126,MNIST (in-dist)
TV,161,19.194612777753065,0.7809245515651309,0.336014,MNIST (in-dist)
TV,162,20.702562954999255,0.8262956582648634,0.23495947,MNIST (in-dist)
TV,163,21.28628338189703,0.8379739986555574,0.23567484,MNIST (in-dist)
TV,164,19.029655211215417,0.680018867462227,0.3647048,MNIST (in-dist)
TV,165,19.435775555629217,0.8198499700154586,0.29310295,MNIST (in-dist)
TV,166,18.792975200691554,0.7101569898438078,0.3890986,MNIST (in-dist)
TV,167,19.545468514306247,0.7010835935823496,0.39082432,MNIST (in-dist)
TV,168,24.06573024934586,0.620290204840289,0.25305063,MNIST (in-dist)
TV,169,22.396680217623555,0.7218296548855792,0.26739374,MNIST (in-dist)
TV,170,20.64412565458457,0.6307644667257825,0.3571841,MNIST (in-dist)
TV,171,21.97069959511655,0.8267486520604161,0.20622918,MNIST (in-dist)
TV,172,19.725217553604978,0.867530252568978,0.28106079,MNIST (in-dist)
TV,173,17.184912838050955,0.6643289173433695,0.5054115,MNIST (in-dist)
TV,174,19.667173568651805,0.7329825852893693,0.33066544,MNIST (in-dist)
TV,175,20.83163693468081,0.5416489464677254,0.5430217,MNIST (in-dist)
TV,176,21.92486011433565,0.5791834146323159,0.47617128,MNIST (in-dist)
TV,177,19.041100401257115,0.7314963704552347,0.33476886,MNIST (in-dist)
TV,178,24.87009749615991,0.7131194174058797,0.23685549,MNIST (in-dist)
TV,179,19.324958042298825,0.7888030431364194,0.28625807,MNIST (in-dist)
TV,180,22.703892241237643,0.699879796986953,0.32465863,MNIST (in-dist)
TV,181,20.043968502666903,0.7981688417763688,0.27236572,MNIST (in-dist)
TV,182,20.928170277929823,0.6840483239921163,0.326252,MNIST (in-dist)
TV,183,18.197937605972957,0.858273169010385,0.30022097,MNIST (in-dist)
TV,184,18.49827070022449,0.655591092060882,0.37791717,MNIST (in-dist)
TV,185,19.208201173221482,0.7505636822695898,0.3570321,MNIST (in-dist)
TV,186,20.936176261513992,0.8148828261427982,0.21457966,MNIST (in-dist)
TV,187,18.941313070880685,0.7879874572727429,0.32984564,MNIST (in-dist)
TV,188,20.132486972489126,0.8789225387856487,0.24136664,MNIST (in-dist)
TV,189,21.558791366748594,0.47876105442342987,0.4393423,MNIST (in-dist)
TV,190,23.038872978600956,0.6372736528638966,0.22944507,MNIST (in-dist)
TV,191,22.50648057767019,0.7410510873329664,0.3212173,MNIST (in-dist)
TV,192,19.40877459237321,0.835920138040188,0.3021981,MNIST (in-dist)
TV,193,18.374844776508247,0.691700679246213,0.41703984,MNIST (in-dist)
TV,194,19.58648968859225,0.8218370647639159,0.29342276,MNIST (in-dist)
TV,195,19.192293516224808,0.6290482257200359,0.5263384,MNIST (in-dist)
TV,196,24.911919741983098,0.6169650066559288,0.1938735,MNIST (in-dist)
TV,197,20.341871537065025,0.7818881433480227,0.25485703,MNIST (in-dist)
TV,198,20.508793995087174,0.6704858689961478,0.33560762,MNIST (in-dist)
TV,199,22.49553730601205,0.8259520052378028,0.18084495,MNIST (in-dist)
PnP-DnCNN,0,25.573926130666432,0.9402590069211711,0.19160882,MNIST (in-dist)
PnP-DnCNN,1,25.050077547916096,0.9558655862226959,0.15881276,MNIST (in-dist)
PnP-DnCNN,2,25.815965259356716,0.9524180097274544,0.25868604,MNIST (in-dist)
PnP-DnCNN,3,24.606674293363405,0.9644153897673631,0.14459391,MNIST (in-dist)
PnP-DnCNN,4,22.14346534258018,0.9084588088218338,0.279567,MNIST (in-dist)
PnP-DnCNN,5,26.39200993942954,0.9681119979782538,0.19677085,MNIST (in-dist)
PnP-DnCNN,6,23.38284140694849,0.9444595364745983,0.2309386,MNIST (in-dist)
PnP-DnCNN,7,25.26612350177977,0.9725266297247784,0.18296432,MNIST (in-dist)
PnP-DnCNN,8,22.345593994000698,0.9383904557398035,0.20899546,MNIST (in-dist)
PnP-DnCNN,9,22.80712917106171,0.9457229458349795,0.19674394,MNIST (in-dist)
PnP-DnCNN,10,23.288918521198504,0.9506861097371775,0.1939582,MNIST (in-dist)
PnP-DnCNN,11,23.028757656156877,0.9559993349816188,0.2114343,MNIST (in-dist)
PnP-DnCNN,12,24.186972842974633,0.9462765874879911,0.20044555,MNIST (in-dist)
PnP-DnCNN,13,23.45125482054328,0.9527418182100639,0.190285,MNIST (in-dist)
PnP-DnCNN,14,24.33692700507737,0.9497045418324549,0.22239317,MNIST (in-dist)
PnP-DnCNN,15,21.475088265460542,0.8825762149654637,0.28703243,MNIST (in-dist)
PnP-DnCNN,16,23.59230337294997,0.9558332482399035,0.21318594,MNIST (in-dist)
PnP-DnCNN,17,25.973032769361915,0.9665033492175016,0.16112296,MNIST (in-dist)
PnP-DnCNN,18,23.1689163254731,0.9677247978931616,0.17821229,MNIST (in-dist)
PnP-DnCNN,19,22.878752185603016,0.9041338721059324,0.28484008,MNIST (in-dist)
PnP-DnCNN,20,24.812902387321824,0.9601072600065184,0.16538875,MNIST (in-dist)
PnP-DnCNN,21,24.26325104578912,0.9464834416516064,0.20073177,MNIST (in-dist)
PnP-DnCNN,22,22.863313277865235,0.9501642975186514,0.22984828,MNIST (in-dist)
PnP-DnCNN,23,23.455182937308297,0.9273453772930075,0.23247093,MNIST (in-dist)
PnP-DnCNN,24,20.579162520052776,0.832165476049235,0.43164298,MNIST (in-dist)
PnP-DnCNN,25,23.65114159172066,0.9703022994655223,0.13364656,MNIST (in-dist)
PnP-DnCNN,26,23.727194293597837,0.9452467598174968,0.26428756,MNIST (in-dist)
PnP-DnCNN,27,23.29877186871974,0.9272534967022986,0.22389317,MNIST (in-dist)
PnP-DnCNN,28,23.20354592752464,0.9521730055740057,0.17786112,MNIST (in-dist)
PnP-DnCNN,29,25.067557883749917,0.9601671763441779,0.2392192,MNIST (in-dist)
PnP-DnCNN,30,23.96560775850316,0.9385977237800921,0.19316632,MNIST (in-dist)
PnP-DnCNN,31,24.326986907503457,0.951088992278438,0.28627366,MNIST (in-dist)
PnP-DnCNN,32,25.85467831387238,0.957703021439639,0.15193419,MNIST (in-dist)
PnP-DnCNN,33,22.703664743406296,0.912658244640805,0.2296327,MNIST (in-dist)
PnP-DnCNN,34,25.19956761930282,0.9456759271912338,0.1621001,MNIST (in-dist)
PnP-DnCNN,35,23.005646971384316,0.9508698090664611,0.20230387,MNIST (in-dist)
PnP-DnCNN,36,23.118641042841226,0.9402103716553736,0.22969916,MNIST (in-dist)
PnP-DnCNN,37,28.47317991979031,0.9705625113007451,0.15395449,MNIST (in-dist)
PnP-DnCNN,38,21.5070481029028,0.8865562260231726,0.30793715,MNIST (in-dist)
PnP-DnCNN,39,24.835711209465696,0.9493143228459949,0.20128693,MNIST (in-dist)
PnP-DnCNN,40,27.2108742985536,0.9517783267377329,0.266224,MNIST (in-dist)
PnP-DnCNN,41,23.636699385279062,0.9268445139212057,0.2528452,MNIST (in-dist)
PnP-DnCNN,42,24.09465533225156,0.9519923449424673,0.1945847,MNIST (in-dist)
PnP-DnCNN,43,22.66054374675111,0.9052464253584708,0.29239938,MNIST (in-dist)
PnP-DnCNN,44,24.945584783109915,0.9458648959282508,0.20012076,MNIST (in-dist)
PnP-DnCNN,45,23.070426389931615,0.9262618754397739,0.25257298,MNIST (in-dist)
PnP-DnCNN,46,22.963322034039475,0.930807132366275,0.24464323,MNIST (in-dist)
PnP-DnCNN,47,20.882001070185723,0.8869826024179809,0.36441663,MNIST (in-dist)
PnP-DnCNN,48,23.41790208255668,0.9456751370602403,0.16061588,MNIST (in-dist)
PnP-DnCNN,49,24.76548430607504,0.9491558772288571,0.1802535,MNIST (in-dist)
PnP-DnCNN,50,23.481827706163998,0.9417109939554507,0.23199755,MNIST (in-dist)
PnP-DnCNN,51,22.757072937208534,0.9604106972779124,0.1789232,MNIST (in-dist)
PnP-DnCNN,52,24.01052701581252,0.9332726555760981,0.20362751,MNIST (in-dist)
PnP-DnCNN,53,21.723574079843978,0.8773884243516574,0.32857105,MNIST (in-dist)
PnP-DnCNN,54,21.840200037025493,0.9370257005957533,0.21321939,MNIST (in-dist)
PnP-DnCNN,55,24.982223740878624,0.9673002435525587,0.16332728,MNIST (in-dist)
PnP-DnCNN,56,23.198525075285687,0.9268074812259802,0.19896445,MNIST (in-dist)
PnP-DnCNN,57,26.814172455331644,0.9606161512865508,0.22083068,MNIST (in-dist)
PnP-DnCNN,58,24.905563597712078,0.9568907588658747,0.17071548,MNIST (in-dist)
PnP-DnCNN,59,22.846916410525026,0.9050517741990977,0.3369767,MNIST (in-dist)
PnP-DnCNN,60,23.804379955332,0.9537183117152246,0.18937376,MNIST (in-dist)
PnP-DnCNN,61,22.304279669550983,0.9411207313441541,0.20707192,MNIST (in-dist)
PnP-DnCNN,62,23.488169408702927,0.9162540123451594,0.297113,MNIST (in-dist)
PnP-DnCNN,63,24.693078765439097,0.9639690366904597,0.19266443,MNIST (in-dist)
PnP-DnCNN,64,23.915256572654563,0.9610690252840026,0.17349203,MNIST (in-dist)
PnP-DnCNN,65,23.302263625094895,0.9205234741545782,0.2977512,MNIST (in-dist)
PnP-DnCNN,66,22.56189128236523,0.9440842624291901,0.24178487,MNIST (in-dist)
PnP-DnCNN,67,21.435833629199244,0.9001600792985563,0.2828739,MNIST (in-dist)
PnP-DnCNN,68,22.68642759005708,0.9446783477963865,0.18219566,MNIST (in-dist)
PnP-DnCNN,69,24.169154338055115,0.957684200380213,0.17722878,MNIST (in-dist)
PnP-DnCNN,70,25.85409396211759,0.960009808321137,0.16348475,MNIST (in-dist)
PnP-DnCNN,71,21.62341757702308,0.9397063747448616,0.19347182,MNIST (in-dist)
PnP-DnCNN,72,21.467193617159385,0.9235964807843374,0.24964705,MNIST (in-dist)
PnP-DnCNN,73,24.599204025413215,0.9656152460447027,0.16213246,MNIST (in-dist)
PnP-DnCNN,74,24.10278708029313,0.9631493883438347,0.24536693,MNIST (in-dist)
PnP-DnCNN,75,23.509902405169036,0.9260207116642336,0.21403655,MNIST (in-dist)
PnP-DnCNN,76,22.370099405727867,0.9264372021021429,0.28249407,MNIST (in-dist)
PnP-DnCNN,77,22.40816353952185,0.9028740086523462,0.28321496,MNIST (in-dist)
PnP-DnCNN,78,21.748971403814895,0.9241342280090841,0.27792674,MNIST (in-dist)
PnP-DnCNN,79,24.495129169511877,0.9594291520328069,0.1419557,MNIST (in-dist)
PnP-DnCNN,80,26.310234749870872,0.95534496914503,0.16098247,MNIST (in-dist)
PnP-DnCNN,81,23.71539766853629,0.9432997198944743,0.19306214,MNIST (in-dist)
PnP-DnCNN,82,22.32142179099064,0.9421731225592046,0.1981289,MNIST (in-dist)
PnP-DnCNN,83,23.2119644763946,0.9156744560478871,0.252696,MNIST (in-dist)
PnP-DnCNN,84,22.60936457440998,0.9578843380301452,0.21748456,MNIST (in-dist)
PnP-DnCNN,85,24.92018068103379,0.9642695011186205,0.14062314,MNIST (in-dist)
PnP-DnCNN,86,24.051788215650763,0.9497266735050304,0.18540174,MNIST (in-dist)
PnP-DnCNN,87,24.47084183826997,0.9538499710634967,0.17527176,MNIST (in-dist)
PnP-DnCNN,88,22.669552101583683,0.935794686259748,0.21521369,MNIST (in-dist)
PnP-DnCNN,89,24.067450257467648,0.9552561057623753,0.23089415,MNIST (in-dist)
PnP-DnCNN,90,25.669040299321928,0.9690107681041906,0.1597958,MNIST (in-dist)
PnP-DnCNN,91,23.375958828799888,0.9409972193750961,0.22568196,MNIST (in-dist)
PnP-DnCNN,92,22.406515564997957,0.9297679075278527,0.3260345,MNIST (in-dist)
PnP-DnCNN,93,24.139988021217043,0.9526209086487608,0.15352447,MNIST (in-dist)
PnP-DnCNN,94,26.00167876387159,0.9611747758232119,0.15426986,MNIST (in-dist)
PnP-DnCNN,95,23.506314270989577,0.9573234476395382,0.15621915,MNIST (in-dist)
PnP-DnCNN,96,24.85590763194348,0.9456297106548281,0.25815144,MNIST (in-dist)
PnP-DnCNN,97,24.45478408987983,0.9243723331942908,0.16353837,MNIST (in-dist)
PnP-DnCNN,98,24.22035110811855,0.9409834085232462,0.19869864,MNIST (in-dist)
PnP-DnCNN,99,22.957682443882256,0.9351247829839218,0.19372681,MNIST (in-dist)
PnP-DnCNN,100,21.673999044881644,0.9105078346473127,0.32169917,MNIST (in-dist)
PnP-DnCNN,101,23.09419994182083,0.9458478990295702,0.21139702,MNIST (in-dist)
PnP-DnCNN,102,21.546618903499084,0.906208514859361,0.24736378,MNIST (in-dist)
PnP-DnCNN,103,24.426325513904015,0.9461630733360437,0.18392313,MNIST (in-dist)
PnP-DnCNN,104,23.327643561791653,0.947822571724407,0.22732851,MNIST (in-dist)
PnP-DnCNN,105,25.682245041827805,0.9584040970133603,0.1805673,MNIST (in-dist)
PnP-DnCNN,106,21.24089863165527,0.9098923905821871,0.2509077,MNIST (in-dist)
PnP-DnCNN,107,25.03450293683532,0.9453794394950729,0.2324281,MNIST (in-dist)
PnP-DnCNN,108,25.188521155694872,0.9586211568560482,0.17622249,MNIST (in-dist)
PnP-DnCNN,109,23.678743712954713,0.939423064385687,0.2267607,MNIST (in-dist)
PnP-DnCNN,110,24.167383393702014,0.9565775364729737,0.17788692,MNIST (in-dist)
PnP-DnCNN,111,26.85570518196411,0.9583788648370869,0.16169377,MNIST (in-dist)
PnP-DnCNN,112,24.423139973181115,0.9398870842054117,0.21915597,MNIST (in-dist)
PnP-DnCNN,113,25.132045603062423,0.9618605601270337,0.17650314,MNIST (in-dist)
PnP-DnCNN,114,21.64026202792781,0.8670178520500906,0.29767457,MNIST (in-dist)
PnP-DnCNN,115,25.47674719541213,0.9601764899393743,0.19992508,MNIST (in-dist)
PnP-DnCNN,116,23.785947384879663,0.9418706666708978,0.26075637,MNIST (in-dist)
PnP-DnCNN,117,23.68268196054464,0.9362723455448781,0.1978771,MNIST (in-dist)
PnP-DnCNN,118,24.828650420419905,0.9621940073518713,0.22335465,MNIST (in-dist)
PnP-DnCNN,119,22.994100505333712,0.9521262436982029,0.19905265,MNIST (in-dist)
PnP-DnCNN,120,23.152016558222247,0.946363025429574,0.17291822,MNIST (in-dist)
PnP-DnCNN,121,24.86650667686422,0.9599734648200106,0.19904767,MNIST (in-dist)
PnP-DnCNN,122,26.208723588752378,0.9513697018923838,0.20801607,MNIST (in-dist)
PnP-DnCNN,123,22.39203386225919,0.9263553988681106,0.23902375,MNIST (in-dist)
PnP-DnCNN,124,25.206881552997835,0.9518588402670277,0.16695306,MNIST (in-dist)
PnP-DnCNN,125,23.26970923069478,0.9384697141079617,0.24752972,MNIST (in-dist)
PnP-DnCNN,126,23.952434533161046,0.9639676205875459,0.18302082,MNIST (in-dist)
PnP-DnCNN,127,24.708654382025244,0.9555449745625504,0.1729953,MNIST (in-dist)
PnP-DnCNN,128,24.847480357267667,0.9484618526906514,0.13933712,MNIST (in-dist)
PnP-DnCNN,129,23.10549775476504,0.9215952129649722,0.22902156,MNIST (in-dist)
PnP-DnCNN,130,23.15398910513208,0.9498791315646704,0.1777466,MNIST (in-dist)
PnP-DnCNN,131,22.682741415911124,0.9552940954107884,0.17553785,MNIST (in-dist)
PnP-DnCNN,132,22.559426624764978,0.9528612432893643,0.18403405,MNIST (in-dist)
PnP-DnCNN,133,24.274820056163676,0.9522849224076784,0.16214275,MNIST (in-dist)
PnP-DnCNN,134,24.050059501851337,0.9617410539841849,0.17997093,MNIST (in-dist)
PnP-DnCNN,135,28.224874833751944,0.9748162997901932,0.13758576,MNIST (in-dist)
PnP-DnCNN,136,24.872328034163196,0.9583873330068983,0.17477283,MNIST (in-dist)
PnP-DnCNN,137,26.486512415222908,0.9659618199610513,0.1567081,MNIST (in-dist)
PnP-DnCNN,138,23.374509255532008,0.9581788238907648,0.19662283,MNIST (in-dist)
PnP-DnCNN,139,22.810481812753537,0.9377235102752024,0.2190689,MNIST (in-dist)
PnP-DnCNN,140,23.570317641685143,0.932933630591089,0.2709858,MNIST (in-dist)
PnP-DnCNN,141,25.803554516609402,0.9505252583368011,0.18649498,MNIST (in-dist)
PnP-DnCNN,142,23.78244055114649,0.9272162338857316,0.21361831,MNIST (in-dist)
PnP-DnCNN,143,29.766950582806917,0.9781305780095503,0.14857155,MNIST (in-dist)
PnP-DnCNN,144,25.036733850454507,0.9445301368524713,0.17258541,MNIST (in-dist)
PnP-DnCNN,145,26.018665926326364,0.9561997520591109,0.23148069,MNIST (in-dist)
PnP-DnCNN,146,23.549203121732496,0.968351523615112,0.18126369,MNIST (in-dist)
PnP-DnCNN,147,24.040866424703474,0.9560932140212414,0.15219037,MNIST (in-dist)
PnP-DnCNN,148,24.830876293678017,0.9551811681306066,0.18208681,MNIST (in-dist)
PnP-DnCNN,149,23.093724943078282,0.9275869366304934,0.27687892,MNIST (in-dist)
PnP-DnCNN,150,24.844081583121486,0.9582764101176222,0.18310557,MNIST (in-dist)
PnP-DnCNN,151,21.89767051460776,0.9542446367996783,0.22572555,MNIST (in-dist)
PnP-DnCNN,152,22.969710617472114,0.9195466181956047,0.24923164,MNIST (in-dist)
PnP-DnCNN,153,21.721623044671613,0.8985553979873657,0.29477847,MNIST (in-dist)
PnP-DnCNN,154,28.33600364306376,0.9687279146318594,0.18856005,MNIST (in-dist)
PnP-DnCNN,155,23.220154612701066,0.9589888989802234,0.19084194,MNIST (in-dist)
PnP-DnCNN,156,24.068400563709726,0.9577072242444212,0.20911753,MNIST (in-dist)
PnP-DnCNN,157,23.274696067944035,0.9443607046769178,0.21640332,MNIST (in-dist)
PnP-DnCNN,158,25.96292339208747,0.970871824247778,0.16008851,MNIST (in-dist)
PnP-DnCNN,159,24.13309189026931,0.9294133293788788,0.25216988,MNIST (in-dist)
PnP-DnCNN,160,23.310703552398017,0.9267929510698338,0.20835443,MNIST (in-dist)
PnP-DnCNN,161,23.669168277145253,0.9505030531898018,0.200738,MNIST (in-dist)
PnP-DnCNN,162,25.075666387317273,0.973111737242415,0.14201617,MNIST (in-dist)
PnP-DnCNN,163,23.060481329213587,0.9273115626790307,0.1921336,MNIST (in-dist)
PnP-DnCNN,164,22.503055646746198,0.9350864354921274,0.24449582,MNIST (in-dist)
PnP-DnCNN,165,23.39019769880799,0.9604493085879925,0.18590842,MNIST (in-dist)
PnP-DnCNN,166,20.382157710621534,0.8614989149813301,0.32404146,MNIST (in-dist)
PnP-DnCNN,167,25.23955962823854,0.9580818105581378,0.20289764,MNIST (in-dist)
PnP-DnCNN,168,27.55571292039907,0.9669727284061022,0.16932,MNIST (in-dist)
PnP-DnCNN,169,24.56895096519245,0.9341083260730279,0.20822729,MNIST (in-dist)
PnP-DnCNN,170,23.085612898415448,0.9135939582936035,0.26966077,MNIST (in-dist)
PnP-DnCNN,171,25.5789590010873,0.9648962303195611,0.13612477,MNIST (in-dist)
PnP-DnCNN,172,25.44215672869958,0.9737133128522348,0.14553027,MNIST (in-dist)
PnP-DnCNN,173,21.113264304414617,0.8856711259250306,0.32153448,MNIST (in-dist)
PnP-DnCNN,174,22.71054628893331,0.9319060511332898,0.2329272,MNIST (in-dist)
PnP-DnCNN,175,24.4075387955191,0.9193098349573691,0.35976765,MNIST (in-dist)
PnP-DnCNN,176,26.220997313792452,0.9600648314745959,0.2903731,MNIST (in-dist)
PnP-DnCNN,177,23.594443463990963,0.9551339825569105,0.19818825,MNIST (in-dist)
PnP-DnCNN,178,27.465151268603428,0.9630319361290163,0.17568341,MNIST (in-dist)
PnP-DnCNN,179,23.535595709550478,0.943660332213256,0.17628926,MNIST (in-dist)
PnP-DnCNN,180,26.86634403578541,0.962186938228686,0.20105013,MNIST (in-dist)
PnP-DnCNN,181,23.236352243378423,0.9572448112255285,0.18859634,MNIST (in-dist)
PnP-DnCNN,182,24.421440114601772,0.9499114961478828,0.21821755,MNIST (in-dist)
PnP-DnCNN,183,22.734476674031963,0.9578747629873023,0.17807955,MNIST (in-dist)
PnP-DnCNN,184,20.369005800894566,0.8532414632052768,0.3046912,MNIST (in-dist)
PnP-DnCNN,185,22.707570383033364,0.9504407051919905,0.23863757,MNIST (in-dist)
PnP-DnCNN,186,24.153407809752228,0.9629661086177038,0.14815862,MNIST (in-dist)
PnP-DnCNN,187,23.155922453325527,0.9527489220307879,0.20303938,MNIST (in-dist)
PnP-DnCNN,188,24.238491993358924,0.9585544173875131,0.15044473,MNIST (in-dist)
PnP-DnCNN,189,25.94615376184084,0.9674810460530037,0.26511532,MNIST (in-dist)
PnP-DnCNN,190,25.78589774166425,0.9666601018595301,0.16723514,MNIST (in-dist)
PnP-DnCNN,191,25.94452417272202,0.9480205568646597,0.21622045,MNIST (in-dist)
PnP-DnCNN,192,25.624404645497542,0.9801688645004241,0.14774415,MNIST (in-dist)
PnP-DnCNN,193,18.74058475421412,0.8908356290718555,0.39984396,MNIST (in-dist)
PnP-DnCNN,194,23.72060536380768,0.9585247994208139,0.18230055,MNIST (in-dist)
PnP-DnCNN,195,24.183759299519995,0.9240655576240672,0.29627278,MNIST (in-dist)
PnP-DnCNN,196,27.41336035244032,0.9639850851794904,0.14536051,MNIST (in-dist)
PnP-DnCNN,197,23.577626429923896,0.9416933011048096,0.17559369,MNIST (in-dist)
PnP-DnCNN,198,26.371222771855578,0.9613856043327939,0.17088754,MNIST (in-dist)
PnP-DnCNN,199,24.565605789842728,0.9481040868015329,0.14249608,MNIST (in-dist)
FBP,0,15.444047581372702,0.46961257844452103,0.532756,Fashion-MNIST
FBP,1,14.12479090479249,0.7121166346540813,0.29308504,Fashion-MNIST
FBP,2,15.355308249648875,0.6394977475749389,0.36067316,Fashion-MNIST
FBP,3,15.129468056958117,0.47743339745518687,0.50083214,Fashion-MNIST
FBP,4,14.184436227065923,0.46920092680086456,0.4813666,Fashion-MNIST
FBP,5,14.968966496978735,0.6474018530309328,0.40743437,Fashion-MNIST
FBP,6,14.267166768090185,0.516621278454588,0.7181076,Fashion-MNIST
FBP,7,14.1946786889046,0.6190306337719614,0.5679743,Fashion-MNIST
FBP,8,15.99122040179677,0.3011975147164776,0.94317555,Fashion-MNIST
FBP,9,15.34075617811824,0.4275823444063575,0.6243845,Fashion-MNIST
FBP,10,14.844145235230176,0.6174628709804667,0.39675528,Fashion-MNIST
FBP,11,15.036295749200267,0.4976100749251998,0.63851494,Fashion-MNIST
FBP,12,15.17099066020537,0.42198343526059423,0.5907836,Fashion-MNIST
FBP,13,15.074720072081561,0.4746047680841423,0.42511857,Fashion-MNIST
FBP,14,15.286650509762154,0.5115905576842861,0.24802579,Fashion-MNIST
FBP,15,15.382299551764657,0.527568611101231,0.48563677,Fashion-MNIST
FBP,16,14.790276720852395,0.48949170947336584,0.52982026,Fashion-MNIST
FBP,17,12.943108697134383,0.6930647132810482,0.43612933,Fashion-MNIST
FBP,18,14.825029645851721,0.5358857777041709,0.38904122,Fashion-MNIST
FBP,19,14.224327400301522,0.5102157145785504,0.34161794,Fashion-MNIST
FBP,20,13.706939239385784,0.37734371014273566,0.337794,Fashion-MNIST
FBP,21,15.37521278025028,0.4914971672250814,0.51315993,Fashion-MNIST
FBP,22,15.756991530490328,0.5368701729406112,0.3924778,Fashion-MNIST
FBP,23,15.542318712066,0.6012156060054066,0.42130587,Fashion-MNIST
FBP,24,15.030062474384707,0.531018677397659,0.5026817,Fashion-MNIST
FBP,25,14.700758358352315,0.5034875613348635,0.684786,Fashion-MNIST
FBP,26,13.607411163210742,0.5492823948676713,0.35652807,Fashion-MNIST
FBP,27,16.244370821331348,0.5423336594839016,0.2583489,Fashion-MNIST
FBP,28,14.929363590313113,0.5165182489859298,0.43453974,Fashion-MNIST
FBP,29,15.336205353060867,0.5592463527208272,0.33496472,Fashion-MNIST
FBP,30,14.681089174928527,0.5065528350282537,0.30430335,Fashion-MNIST
FBP,31,14.837898373896296,0.5249471504768946,0.48125702,Fashion-MNIST
FBP,32,15.376887139836848,0.431657002950104,0.55349904,Fashion-MNIST
FBP,33,14.680717211098816,0.594682166660142,0.3587475,Fashion-MNIST
FBP,34,15.039163167851665,0.49164272171867557,0.39864388,Fashion-MNIST
FBP,35,14.957183386324882,0.407665645910046,0.68948734,Fashion-MNIST
FBP,36,14.962580517785948,0.4988595379068139,0.51360476,Fashion-MNIST
FBP,37,15.916226099058697,0.311903476443382,1.0055795,Fashion-MNIST
FBP,38,14.353345227846589,0.49105484161528007,0.47578487,Fashion-MNIST
FBP,39,14.834318113788644,0.5019510988674506,0.38706896,Fashion-MNIST
FBP,40,15.041492178340574,0.557955271094794,0.3020748,Fashion-MNIST
FBP,41,15.346151449927042,0.5986567059766202,0.35712668,Fashion-MNIST
FBP,42,14.32948740968138,0.4725678256969136,0.37358594,Fashion-MNIST
FBP,43,15.641915621644182,0.5800307015245583,0.35869336,Fashion-MNIST
FBP,44,14.30754021378971,0.4979318319835502,0.3170294,Fashion-MNIST
FBP,45,15.727736811859113,0.453690662424882,0.69194436,Fashion-MNIST
FBP,46,14.243867143276114,0.42873253797114563,0.32053027,Fashion-MNIST
FBP,47,15.054503012082277,0.5458943511359153,0.3993188,Fashion-MNIST
FBP,48,14.915855760027501,0.5088528255750405,0.55458474,Fashion-MNIST
FBP,49,14.688346340613085,0.4746431345639612,0.3566588,Fashion-MNIST
FBP,50,14.16730261963246,0.6376981870386719,0.29841265,Fashion-MNIST
FBP,51,14.44086143354406,0.41692003763707985,0.69999313,Fashion-MNIST
FBP,52,15.795515366643267,0.354665451192007,0.88367856,Fashion-MNIST
FBP,53,15.7329082928666,0.4192419942287528,0.21428716,Fashion-MNIST
FBP,54,14.928158261690339,0.488799009518313,0.50691205,Fashion-MNIST
FBP,55,13.543091158321337,0.47725445528676796,0.35037678,Fashion-MNIST
FBP,56,14.84832949135518,0.6168157933606989,0.30715474,Fashion-MNIST
FBP,57,14.53272258084554,0.6415395246249093,0.39152026,Fashion-MNIST
FBP,58,14.78682996167503,0.5922417576092368,0.34319592,Fashion-MNIST
FBP,59,15.505262709423073,0.3161443187061744,0.7119038,Fashion-MNIST
FBP,60,16.046373627262017,0.4665127051901902,0.51746804,Fashion-MNIST
FBP,61,15.714356822034812,0.5028032799099124,0.4560468,Fashion-MNIST
FBP,62,15.811906005034768,0.5715032602967752,0.30143976,Fashion-MNIST
FBP,63,15.617763691275773,0.4502590646179143,0.7695048,Fashion-MNIST
FBP,64,15.142322299177263,0.6182246103349781,0.35673663,Fashion-MNIST
FBP,65,14.92561411176938,0.41759461253120905,0.6654902,Fashion-MNIST
FBP,66,15.461747926919294,0.4324575552185526,0.6585318,Fashion-MNIST
FBP,67,15.428009870490671,0.5341957997441583,0.3524277,Fashion-MNIST
FBP,68,15.270979517476473,0.47059200624916087,0.60198575,Fashion-MNIST
FBP,69,14.553101784079356,0.4667988730551702,0.32160297,Fashion-MNIST
FBP,70,15.56141457748888,0.4802946472125708,0.5740507,Fashion-MNIST
FBP,71,15.279735016252092,0.18531895128285403,0.83253086,Fashion-MNIST
FBP,72,15.118288755156879,0.4727912546058637,0.22238676,Fashion-MNIST
FBP,73,16.095299144885523,0.5766306323160934,0.25035515,Fashion-MNIST
FBP,74,14.03562646101867,0.6263413186396606,0.3496194,Fashion-MNIST
FBP,75,15.489646896192436,0.3215864106220451,0.8322778,Fashion-MNIST
FBP,76,15.151480626783453,0.5809377369599937,0.37727544,Fashion-MNIST
FBP,77,15.291551768846666,0.6046008709721162,0.24530035,Fashion-MNIST
FBP,78,15.17409614999661,0.6191956864035888,0.33182248,Fashion-MNIST
FBP,79,14.4498604257913,0.47275962646423325,0.30346203,Fashion-MNIST
FBP,80,15.671039680347956,0.42286240329120434,0.71283376,Fashion-MNIST
FBP,81,13.857812895688117,0.40795741396646346,0.3722331,Fashion-MNIST
FBP,82,14.37608121544631,0.5606201679789998,0.61018586,Fashion-MNIST
FBP,83,15.220964611048577,0.5744982096797129,0.30639857,Fashion-MNIST
FBP,84,16.332587323507806,0.49636079464372335,0.5680842,Fashion-MNIST
FBP,85,15.468624405816659,0.5437861364147211,0.29932764,Fashion-MNIST
FBP,86,15.094766590492846,0.5037152549567125,0.34181947,Fashion-MNIST
FBP,87,13.905990506714335,0.6025188652530826,0.31935138,Fashion-MNIST
FBP,88,15.258861365416774,0.5275331779633512,0.32484415,Fashion-MNIST
FBP,89,13.807898919655683,0.46644249892733947,0.29039773,Fashion-MNIST
FBP,90,15.621007379157131,0.37341095004219915,0.75793076,Fashion-MNIST
FBP,91,14.788227085630455,0.3245637377995006,0.8718698,Fashion-MNIST
FBP,92,14.508383942380302,0.5701819385768349,0.29851532,Fashion-MNIST
FBP,93,15.401678582354943,0.5242424787319586,0.38736847,Fashion-MNIST
FBP,94,14.88449849142623,0.5608925199979067,0.4321945,Fashion-MNIST
FBP,95,14.742692429868251,0.7235562343169379,0.3500292,Fashion-MNIST
FBP,96,14.986118422529685,0.37399213420504257,0.7546556,Fashion-MNIST
FBP,97,14.75591106074737,0.4788634588962136,0.48939273,Fashion-MNIST
FBP,98,15.079701231514393,0.4702876799389539,0.25110042,Fashion-MNIST
FBP,99,14.52634771087006,0.5435021662736342,0.3084272,Fashion-MNIST
FBP,100,15.607462412814797,0.5199424322593037,0.4844124,Fashion-MNIST
FBP,101,13.803362907414849,0.5373642150974594,0.43723935,Fashion-MNIST
FBP,102,15.57545577940575,0.4285107478564956,0.587377,Fashion-MNIST
FBP,103,14.204384920707557,0.565392101483712,0.4641019,Fashion-MNIST
FBP,104,14.960934272866066,0.4904212863403993,0.4373331,Fashion-MNIST
FBP,105,15.106553795657616,0.4404813219986585,0.49832267,Fashion-MNIST
FBP,106,16.083726070681767,0.39793162357933054,0.6403956,Fashion-MNIST
FBP,107,15.70583386533474,0.5624920229969496,0.4436261,Fashion-MNIST
FBP,108,15.208219826272543,0.4518017138419182,0.4144916,Fashion-MNIST
FBP,109,13.531153808147527,0.445386973828797,0.42218462,Fashion-MNIST
FBP,110,14.18830280118522,0.5272387149378134,0.56818545,Fashion-MNIST
FBP,111,15.071601071221686,0.3627382454496384,0.7352407,Fashion-MNIST
FBP,112,15.35640466952536,0.47514614317510717,0.53138554,Fashion-MNIST
FBP,113,14.040899360007451,0.45757306416418925,0.36253357,Fashion-MNIST
FBP,114,14.891540681467655,0.3942224543780634,0.7862867,Fashion-MNIST
FBP,115,13.908937138289936,0.7077139970376964,0.28907117,Fashion-MNIST
FBP,116,14.925061504490904,0.55352630807387,0.40945205,Fashion-MNIST
FBP,117,14.15693286075171,0.44316152964110045,0.51510507,Fashion-MNIST
FBP,118,15.900868091296072,0.44558050530122273,0.5120413,Fashion-MNIST
FBP,119,14.562144889995155,0.3243927282446823,0.2604358,Fashion-MNIST
FBP,120,14.795306362798726,0.5355128050524993,0.40512958,Fashion-MNIST
FBP,121,14.566413747784194,0.6772823401300808,0.29869577,Fashion-MNIST
FBP,122,14.597057808578702,0.49297783618830415,0.5904213,Fashion-MNIST
FBP,123,14.802128583965366,0.5304157596586242,0.36510074,Fashion-MNIST
FBP,124,15.732811944524228,0.6102059473599161,0.27869362,Fashion-MNIST
FBP,125,14.979501639574899,0.5156243146946298,0.32405058,Fashion-MNIST
FBP,126,14.053749101418731,0.5329034483065773,0.48222286,Fashion-MNIST
FBP,127,13.957359968483987,0.581986478387358,0.35042664,Fashion-MNIST
FBP,128,15.14378754960789,0.5405647546053053,0.5510452,Fashion-MNIST
FBP,129,15.567219680373848,0.17121852294755724,1.4947567,Fashion-MNIST
FBP,130,14.66372980454988,0.6190139776565258,0.31232187,Fashion-MNIST
FBP,131,15.164173433877025,0.5093697522463102,0.46056172,Fashion-MNIST
FBP,132,15.268062247836056,0.5698053870530037,0.40846735,Fashion-MNIST
FBP,133,14.613240526880293,0.5746953445370669,0.4735248,Fashion-MNIST
FBP,134,14.73541195479104,0.4260001055673073,0.30017862,Fashion-MNIST
FBP,135,14.460666616579312,0.49016274953446703,0.63346905,Fashion-MNIST
FBP,136,14.271092627122762,0.4498011351893521,0.39483094,Fashion-MNIST
FBP,137,15.015581847703906,0.5561497879454752,0.4042228,Fashion-MNIST
FBP,138,14.30213526176634,0.5568012049362018,0.51717407,Fashion-MNIST
FBP,139,14.792460655213805,0.43273984639994867,0.7208772,Fashion-MNIST
FBP,140,15.603559652628537,0.5779107555926586,0.36711013,Fashion-MNIST
FBP,141,14.604236774012904,0.589951331231239,0.25188917,Fashion-MNIST
FBP,142,14.862571777299436,0.3751639502956667,0.686563,Fashion-MNIST
FBP,143,15.129818026871607,0.4920632740964224,0.29843175,Fashion-MNIST
FBP,144,15.104979038406228,0.5555095558774764,0.48808548,Fashion-MNIST
FBP,145,14.484609137257129,0.40443373935403926,0.28029153,Fashion-MNIST
FBP,146,15.46738113337125,0.48935069876376874,0.57057405,Fashion-MNIST
FBP,147,15.31088419641604,0.5230282496495946,0.34746152,Fashion-MNIST
FBP,148,13.962774562486471,0.46323255632586935,0.28582788,Fashion-MNIST
FBP,149,14.956638287294393,0.556174118731802,0.31073886,Fashion-MNIST
FBP,150,14.411167889952587,0.44957265455645223,0.5396558,Fashion-MNIST
FBP,151,14.012162902164365,0.5678972747323127,0.43599755,Fashion-MNIST
FBP,152,15.601566064080853,0.5718485957972729,0.36200312,Fashion-MNIST
FBP,153,15.078753518920745,0.5913812654763498,0.3589254,Fashion-MNIST
FBP,154,16.09212298704862,0.3457275389484779,0.87612617,Fashion-MNIST
FBP,155,14.621802551365146,0.4429396972657193,0.29541376,Fashion-MNIST
FBP,156,14.81984164646988,0.5145633719752789,0.38711503,Fashion-MNIST
FBP,157,16.27302278818288,0.44132366708060344,0.50978464,Fashion-MNIST
FBP,158,15.071341921677897,0.5581483840925546,0.3855926,Fashion-MNIST
FBP,159,15.786198628297416,0.5632363077343782,0.29930112,Fashion-MNIST
FBP,160,14.879503530520072,0.49269935407384524,0.58114797,Fashion-MNIST
FBP,161,14.27220492277865,0.5702754028886172,0.37481195,Fashion-MNIST
FBP,162,15.370212260117436,0.5251116151681825,0.3163547,Fashion-MNIST
FBP,163,16.004813149699324,0.5273132492194754,0.52146316,Fashion-MNIST
FBP,164,15.501305582705312,0.39898781198851885,0.7482954,Fashion-MNIST
FBP,165,15.662787587109115,0.5652365914012223,0.33874103,Fashion-MNIST
FBP,166,14.608065400445756,0.6525099974978054,0.2981165,Fashion-MNIST
FBP,167,15.319275892279247,0.5764848969961913,0.40174824,Fashion-MNIST
FBP,168,14.24290631103501,0.4232621330757755,0.33091325,Fashion-MNIST
FBP,169,13.899583195442826,0.350231894300446,0.313912,Fashion-MNIST
FBP,170,14.801501315796134,0.5445884343112573,0.40685907,Fashion-MNIST
FBP,171,15.758092982799736,0.37445266970044483,0.9075946,Fashion-MNIST
FBP,172,14.304935685304942,0.5618995141211757,0.31937048,Fashion-MNIST
FBP,173,14.637330705799613,0.48382284407200715,0.5113545,Fashion-MNIST
FBP,174,14.634422969907522,0.6053836842119013,0.26526225,Fashion-MNIST
FBP,175,14.620974779884843,0.5842461924057566,0.47055578,Fashion-MNIST
FBP,176,14.095790672281378,0.4172908680177725,0.6285724,Fashion-MNIST
FBP,177,14.819569926171,0.5080224385516983,0.3034629,Fashion-MNIST
FBP,178,15.73395354211015,0.5191076457138944,0.33587325,Fashion-MNIST
FBP,179,15.206878307079862,0.5326744525359985,0.4557719,Fashion-MNIST
FBP,180,14.571852864945152,0.4654651708955769,0.41234288,Fashion-MNIST
FBP,181,14.8058688895426,0.5068219309454555,0.4138518,Fashion-MNIST
FBP,182,14.670238845466617,0.651537797121766,0.28826025,Fashion-MNIST
FBP,183,14.198530906903661,0.680718027950507,0.36948577,Fashion-MNIST
FBP,184,15.532950369061947,0.43525643949541226,0.52100116,Fashion-MNIST
FBP,185,14.691774457866298,0.47508109425992995,0.37404191,Fashion-MNIST
FBP,186,15.644585886509416,0.5901691111369676,0.41363952,Fashion-MNIST
FBP,187,14.77957407841159,0.5357369044926119,0.2939409,Fashion-MNIST
FBP,188,15.098023116837746,0.5038902282911836,0.2588314,Fashion-MNIST
FBP,189,16.123577464145,0.44299318979563784,0.5219229,Fashion-MNIST
FBP,190,14.499813820757531,0.5520115832196022,0.4445279,Fashion-MNIST
FBP,191,15.015786822226794,0.36692377797631964,0.8242659,Fashion-MNIST
FBP,192,15.162262818379821,0.5822519994688881,0.3985144,Fashion-MNIST
FBP,193,14.00937301293994,0.5726020576313046,0.3071242,Fashion-MNIST
FBP,194,14.129660687924721,0.46659821955135844,0.5597478,Fashion-MNIST
FBP,195,14.177987843208177,0.4376633495965747,0.38325757,Fashion-MNIST
FBP,196,15.653290851389983,0.5558247405660198,0.34789082,Fashion-MNIST
FBP,197,15.108995861629174,0.6661364531052137,0.34949508,Fashion-MNIST
FBP,198,15.778283059623963,0.18951096710766288,1.2541966,Fashion-MNIST
FBP,199,15.436380376269451,0.6006908490721685,0.3627249,Fashion-MNIST
Tikhonov,0,17.85392177525344,0.5202925959027137,0.40367755,Fashion-MNIST
Tikhonov,1,14.494951448256577,0.6990934020427367,0.28085724,Fashion-MNIST
Tikhonov,2,16.278709616641503,0.6399249545664599,0.3242976,Fashion-MNIST
Tikhonov,3,16.56596832267878,0.5047007011889946,0.42448974,Fashion-MNIST
Tikhonov,4,16.455742017287363,0.5339532035464528,0.3706045,Fashion-MNIST
Tikhonov,5,16.44825124809464,0.6687585757720603,0.34363186,Fashion-MNIST
Tikhonov,6,15.960635179278091,0.5468843462530616,0.59090286,Fashion-MNIST
Tikhonov,7,15.653655842817445,0.6084268575857493,0.4801532,Fashion-MNIST
Tikhonov,8,18.33458790065223,0.32913878244854905,0.720152,Fashion-MNIST
Tikhonov,9,17.274230722708527,0.47067254858306984,0.49977943,Fashion-MNIST
Tikhonov,10,16.551301265778633,0.6656499697926862,0.3259604,Fashion-MNIST
Tikhonov,11,17.223324652941127,0.5318793760068293,0.49638605,Fashion-MNIST
Tikhonov,12,17.61562607457932,0.4802960251046206,0.4458581,Fashion-MNIST
Tikhonov,13,16.713546509212275,0.49839889631276635,0.35202116,Fashion-MNIST
Tikhonov,14,16.449283632611518,0.5405713693784311,0.21695276,Fashion-MNIST
Tikhonov,15,17.256697565892228,0.5430960823724783,0.3913737,Fashion-MNIST
Tikhonov,16,17.120748813390044,0.5699019372494014,0.40513986,Fashion-MNIST
Tikhonov,17,14.273730083649411,0.7168320632301086,0.37418318,Fashion-MNIST
Tikhonov,18,17.105681057294035,0.5851471256386548,0.299201,Fashion-MNIST
Tikhonov,19,16.26199209037212,0.5559022338346055,0.2701826,Fashion-MNIST
Tikhonov,20,15.997011765825505,0.4318216435374569,0.25950655,Fashion-MNIST
Tikhonov,21,17.402348079423838,0.5238705678601954,0.40634596,Fashion-MNIST
Tikhonov,22,17.51036925982034,0.5718455111958117,0.32073486,Fashion-MNIST
Tikhonov,23,16.674317903655528,0.6156552613438405,0.36982608,Fashion-MNIST
Tikhonov,24,17.112766845286508,0.5627635669831258,0.39551032,Fashion-MNIST
Tikhonov,25,16.62942745985565,0.5455559250563845,0.54843026,Fashion-MNIST
Tikhonov,26,15.4634584812871,0.5761718929321687,0.28793293,Fashion-MNIST
Tikhonov,27,17.33132484977431,0.5526565049378315,0.22796015,Fashion-MNIST
Tikhonov,28,16.98196347044727,0.571710918866452,0.3430832,Fashion-MNIST
Tikhonov,29,16.757077663757485,0.5980680490591282,0.28441694,Fashion-MNIST
Tikhonov,30,16.11573472000272,0.5400525820876899,0.25797316,Fashion-MNIST
Tikhonov,31,16.815130697271403,0.5836906828874268,0.38327938,Fashion-MNIST
Tikhonov,32,16.981279098701062,0.4465187185873039,0.46014774,Fashion-MNIST
Tikhonov,33,16.260652286077303,0.6298368559461875,0.2990833,Fashion-MNIST
Tikhonov,34,16.747693498119986,0.5410666387996729,0.32746023,Fashion-MNIST
Tikhonov,35,17.495373877219986,0.4832056012468351,0.5147742,Fashion-MNIST
Tikhonov,36,16.55424194872203,0.5377387221322216,0.42760813,Fashion-MNIST
Tikhonov,37,18.666560179293704,0.3509593661237135,0.7326553,Fashion-MNIST
Tikhonov,38,15.983628149223444,0.5309953027912839,0.39436328,Fashion-MNIST
Tikhonov,39,16.350275888877327,0.5367425044645914,0.3250802,Fashion-MNIST
Tikhonov,40,16.189373194703087,0.5793943390082318,0.26467955,Fashion-MNIST
Tikhonov,41,16.244934090667247,0.5986338927322029,0.32202026,Fashion-MNIST
Tikhonov,42,16.32824879665415,0.512799097717069,0.29679218,Fashion-MNIST
Tikhonov,43,17.050528394906898,0.608397140333377,0.30499497,Fashion-MNIST
Tikhonov,44,15.934246014973494,0.541804519561331,0.26288405,Fashion-MNIST
Tikhonov,45,17.855209579175902,0.5059436345602817,0.54162353,Fashion-MNIST
Tikhonov,46,16.327625135922784,0.4884928166635396,0.25216287,Fashion-MNIST
Tikhonov,47,17.02882749598909,0.5745167334210214,0.3181292,Fashion-MNIST
Tikhonov,48,16.818956574011473,0.5751809233478232,0.44546425,Fashion-MNIST
Tikhonov,49,16.556582156854873,0.5401124153565231,0.2876346,Fashion-MNIST
Tikhonov,50,15.267599546217387,0.6521642484725261,0.26290715,Fashion-MNIST
Tikhonov,51,16.532119677809106,0.4854506611889459,0.55021304,Fashion-MNIST
Tikhonov,52,18.31471803994266,0.4030881128969029,0.6612021,Fashion-MNIST
Tikhonov,53,16.275642989935633,0.440039250454774,0.20130727,Fashion-MNIST
Tikhonov,54,17.18911238558706,0.5687641096513041,0.39073732,Fashion-MNIST
Tikhonov,55,14.77786556261135,0.4848417501792231,0.3039461,Fashion-MNIST
Tikhonov,56,16.45240215970869,0.6645469353197543,0.25536042,Fashion-MNIST
Tikhonov,57,16.04619182782909,0.6768294324682764,0.32891285,Fashion-MNIST
Tikhonov,58,16.716473354845668,0.6335178945960515,0.2748273,Fashion-MNIST
Tikhonov,59,18.02008844668576,0.4068251847460758,0.5329421,Fashion-MNIST
Tikhonov,60,18.35114975906031,0.5050348665279987,0.3968667,Fashion-MNIST
Tikhonov,61,17.557200660376783,0.5418829277863972,0.3688648,Fashion-MNIST
Tikhonov,62,16.6809645837999,0.5872438171289646,0.27273926,Fashion-MNIST
Tikhonov,63,17.954031338938556,0.4935944500197185,0.58802795,Fashion-MNIST
Tikhonov,64,16.38100782050525,0.6352551934436302,0.30932385,Fashion-MNIST
Tikhonov,65,17.003864102747425,0.4629940350025494,0.52387685,Fashion-MNIST
Tikhonov,66,17.819206564121384,0.505431308815629,0.50200015,Fashion-MNIST
Tikhonov,67,17.111789081843792,0.5729603433869933,0.29032275,Fashion-MNIST
Tikhonov,68,17.36893767193747,0.528027566579894,0.4728118,Fashion-MNIST
Tikhonov,69,15.698188412341647,0.4930832491993273,0.28188094,Fashion-MNIST
Tikhonov,70,17.631244828338847,0.5308302705982423,0.45233354,Fashion-MNIST
Tikhonov,71,17.487906836296364,0.25711863537264795,0.645642,Fashion-MNIST
Tikhonov,72,15.518209695734281,0.48081764822714185,0.21237966,Fashion-MNIST
Tikhonov,73,17.16531309706786,0.5967000604134889,0.22133791,Fashion-MNIST
Tikhonov,74,15.878266989514858,0.6612868747244106,0.28278962,Fashion-MNIST
Tikhonov,75,18.18553725540251,0.4078305596925899,0.61020213,Fashion-MNIST
Tikhonov,76,16.531354158625952,0.5961547199811561,0.3218584,Fashion-MNIST
Tikhonov,77,15.857300910544838,0.6138540115399855,0.22983213,Fashion-MNIST
Tikhonov,78,16.972124585817127,0.6842715024345839,0.26977667,Fashion-MNIST
Tikhonov,79,16.036624035559928,0.5055404826514649,0.25279367,Fashion-MNIST
Tikhonov,80,18.033532487258675,0.493484466508765,0.54307973,Fashion-MNIST
Tikhonov,81,16.085064230716583,0.46259784917895536,0.28803974,Fashion-MNIST
Tikhonov,82,15.794071612315983,0.5924002356211028,0.5182778,Fashion-MNIST
Tikhonov,83,16.446540913446995,0.6003331703331475,0.26607737,Fashion-MNIST
Tikhonov,84,18.0688549110924,0.5236794004283657,0.46515667,Fashion-MNIST
Tikhonov,85,16.74179483772875,0.5727065599240624,0.25851652,Fashion-MNIST
Tikhonov,86,16.54354188832768,0.5325861016174389,0.28930637,Fashion-MNIST
Tikhonov,87,15.302986248268946,0.6246500191685729,0.2719061,Fashion-MNIST
Tikhonov,88,17.225729987544188,0.5702660826310488,0.25901902,Fashion-MNIST
Tikhonov,89,14.907537216198701,0.48902644025939246,0.25586528,Fashion-MNIST
Tikhonov,90,17.934875210995155,0.3911997203072697,0.580679,Fashion-MNIST
Tikhonov,91,17.405410027944964,0.3868893313006121,0.6450487,Fashion-MNIST
Tikhonov,92,15.673271629143322,0.5873196560196222,0.26104912,Fashion-MNIST
Tikhonov,93,17.045030704913454,0.5558615222766664,0.32059497,Fashion-MNIST
Tikhonov,94,17.191546908848554,0.5899450891211769,0.33138043,Fashion-MNIST
Tikhonov,95,16.13878036442618,0.743729841734248,0.29805738,Fashion-MNIST
Tikhonov,96,17.68950570533629,0.4500884672695163,0.5528145,Fashion-MNIST
Tikhonov,97,17.115780253003994,0.5158383382258461,0.37296155,Fashion-MNIST
Tikhonov,98,16.022107445834795,0.4784629309726956,0.22528233,Fashion-MNIST
Tikhonov,99,15.687753055107228,0.5613947860593042,0.26982513,Fashion-MNIST
Tikhonov,100,17.11883243671612,0.5444416925974944,0.4070491,Fashion-MNIST
Tikhonov,101,16.11410166358461,0.6049603373428022,0.33510607,Fashion-MNIST
Tikhonov,102,17.96164822388932,0.47518624741899634,0.4462799,Fashion-MNIST
Tikhonov,103,16.45917455713612,0.6429262895999123,0.35799244,Fashion-MNIST
Tikhonov,104,16.771757922673167,0.5371852340912716,0.355035,Fashion-MNIST
Tikhonov,105,17.327117529136082,0.4910746480452323,0.38590682,Fashion-MNIST
Tikhonov,106,18.220704637600036,0.42510439636578307,0.50072515,Fashion-MNIST
Tikhonov,107,17.594512517401007,0.6043698695889475,0.3569301,Fashion-MNIST
Tikhonov,108,17.296409003757862,0.5194998256230057,0.3259164,Fashion-MNIST
Tikhonov,109,16.07996591037186,0.5223985420932516,0.31481966,Fashion-MNIST
Tikhonov,110,16.211354958022724,0.6008104333376958,0.45012954,Fashion-MNIST
Tikhonov,111,17.257333952936538,0.38653242547550404,0.5716667,Fashion-MNIST
Tikhonov,112,17.595812475787856,0.5097546491080179,0.41061932,Fashion-MNIST
Tikhonov,113,16.25580025225245,0.5212403682555065,0.2809333,Fashion-MNIST
Tikhonov,114,17.07137012227754,0.4407111047148947,0.61177176,Fashion-MNIST
Tikhonov,115,14.600368701914459,0.6986843763161759,0.266952,Fashion-MNIST
Tikhonov,116,16.816031842806474,0.6067828849392889,0.32934755,Fashion-MNIST
Tikhonov,117,16.73701528493112,0.5344786850999164,0.3827293,Fashion-MNIST
Tikhonov,118,18.023435338862367,0.49623820747894404,0.4010298,Fashion-MNIST
Tikhonov,119,15.846132866013882,0.36397985824141343,0.22464733,Fashion-MNIST
Tikhonov,120,16.539154171566917,0.5677391198653273,0.33143747,Fashion-MNIST
Tikhonov,121,15.523050952245928,0.6922578662843155,0.26754522,Fashion-MNIST
Tikhonov,122,16.409397262393032,0.547106014901853,0.47923115,Fashion-MNIST
Tikhonov,123,16.69858592965594,0.5763499368300127,0.29348764,Fashion-MNIST
Tikhonov,124,16.644099128991478,0.6320419719616266,0.25093582,Fashion-MNIST
Tikhonov,125,16.7059481516473,0.5545358491770698,0.26563817,Fashion-MNIST
Tikhonov,126,15.538647912371308,0.5664953500302297,0.40644598,Fashion-MNIST
Tikhonov,127,15.957481937809678,0.634899914815006,0.27834985,Fashion-MNIST
Tikhonov,128,16.79055240541656,0.559632355528393,0.45587832,Fashion-MNIST
Tikhonov,129,18.353483375669597,0.23073720680027196,1.0845693,Fashion-MNIST
Tikhonov,130,16.187386335498715,0.6669792534614151,0.26207137,Fashion-MNIST
Tikhonov,131,16.87154610649579,0.5246492564822027,0.37837216,Fashion-MNIST
Tikhonov,132,16.66040258113596,0.5953704972274232,0.34796882,Fashion-MNIST
Tikhonov,133,16.986382412672917,0.6384901769439043,0.36031777,Fashion-MNIST
Tikhonov,134,16.62013960556742,0.479412180646746,0.24162582,Fashion-MNIST
Tikhonov,135,16.397558773915172,0.5521151194876167,0.50685155,Fashion-MNIST
Tikhonov,136,16.117532109092462,0.49912416792911485,0.31921932,Fashion-MNIST
Tikhonov,137,16.32904944484703,0.5664998937527118,0.34749413,Fashion-MNIST
Tikhonov,138,16.41662278505732,0.6000095453886133,0.40542665,Fashion-MNIST
Tikhonov,139,17.22659014670534,0.47680308997343884,0.54469675,Fashion-MNIST
Tikhonov,140,16.778931831164194,0.5932126261159433,0.32064745,Fashion-MNIST
Tikhonov,141,15.299336607228053,0.6022774370123578,0.23251688,Fashion-MNIST
Tikhonov,142,17.22222609562045,0.4549163820305964,0.5232361,Fashion-MNIST
Tikhonov,143,16.87231308010783,0.520289274508339,0.24418573,Fashion-MNIST
Tikhonov,144,17.291857279058366,0.5933345161483735,0.37944776,Fashion-MNIST
Tikhonov,145,16.144786651706827,0.43813088205633377,0.2315267,Fashion-MNIST
Tikhonov,146,17.859086874196105,0.5364810839667724,0.4332382,Fashion-MNIST
Tikhonov,147,17.198160767656375,0.5609872668218118,0.2796037,Fashion-MNIST
Tikhonov,148,15.575684050631882,0.5030576507323388,0.2373882,Fashion-MNIST
Tikhonov,149,16.516081448042577,0.5823998159598097,0.25967094,Fashion-MNIST
Tikhonov,150,17.15009268166103,0.5240801311081683,0.3937047,Fashion-MNIST
Tikhonov,151,16.112329240472597,0.6370708827344962,0.34235427,Fashion-MNIST
Tikhonov,152,17.367794329193952,0.5921385693734258,0.29539347,Fashion-MNIST
Tikhonov,153,17.27992296187753,0.642446599013657,0.2785773,Fashion-MNIST
Tikhonov,154,18.672327509471362,0.3755033286694872,0.65096325,Fashion-MNIST
Tikhonov,155,16.166683985410046,0.4710815895840907,0.24727866,Fashion-MNIST
Tikhonov,156,16.685935949421108,0.551455375143016,0.31227362,Fashion-MNIST
Tikhonov,157,17.858375036758037,0.4653479604616719,0.42473602,Fashion-MNIST
Tikhonov,158,16.59895461772001,0.5930830411789053,0.323406,Fashion-MNIST
Tikhonov,159,16.878214100239646,0.577666665435204,0.26394144,Fashion-MNIST
Tikhonov,160,17.001689443821057,0.5463132839070244,0.455174,Fashion-MNIST
Tikhonov,161,15.461830793034279,0.5887854318298046,0.32683766,Fashion-MNIST
Tikhonov,162,16.733080950983258,0.5602138768390883,0.27041504,Fashion-MNIST
Tikhonov,163,18.050962867615116,0.5768656367813679,0.412018,Fashion-MNIST
Tikhonov,164,17.858394851031562,0.48014239875901843,0.5704513,Fashion-MNIST
Tikhonov,165,17.264392407220267,0.600466056264346,0.28170046,Fashion-MNIST
Tikhonov,166,15.858294399148331,0.6691426529119961,0.25815144,Fashion-MNIST
Tikhonov,167,16.66253284767641,0.5984185111881157,0.34418434,Fashion-MNIST
Tikhonov,168,15.891470872336475,0.46178232271691844,0.273707,Fashion-MNIST
Tikhonov,169,15.804235190734179,0.3919535771908031,0.25210142,Fashion-MNIST
Tikhonov,170,16.984465651333217,0.6252439567944883,0.3164432,Fashion-MNIST
Tikhonov,171,18.25775319170627,0.40969793900918633,0.6806266,Fashion-MNIST
Tikhonov,172,15.56767522314549,0.5998094763971427,0.2761581,Fashion-MNIST
Tikhonov,173,16.54465942236676,0.5078545384816652,0.41054016,Fashion-MNIST
Tikhonov,174,15.244249274068228,0.6052455544059958,0.24727723,Fashion-MNIST
Tikhonov,175,16.721184518855612,0.6519046250922212,0.36948827,Fashion-MNIST
Tikhonov,176,16.581671283884884,0.4934224764519893,0.47212964,Fashion-MNIST
Tikhonov,177,16.90317033736495,0.5435259073375232,0.2387402,Fashion-MNIST
Tikhonov,178,16.838820964296048,0.5406625209744704,0.29575494,Fashion-MNIST
Tikhonov,179,17.177752887875695,0.5541744074674299,0.3632485,Fashion-MNIST
Tikhonov,180,16.791985159202383,0.5244858545760628,0.31933895,Fashion-MNIST
Tikhonov,181,16.684489114544686,0.5531468724594779,0.33336025,Fashion-MNIST
Tikhonov,182,15.545815390187618,0.6678507120179181,0.2606189,Fashion-MNIST
Tikhonov,183,15.745265922620375,0.7212238818010669,0.3092153,Fashion-MNIST
Tikhonov,184,17.574900661853647,0.46838581726057954,0.411852,Fashion-MNIST
Tikhonov,185,16.43826456550765,0.5148074663978278,0.30591148,Fashion-MNIST
Tikhonov,186,17.69802350577898,0.6572441251915764,0.32655033,Fashion-MNIST
Tikhonov,187,15.944448180076503,0.5618605424793368,0.25704923,Fashion-MNIST
Tikhonov,188,16.316437595420503,0.5423549462551412,0.2249553,Fashion-MNIST
Tikhonov,189,17.571448597594152,0.46057915075394434,0.44178686,Fashion-MNIST
Tikhonov,190,17.099054123467287,0.6167853700742943,0.32956192,Fashion-MNIST
Tikhonov,191,17.37414907237498,0.4519167464353483,0.6282742,Fashion-MNIST
Tikhonov,192,16.378507787348596,0.5971479577246633,0.346443,Fashion-MNIST
Tikhonov,193,15.063768552309254,0.5932657724585045,0.27201587,Fashion-MNIST
Tikhonov,194,15.462022696436344,0.46479565877426987,0.48014715,Fashion-MNIST
Tikhonov,195,16.11157969832854,0.47797229719375434,0.30676875,Fashion-MNIST
Tikhonov,196,17.292535137310335,0.5830285423043211,0.28805855,Fashion-MNIST
Tikhonov,197,16.354110637322886,0.7000702608319976,0.30282053,Fashion-MNIST
Tikhonov,198,18.60494047161723,0.27874913546045055,0.9058009,Fashion-MNIST
Tikhonov,199,16.345700502966306,0.5981839318921615,0.3266716,Fashion-MNIST
TV,0,22.183624032000782,0.7703136831968407,0.24521637,Fashion-MNIST
TV,1,16.13978567427889,0.7074216010153855,0.23240414,Fashion-MNIST
TV,2,20.146909138238172,0.774764617697205,0.20774652,Fashion-MNIST
TV,3,19.17254425652558,0.6512281192954407,0.31444046,Fashion-MNIST
TV,4,18.60996049493433,0.5805821079252795,0.28920096,Fashion-MNIST
TV,5,19.421190187320107,0.7939689646115188,0.24403183,Fashion-MNIST
TV,6,17.218850963014415,0.6102874584434447,0.511217,Fashion-MNIST
TV,7,15.81054615711809,0.4039807758940584,0.47155824,Fashion-MNIST
TV,8,20.6938757995094,0.6014394641907748,0.5488577,Fashion-MNIST
TV,9,19.976453461983517,0.6649869689054033,0.3661569,Fashion-MNIST
TV,10,19.12764936485104,0.7163364098615144,0.2422967,Fashion-MNIST
TV,11,18.885583846926263,0.6494838096642066,0.40992713,Fashion-MNIST
TV,12,21.619128506062253,0.6700468507156638,0.28120402,Fashion-MNIST
TV,13,20.735966950887466,0.6962207741458123,0.22153774,Fashion-MNIST
TV,14,20.160648837038778,0.6899632245690893,0.14151318,Fashion-MNIST
TV,15,19.599059706280094,0.6547584054368155,0.29886398,Fashion-MNIST
TV,16,19.001660716197165,0.6691087656461996,0.32625666,Fashion-MNIST
TV,17,14.51224898488256,0.6641385784942256,0.36404768,Fashion-MNIST
TV,18,21.575445708545796,0.7630391094356406,0.17884417,Fashion-MNIST
TV,19,20.92777612590919,0.6815211227174526,0.15789494,Fashion-MNIST
TV,20,18.47377275893865,0.5433241505722307,0.1951238,Fashion-MNIST
TV,21,19.548502919294137,0.6797388618242396,0.31738633,Fashion-MNIST
TV,22,21.5962716117685,0.7167128353641361,0.20037849,Fashion-MNIST
TV,23,18.832598938561027,0.7638876288475023,0.2884586,Fashion-MNIST
TV,24,20.35879636761574,0.7182448718712227,0.27218008,Fashion-MNIST
TV,25,18.176682607459558,0.569103104993701,0.45894292,Fashion-MNIST
TV,26,18.076391366594667,0.6706433741637137,0.21313007,Fashion-MNIST
TV,27,21.893790967959177,0.7373362911282076,0.13481419,Fashion-MNIST
TV,28,19.99547096369493,0.7152997948044588,0.24250689,Fashion-MNIST
TV,29,20.55391915630619,0.7315033045905249,0.18370178,Fashion-MNIST
TV,30,18.041243878864705,0.6436461287181178,0.20668028,Fashion-MNIST
TV,31,18.959861802185443,0.6300401409610736,0.29941872,Fashion-MNIST
TV,32,17.99400848126442,0.6518766265554923,0.4095065,Fashion-MNIST
TV,33,18.7611491302575,0.7004214879789212,0.224268,Fashion-MNIST
TV,34,19.610521666682722,0.650608952923039,0.23551424,Fashion-MNIST
TV,35,19.347646886784503,0.4997895712548605,0.4159136,Fashion-MNIST
TV,36,18.248558968051036,0.6871670028137058,0.35182777,Fashion-MNIST
TV,37,22.252096897947155,0.6276543542804304,0.48486724,Fashion-MNIST
TV,38,18.71862839039913,0.7200076637928151,0.2878369,Fashion-MNIST
TV,39,19.793607331036103,0.682352810982886,0.21868749,Fashion-MNIST
TV,40,19.65831235425425,0.6999129478950515,0.1775307,Fashion-MNIST
TV,41,19.63821272262003,0.7541039219503253,0.21788093,Fashion-MNIST
TV,42,20.544535692800714,0.704693592078926,0.18265775,Fashion-MNIST
TV,43,21.228936047297378,0.8140542497242654,0.18852647,Fashion-MNIST
TV,44,19.55550608737872,0.668069479022991,0.17326118,Fashion-MNIST
TV,45,19.923290820771257,0.6416422073856335,0.4268679,Fashion-MNIST
TV,46,19.550755977647853,0.5770303936682888,0.17399013,Fashion-MNIST
TV,47,19.737228684406542,0.679145688608612,0.23290752,Fashion-MNIST
TV,48,19.482664369166486,0.6706085866971387,0.327814,Fashion-MNIST
TV,49,19.903586036663775,0.6114207658731987,0.195655,Fashion-MNIST
TV,50,16.667197016734765,0.6735641677548324,0.22378065,Fashion-MNIST
TV,51,19.134872182473266,0.5475307664533785,0.4077493,Fashion-MNIST
TV,52,20.212808486645535,0.6262653926887727,0.53141,Fashion-MNIST
TV,53,19.948810925745917,0.7235649442102968,0.13188672,Fashion-MNIST
TV,54,20.34672160054447,0.6804862155632909,0.2716467,Fashion-MNIST
TV,55,16.61584096826725,0.5682624836436911,0.24597889,Fashion-MNIST
TV,56,19.288494093898052,0.7822424022958052,0.18422519,Fashion-MNIST
TV,57,17.883429819888633,0.6860811171114198,0.26620665,Fashion-MNIST
TV,58,21.454026390247915,0.7786123060007014,0.1592877,Fashion-MNIST
TV,59,22.753953930693,0.6896851791977143,0.30902013,Fashion-MNIST
TV,60,22.29827150145994,0.7148141766405733,0.25193503,Fashion-MNIST
TV,61,20.217909813300693,0.6825008427816605,0.27153873,Fashion-MNIST
TV,62,19.225648484811018,0.7291836499194191,0.20347612,Fashion-MNIST
TV,63,20.086673510776833,0.6582781132782063,0.46000847,Fashion-MNIST
TV,64,19.874134137307642,0.7836785012334662,0.20689839,Fashion-MNIST
TV,65,18.665811375606726,0.5813120048693265,0.4326451,Fashion-MNIST
TV,66,20.452930774321455,0.6155991396012385,0.37069577,Fashion-MNIST
TV,67,21.036902225723356,0.7035520308288314,0.18476743,Fashion-MNIST
TV,68,19.660637197759776,0.7217323408300472,0.36316445,Fashion-MNIST
TV,69,17.582494921086564,0.6054616351087563,0.2269083,Fashion-MNIST
TV,70,19.603686793850915,0.6907184967243937,0.3604431,Fashion-MNIST
TV,71,22.101795828408864,0.609650602287128,0.37957475,Fashion-MNIST
TV,72,17.708685643322703,0.6644275484981607,0.16503997,Fashion-MNIST
TV,73,21.759760595004884,0.810007507349018,0.13041677,Fashion-MNIST
TV,74,18.397692231154895,0.6837019538535729,0.21158859,Fashion-MNIST
TV,75,20.866669611076375,0.5977272388317492,0.4481435,Fashion-MNIST
TV,76,20.58042551864648,0.7081925177808143,0.20193486,Fashion-MNIST
TV,77,18.637645929471226,0.7611879053653587,0.16687585,Fashion-MNIST
TV,78,19.533825246117047,0.8065048003769364,0.20087197,Fashion-MNIST
TV,79,19.349976307010774,0.6331283007459791,0.17262296,Fashion-MNIST
TV,80,21.569984773727526,0.6705395103824779,0.36144397,Fashion-MNIST
TV,81,18.338396850196688,0.5556175634803727,0.22222136,Fashion-MNIST
TV,82,17.105003191594438,0.678925033100719,0.4456727,Fashion-MNIST
TV,83,20.017094127869406,0.7653504983759639,0.17639256,Fashion-MNIST
TV,84,20.047734725644023,0.6973102730294797,0.37038663,Fashion-MNIST
TV,85,21.137891023578383,0.7335109306145305,0.15584162,Fashion-MNIST
TV,86,20.431609546866927,0.6502334499266961,0.18490754,Fashion-MNIST
TV,87,17.438283587016855,0.6963943511645467,0.21264449,Fashion-MNIST
TV,88,22.406072497966537,0.7720553190024062,0.14266403,Fashion-MNIST
TV,89,16.40463955718164,0.4665320339422165,0.21535562,Fashion-MNIST
TV,90,21.746797046541836,0.6047730665684732,0.37440363,Fashion-MNIST
TV,91,20.2239787759493,0.5798185208008032,0.46629855,Fashion-MNIST
TV,92,18.221187369138264,0.6677581601937818,0.19468227,Fashion-MNIST
TV,93,20.938533746825748,0.74966853095867,0.20477717,Fashion-MNIST
TV,94,20.316120989755277,0.7240610780860182,0.23125872,Fashion-MNIST
TV,95,18.060830280119603,0.7704796116522028,0.2388897,Fashion-MNIST
TV,96,21.193788742776135,0.5327197250829286,0.36928806,Fashion-MNIST
TV,97,20.743128441975248,0.6489697625949086,0.24563861,Fashion-MNIST
TV,98,20.04596921085852,0.6054730496911932,0.14175358,Fashion-MNIST
TV,99,17.987661288548527,0.6094478851324416,0.2070556,Fashion-MNIST
TV,100,18.22567108225649,0.6692329931019012,0.3583479,Fashion-MNIST
TV,101,17.96424058854898,0.5257611539876781,0.27081665,Fashion-MNIST
TV,102,22.427328419123597,0.7289439906589379,0.26688448,Fashion-MNIST
TV,103,19.262710546014436,0.7196092306797909,0.25923705,Fashion-MNIST
TV,104,20.065386122636536,0.7454143506186159,0.24299073,Fashion-MNIST
TV,105,20.430672371996312,0.6488533834513077,0.26996326,Fashion-MNIST
TV,106,20.81548423226596,0.6617693395261491,0.37141582,Fashion-MNIST
TV,107,20.978942732772474,0.7455051962963559,0.24174733,Fashion-MNIST
TV,108,20.132018492914305,0.7969272625594099,0.23513961,Fashion-MNIST
TV,109,20.04099425146778,0.6622850302990944,0.199531,Fashion-MNIST
TV,110,17.495111792240355,0.6589462937987294,0.38828415,Fashion-MNIST
TV,111,19.703081664250355,0.6069355691929371,0.43137553,Fashion-MNIST
TV,112,21.297448401185246,0.7185281212557076,0.26813748,Fashion-MNIST
TV,113,20.34474103708344,0.6999707744141256,0.17545111,Fashion-MNIST
TV,114,18.46131167354153,0.6516935907415892,0.52130556,Fashion-MNIST
TV,115,16.19031069461372,0.7641273498889213,0.22229828,Fashion-MNIST
TV,116,20.41414506739951,0.7024093349156363,0.21764506,Fashion-MNIST
TV,117,19.778208914138673,0.6135160112099276,0.26966962,Fashion-MNIST
TV,118,21.450711214560492,0.7625879008969492,0.27027935,Fashion-MNIST
TV,119,18.58225143911512,0.6692309209948005,0.16394393,Fashion-MNIST
TV,120,20.621173819292355,0.7193389989528035,0.20715748,Fashion-MNIST
TV,121,18.062683545343535,0.7682369679716716,0.19971727,Fashion-MNIST
TV,122,17.731378363966652,0.6457061235569725,0.41157216,Fashion-MNIST
TV,123,19.928923160977202,0.7797633041627705,0.20233591,Fashion-MNIST
TV,124,20.796250701898835,0.7798204367002857,0.15558048,Fashion-MNIST
TV,125,20.48583808662361,0.6869623833759264,0.17190796,Fashion-MNIST
TV,126,16.32172632370082,0.616187057280836,0.37140602,Fashion-MNIST
TV,127,18.874350019285092,0.7396356639277175,0.19895168,Fashion-MNIST
TV,128,18.604506231371605,0.6357948138832676,0.369957,Fashion-MNIST
TV,129,21.933000328252135,0.5904967000877316,0.7182597,Fashion-MNIST
TV,130,18.697078386979157,0.7069952616483466,0.19630663,Fashion-MNIST
TV,131,19.53333624620018,0.7414835418289727,0.27850288,Fashion-MNIST
TV,132,19.375654293111644,0.7256328883534682,0.25455272,Fashion-MNIST
TV,133,19.53205292791338,0.743392834372526,0.26878318,Fashion-MNIST
TV,134,20.569977106351942,0.7271650532137387,0.1533386,Fashion-MNIST
TV,135,17.509492236557918,0.5637669454728954,0.4459479,Fashion-MNIST
TV,136,18.487887717721115,0.5908894104794561,0.24298051,Fashion-MNIST
TV,137,19.45413025683799,0.7288397801231808,0.24248976,Fashion-MNIST
TV,138,17.642668685940567,0.555640174049022,0.35205463,Fashion-MNIST
TV,139,20.10253318631035,0.6384919754745177,0.39116287,Fashion-MNIST
TV,140,20.002021694366295,0.7181840282970701,0.2212449,Fashion-MNIST
TV,141,17.39524362800999,0.7221863827906734,0.1826666,Fashion-MNIST
TV,142,19.57097811730385,0.5988773393535155,0.39926395,Fashion-MNIST
TV,143,22.37853627387606,0.7086704008104203,0.12954156,Fashion-MNIST
TV,144,20.17759444926927,0.7052469310670136,0.2721856,Fashion-MNIST
TV,145,19.719203801601505,0.7094105906603658,0.15341938,Fashion-MNIST
TV,146,20.353335199409457,0.6744133473791505,0.32509804,Fashion-MNIST
TV,147,22.2415529744747,0.7591014582979346,0.15644917,Fashion-MNIST
TV,148,17.42677595862282,0.5853158902292526,0.19182469,Fashion-MNIST
TV,149,18.466565628998588,0.6789139773511936,0.2074432,Fashion-MNIST
TV,150,20.840420862701578,0.6541602651527044,0.25742707,Fashion-MNIST
TV,151,18.380768674941287,0.6911127045096384,0.26366577,Fashion-MNIST
TV,152,21.2353198331337,0.7227988781345901,0.18924509,Fashion-MNIST
TV,153,20.49945330345119,0.660960670391267,0.19229554,Fashion-MNIST
TV,154,20.9586707849566,0.677915009708444,0.5003101,Fashion-MNIST
TV,155,18.759742156826352,0.6115671165818098,0.18345676,Fashion-MNIST
TV,156,20.76023087109028,0.7091447655866808,0.19535321,Fashion-MNIST
TV,157,20.97954930344961,0.6508351203260081,0.29652438,Fashion-MNIST
TV,158,19.94744703089883,0.8032424624331973,0.21994972,Fashion-MNIST
TV,159,21.784743343965186,0.7125374522013974,0.15003102,Fashion-MNIST
TV,160,19.445173283188268,0.6605944105208474,0.34356055,Fashion-MNIST
TV,161,17.138003465101676,0.6285579636970089,0.2694781,Fashion-MNIST
TV,162,20.058168095339685,0.7435186159727741,0.18440661,Fashion-MNIST
TV,163,21.636821293996743,0.7304459349444705,0.27266115,Fashion-MNIST
TV,164,21.001326955244416,0.613982710310004,0.39725742,Fashion-MNIST
TV,165,20.618762206567574,0.8021219799310462,0.19145605,Fashion-MNIST
TV,166,18.331060850386756,0.7375685321859831,0.1941942,Fashion-MNIST
TV,167,19.098563967126854,0.751066870084054,0.26000968,Fashion-MNIST
TV,168,19.302896863923674,0.6459041197691883,0.18480538,Fashion-MNIST
TV,169,19.32524855183973,0.5719215956185598,0.16808331,Fashion-MNIST
TV,170,20.612177096885734,0.8067997164961382,0.208406,Fashion-MNIST
TV,171,20.672148455929495,0.5867534068466957,0.5154531,Fashion-MNIST
TV,172,18.923256409259505,0.7469707634815174,0.18766303,Fashion-MNIST
TV,173,18.529055661087913,0.7019469303190554,0.32669,Fashion-MNIST
TV,174,17.674541316754052,0.7515613955006866,0.18692592,Fashion-MNIST
TV,175,19.057743385239206,0.7081354921548974,0.2823402,Fashion-MNIST
TV,176,19.162389530211595,0.5880717759959646,0.35077238,Fashion-MNIST
TV,177,22.980481659359505,0.789784735899942,0.11859325,Fashion-MNIST
TV,178,20.068798196355445,0.7465995919067135,0.20390747,Fashion-MNIST
TV,179,19.912992286461314,0.6820346694083669,0.2651196,Fashion-MNIST
TV,180,20.884633945879298,0.701081765285882,0.19935147,Fashion-MNIST
TV,181,19.94017595719928,0.700811711445928,0.22915506,Fashion-MNIST
TV,182,17.384997110168328,0.7243060706575856,0.21088557,Fashion-MNIST
TV,183,17.475613437854747,0.6751764126830111,0.25336322,Fashion-MNIST
TV,184,21.45440061632855,0.7152452174697287,0.26349124,Fashion-MNIST
TV,185,19.975162330586475,0.7362670733108501,0.2035874,Fashion-MNIST
TV,186,21.040688362447604,0.8639294897506306,0.22223727,Fashion-MNIST
TV,187,19.246586781683646,0.7247712016375043,0.1757557,Fashion-MNIST
TV,188,20.81783160755441,0.7307784383845215,0.13397586,Fashion-MNIST
TV,189,21.512829438092336,0.740572827644954,0.28063625,Fashion-MNIST
TV,190,20.191464292504506,0.7162681970329694,0.23084289,Fashion-MNIST
TV,191,19.776931903853296,0.5901735529807697,0.47644207,Fashion-MNIST
TV,192,19.16558117151323,0.7270594354803589,0.25134954,Fashion-MNIST
TV,193,16.22636627806352,0.5128996752309305,0.2379383,Fashion-MNIST
TV,194,15.830615496416682,0.5671251785002402,0.46019796,Fashion-MNIST
TV,195,18.377940769513316,0.5932149083184247,0.23631598,Fashion-MNIST
TV,196,20.864420843782355,0.6786724882804566,0.19093543,Fashion-MNIST
TV,197,17.305781298336033,0.758934805985571,0.27139497,Fashion-MNIST
TV,198,22.301982747111076,0.4609741476375979,0.5918078,Fashion-MNIST
TV,199,18.943133592244614,0.6748064672843792,0.24223658,Fashion-MNIST
PnP-DnCNN,0,16.537718054200436,0.7203908588598705,0.4697262,Fashion-MNIST
PnP-DnCNN,1,16.862612511266594,0.8017369483035705,0.2138467,Fashion-MNIST
PnP-DnCNN,2,21.27740517142199,0.950384758535988,0.18239333,Fashion-MNIST
PnP-DnCNN,3,16.913659705556203,0.7820681249414964,0.40783322,Fashion-MNIST
PnP-DnCNN,4,12.299083610865162,0.4061126043372989,0.5980584,Fashion-MNIST
PnP-DnCNN,5,17.233247479289354,0.8694237570686281,0.3139378,Fashion-MNIST
PnP-DnCNN,6,17.281439823978218,0.6333965335354211,0.5075465,Fashion-MNIST
PnP-DnCNN,7,13.349575270180713,0.5667349507739722,0.62601376,Fashion-MNIST
PnP-DnCNN,8,20.483511383240472,0.8675966891075276,0.56231284,Fashion-MNIST
PnP-DnCNN,9,17.379698996182412,0.7153691237124669,0.49374753,Fashion-MNIST
PnP-DnCNN,10,13.541799993419518,0.5826075379698237,0.4609353,Fashion-MNIST
PnP-DnCNN,11,17.165499071083964,0.7902613363328798,0.49970174,Fashion-MNIST
PnP-DnCNN,12,16.732775062236378,0.7581084378685202,0.49355915,Fashion-MNIST
PnP-DnCNN,13,18.38600802894634,0.8554717717463274,0.29036593,Fashion-MNIST
PnP-DnCNN,14,18.33688524630112,0.7900145708483236,0.17457622,Fashion-MNIST
PnP-DnCNN,15,16.10769921588817,0.7597351084859688,0.44672635,Fashion-MNIST
PnP-DnCNN,16,12.691169275548065,0.41155272530110876,0.6746585,Fashion-MNIST
PnP-DnCNN,17,13.968378214774589,0.7673554069493428,0.38757148,Fashion-MNIST
PnP-DnCNN,18,15.429790431581807,0.5933425543706649,0.36287543,Fashion-MNIST
PnP-DnCNN,19,15.304808605568041,0.5924075950238487,0.3016592,Fashion-MNIST
PnP-DnCNN,20,12.595314297263158,0.390293455048935,0.3839133,Fashion-MNIST
PnP-DnCNN,21,16.456398165255376,0.7749612046422991,0.45309937,Fashion-MNIST
PnP-DnCNN,22,18.918621230339316,0.818549842870393,0.2727304,Fashion-MNIST
PnP-DnCNN,23,18.780528872952086,0.8681887994897514,0.29019302,Fashion-MNIST
PnP-DnCNN,24,16.901692709957,0.8532385885068947,0.40523925,Fashion-MNIST
PnP-DnCNN,25,14.84961730450289,0.49066491687224034,0.6731501,Fashion-MNIST
PnP-DnCNN,26,15.386073246820335,0.6292839390244951,0.29050967,Fashion-MNIST
PnP-DnCNN,27,20.86266814846305,0.8329937607935083,0.15180698,Fashion-MNIST
PnP-DnCNN,28,15.771046213278856,0.7011036574975241,0.3944077,Fashion-MNIST
PnP-DnCNN,29,16.42586937504357,0.6835719785789675,0.2954717,Fashion-MNIST
PnP-DnCNN,30,15.75302197576586,0.6137663121508389,0.2689739,Fashion-MNIST
PnP-DnCNN,31,18.024926806780762,0.6185789180955367,0.33344612,Fashion-MNIST
PnP-DnCNN,32,17.981849055001437,0.8670381352782619,0.41008016,Fashion-MNIST
PnP-DnCNN,33,16.244430668079836,0.6913352455551282,0.29964238,Fashion-MNIST
PnP-DnCNN,34,15.415822895738682,0.5208602324377097,0.38172632,Fashion-MNIST
PnP-DnCNN,35,14.76335143568831,0.4542673307178496,0.7050467,Fashion-MNIST
PnP-DnCNN,36,18.003531125086848,0.7401001758946583,0.36189413,Fashion-MNIST
PnP-DnCNN,37,20.736926227770564,0.7870644808781511,0.5772732,Fashion-MNIST
PnP-DnCNN,38,17.294912675883687,0.7305903764462686,0.3391035,Fashion-MNIST
PnP-DnCNN,39,15.72165074028242,0.7131542511854883,0.34947953,Fashion-MNIST
PnP-DnCNN,40,16.289814464502527,0.659669386384593,0.26163653,Fashion-MNIST
PnP-DnCNN,41,20.230907607895453,0.9241398328776694,0.2035094,Fashion-MNIST
PnP-DnCNN,42,15.761725818653641,0.5904217994154223,0.31679523,Fashion-MNIST
PnP-DnCNN,43,19.026561337908838,0.845585294577778,0.24293555,Fashion-MNIST
PnP-DnCNN,44,14.729852080709119,0.5271493933559822,0.301984,Fashion-MNIST
PnP-DnCNN,45,17.499684086857673,0.6283392724427125,0.5642529,Fashion-MNIST
PnP-DnCNN,46,12.962518838071205,0.4260815858722122,0.37148088,Fashion-MNIST
PnP-DnCNN,47,18.48981740795965,0.8754266739384202,0.26887727,Fashion-MNIST
PnP-DnCNN,48,13.809482267089228,0.48019867120931226,0.62992173,Fashion-MNIST
PnP-DnCNN,49,13.759906246894893,0.4655711994562221,0.3968944,Fashion-MNIST
PnP-DnCNN,50,15.229156827418134,0.6784665342742646,0.26407334,Fashion-MNIST
PnP-DnCNN,51,13.595099514858797,0.34200294848391016,0.7715816,Fashion-MNIST
PnP-DnCNN,52,19.783945440323382,0.7658385397772082,0.55830675,Fashion-MNIST
PnP-DnCNN,53,19.746995570783156,0.7343594636128299,0.13498695,Fashion-MNIST
PnP-DnCNN,54,13.477709697053132,0.4833615641456005,0.5990389,Fashion-MNIST
PnP-DnCNN,55,12.99984236042372,0.4841731189959875,0.37299052,Fashion-MNIST
PnP-DnCNN,56,16.20261077017501,0.6990352757929339,0.2628108,Fashion-MNIST
PnP-DnCNN,57,13.8535586898134,0.6268460809691878,0.42336258,Fashion-MNIST
PnP-DnCNN,58,18.734591428258817,0.7574225594799068,0.21784821,Fashion-MNIST
PnP-DnCNN,59,15.394903914648054,0.35863579584110994,0.72100663,Fashion-MNIST
PnP-DnCNN,60,19.13303027193135,0.7800615976145107,0.36270258,Fashion-MNIST
PnP-DnCNN,61,17.455908782226416,0.7787466195204165,0.37319157,Fashion-MNIST
PnP-DnCNN,62,16.845120558275678,0.7050738059119456,0.2676331,Fashion-MNIST
PnP-DnCNN,63,18.070978705659666,0.6933305691802597,0.5801638,Fashion-MNIST
PnP-DnCNN,64,22.1921224163274,0.9354911707341671,0.1584374,Fashion-MNIST
PnP-DnCNN,65,16.723914059482915,0.7447601170279086,0.5410367,Fashion-MNIST
PnP-DnCNN,66,15.03930052782607,0.4394229085525341,0.6913519,Fashion-MNIST
PnP-DnCNN,67,17.433368635303232,0.7549311834626085,0.2797706,Fashion-MNIST
PnP-DnCNN,68,15.49193355897634,0.6087520205909348,0.58686537,Fashion-MNIST
PnP-DnCNN,69,14.302471281781497,0.5257514375653422,0.33101797,Fashion-MNIST
PnP-DnCNN,70,17.147707017337975,0.7004178429430366,0.47822872,Fashion-MNIST
PnP-DnCNN,71,15.219470970975376,0.19259454245707464,0.8383272,Fashion-MNIST
PnP-DnCNN,72,18.843928497013692,0.7889195253636831,0.14481948,Fashion-MNIST
PnP-DnCNN,73,20.413377284225437,0.8479757430820826,0.15228342,Fashion-MNIST
PnP-DnCNN,74,15.54696574455809,0.696398619619152,0.29378423,Fashion-MNIST
PnP-DnCNN,75,16.49862695521055,0.47540154052592337,0.7410018,Fashion-MNIST
PnP-DnCNN,76,18.796367060401344,0.8661733285797191,0.24797861,Fashion-MNIST
PnP-DnCNN,77,19.476614430653143,0.7978271487989648,0.15151131,Fashion-MNIST
PnP-DnCNN,78,14.933229286679454,0.6430958288194745,0.341153,Fashion-MNIST
PnP-DnCNN,79,15.32679353864806,0.5498213177096591,0.27432016,Fashion-MNIST
PnP-DnCNN,80,16.66503344707596,0.6520978357250348,0.6357532,Fashion-MNIST
PnP-DnCNN,81,12.557473358975503,0.4039029047318523,0.4323465,Fashion-MNIST
PnP-DnCNN,82,17.39274399834993,0.8392913055429159,0.43115062,Fashion-MNIST
PnP-DnCNN,83,19.611954590738733,0.8719676876794701,0.18481499,Fashion-MNIST
PnP-DnCNN,84,18.18309550604131,0.8274543529514932,0.45907882,Fashion-MNIST
PnP-DnCNN,85,16.451865700283516,0.6291311151376436,0.26729125,Fashion-MNIST
PnP-DnCNN,86,19.22233970895976,0.8030276990530258,0.21252897,Fashion-MNIST
PnP-DnCNN,87,15.37892107510088,0.6728785588500854,0.2695394,Fashion-MNIST
PnP-DnCNN,88,15.539005065576612,0.634098899245266,0.3145342,Fashion-MNIST
PnP-DnCNN,89,14.734550967503477,0.5278904358899675,0.2610121,Fashion-MNIST
PnP-DnCNN,90,22.55107335589357,0.8045363672893525,0.34129208,Fashion-MNIST
PnP-DnCNN,91,16.143342656667038,0.49604583021411136,0.7459262,Fashion-MNIST
PnP-DnCNN,92,16.450989546562514,0.642487911591672,0.23869114,Fashion-MNIST
PnP-DnCNN,93,18.964391997532704,0.8477582592624894,0.25703284,Fashion-MNIST
PnP-DnCNN,94,18.441261685214865,0.8919781467546363,0.28697306,Fashion-MNIST
PnP-DnCNN,95,15.67654261589488,0.7819092335595079,0.3143488,Fashion-MNIST
PnP-DnCNN,96,15.21025177530313,0.3722669988100211,0.7354313,Fashion-MNIST
PnP-DnCNN,97,16.207889058039758,0.7626041748757235,0.41405556,Fashion-MNIST
PnP-DnCNN,98,17.118142671780504,0.5552497463972377,0.19857536,Fashion-MNIST
PnP-DnCNN,99,14.956432212341639,0.5564863088055829,0.29352728,Fashion-MNIST
PnP-DnCNN,100,15.442953367192553,0.7473021006550301,0.49367452,Fashion-MNIST
PnP-DnCNN,101,13.607383263454025,0.5649364753510834,0.44721696,Fashion-MNIST
PnP-DnCNN,102,17.681694025505763,0.7668260362861324,0.46089822,Fashion-MNIST
PnP-DnCNN,103,13.848861340514958,0.5818969802623076,0.48349223,Fashion-MNIST
PnP-DnCNN,104,16.758873549850264,0.7749285134121252,0.355562,Fashion-MNIST
PnP-DnCNN,105,12.92955005046458,0.40016769695750914,0.64026654,Fashion-MNIST
PnP-DnCNN,106,21.4636187522811,0.9069261718387446,0.3447098,Fashion-MNIST
PnP-DnCNN,107,15.881517573534117,0.7300974272253099,0.43474334,Fashion-MNIST
PnP-DnCNN,108,14.65101685646606,0.6314787223409816,0.44195276,Fashion-MNIST
PnP-DnCNN,109,13.239766933608117,0.44451547715770107,0.436588,Fashion-MNIST
PnP-DnCNN,110,13.95235157024857,0.5626361326653412,0.5838317,Fashion-MNIST
PnP-DnCNN,111,20.295740327023513,0.8729046978718362,0.40292346,Fashion-MNIST
PnP-DnCNN,112,18.086900607104738,0.7927859897151867,0.38804758,Fashion-MNIST
PnP-DnCNN,113,13.885008702760267,0.5286835928520665,0.36909887,Fashion-MNIST
PnP-DnCNN,114,18.23892369363266,0.7520683990163182,0.5348251,Fashion-MNIST
PnP-DnCNN,115,17.363011968141105,0.8467441041576714,0.19422317,Fashion-MNIST
PnP-DnCNN,116,14.044457968920394,0.552438143402033,0.45314083,Fashion-MNIST
PnP-DnCNN,117,12.24194928111438,0.4009984237651104,0.6421626,Fashion-MNIST
PnP-DnCNN,118,17.920573627615465,0.7255857482134973,0.40580714,Fashion-MNIST
PnP-DnCNN,119,14.402641973871525,0.4236577792157619,0.26526248,Fashion-MNIST
PnP-DnCNN,120,15.997486274143801,0.6074230786189745,0.3527646,Fashion-MNIST
PnP-DnCNN,121,16.922611010666298,0.8418427050221434,0.22772948,Fashion-MNIST
PnP-DnCNN,122,14.594101706263999,0.5872866124769073,0.5906223,Fashion-MNIST
PnP-DnCNN,123,18.417338449039985,0.8233991350672181,0.24079762,Fashion-MNIST
PnP-DnCNN,124,21.425219534021316,0.8868917923570757,0.1447127,Fashion-MNIST
PnP-DnCNN,125,14.88568179990731,0.5634880910831932,0.32756975,Fashion-MNIST
PnP-DnCNN,126,12.813752453545543,0.5591640852053538,0.55622137,Fashion-MNIST
PnP-DnCNN,127,16.191554397026728,0.6373849230701073,0.27094892,Fashion-MNIST
PnP-DnCNN,128,14.680277054294047,0.751692948685882,0.58124965,Fashion-MNIST
PnP-DnCNN,129,21.051432290048865,0.4880587489240512,0.7949867,Fashion-MNIST
PnP-DnCNN,130,14.879619732141103,0.6322116390878935,0.30465472,Fashion-MNIST
PnP-DnCNN,131,18.10556510301496,0.8990687297364651,0.3282602,Fashion-MNIST
PnP-DnCNN,132,16.25158195675707,0.7651393053339302,0.3647383,Fashion-MNIST
PnP-DnCNN,133,16.54370550115206,0.7839750218482242,0.37915736,Fashion-MNIST
PnP-DnCNN,134,13.884042360911078,0.42975907967654864,0.33109164,Fashion-MNIST
PnP-DnCNN,135,14.029913643964951,0.49886179008779225,0.6656762,Fashion-MNIST
PnP-DnCNN,136,12.691024663573579,0.42218591562101393,0.47360313,Fashion-MNIST
PnP-DnCNN,137,20.51155909561713,0.9365938732569868,0.214695,Fashion-MNIST
PnP-DnCNN,138,13.218965816557917,0.5667077848607913,0.5858618,Fashion-MNIST
PnP-DnCNN,139,17.552691415519867,0.7634176898416717,0.5246259,Fashion-MNIST
PnP-DnCNN,140,19.547215656551412,0.8973198176885009,0.23313826,Fashion-MNIST
PnP-DnCNN,141,17.940164416642826,0.7969447637211593,0.17155884,Fashion-MNIST
PnP-DnCNN,142,14.489338723861373,0.43537443008507815,0.71670765,Fashion-MNIST
PnP-DnCNN,143,16.073658450420613,0.6097776371334326,0.26770285,Fashion-MNIST
PnP-DnCNN,144,17.92011990678572,0.8301032088063888,0.35297084,Fashion-MNIST
PnP-DnCNN,145,15.250343265931427,0.5000024134038721,0.25663936,Fashion-MNIST
PnP-DnCNN,146,16.362933235017902,0.717048687906551,0.5146766,Fashion-MNIST
PnP-DnCNN,147,21.63894247250694,0.891937399252264,0.1676887,Fashion-MNIST
PnP-DnCNN,148,18.08006808998823,0.6661351108346288,0.1779262,Fashion-MNIST
PnP-DnCNN,149,15.265532855812342,0.5786885774645315,0.2998823,Fashion-MNIST
PnP-DnCNN,150,12.713230698244807,0.4387995597814198,0.65616596,Fashion-MNIST
PnP-DnCNN,151,12.850168716269959,0.5602894154154072,0.4984066,Fashion-MNIST
PnP-DnCNN,152,19.638311072205468,0.8979501918007328,0.22744429,Fashion-MNIST
PnP-DnCNN,153,14.642172566156546,0.6003872185314366,0.37742725,Fashion-MNIST
PnP-DnCNN,154,19.46002876658431,0.8168151781630648,0.59452677,Fashion-MNIST
PnP-DnCNN,155,13.563526796860767,0.45373135469546005,0.333691,Fashion-MNIST
PnP-DnCNN,156,14.413861130776503,0.5622221196261773,0.4056384,Fashion-MNIST
PnP-DnCNN,157,17.932438744894025,0.8059976322861189,0.42112976,Fashion-MNIST
PnP-DnCNN,158,16.61630133992507,0.788767915231576,0.32276076,Fashion-MNIST
PnP-DnCNN,159,21.813824383773202,0.9034924368905134,0.14952955,Fashion-MNIST
PnP-DnCNN,160,16.509061947149863,0.6977544383714476,0.48173574,Fashion-MNIST
PnP-DnCNN,161,14.380443564420151,0.6152238680244845,0.3701702,Fashion-MNIST
PnP-DnCNN,162,19.48138085418087,0.8753566337087431,0.19706787,Fashion-MNIST
PnP-DnCNN,163,17.93083442303482,0.8208298918363939,0.4177559,Fashion-MNIST
PnP-DnCNN,164,15.315136828010464,0.4422028589154755,0.7645071,Fashion-MNIST
PnP-DnCNN,165,18.11148778676585,0.8358780774595754,0.25552467,Fashion-MNIST
PnP-DnCNN,166,17.654854128468617,0.7702041977084091,0.2099165,Fashion-MNIST
PnP-DnCNN,167,15.458804547663625,0.7372393804912124,0.39534616,Fashion-MNIST
PnP-DnCNN,168,14.504414564032997,0.4566062751474712,0.32109883,Fashion-MNIST
PnP-DnCNN,169,14.591941802176505,0.4078305392648278,0.2898611,Fashion-MNIST
PnP-DnCNN,170,15.316915091304125,0.6565457193113812,0.3834187,Fashion-MNIST
PnP-DnCNN,171,19.366172098860787,0.7267298676479562,0.5990843,Fashion-MNIST
PnP-DnCNN,172,15.42725142249555,0.6108774372145835,0.280659,Fashion-MNIST
PnP-DnCNN,173,17.814839566836735,0.8614498071511053,0.3546881,Fashion-MNIST
PnP-DnCNN,174,19.250423457610754,0.8375260965561413,0.1559105,Fashion-MNIST
PnP-DnCNN,175,13.866408481232902,0.6066982338959275,0.5132624,Fashion-MNIST
PnP-DnCNN,176,13.68287910247091,0.5263237557854996,0.6591753,Fashion-MNIST
PnP-DnCNN,177,16.007914690371948,0.5532900714797732,0.26466003,Fashion-MNIST
PnP-DnCNN,178,20.671931151112076,0.8908203461068905,0.19022888,Fashion-MNIST
PnP-DnCNN,179,16.74219138484047,0.820350956398809,0.38192835,Fashion-MNIST
PnP-DnCNN,180,14.035342476667012,0.5454834523184856,0.4386155,Fashion-MNIST
PnP-DnCNN,181,15.771398820040352,0.7585824108874994,0.37031248,Fashion-MNIST
PnP-DnCNN,182,17.829793035494667,0.804216890251418,0.20035817,Fashion-MNIST
PnP-DnCNN,183,14.766634932831819,0.6997031166703125,0.34609276,Fashion-MNIST
PnP-DnCNN,184,19.950190637041697,0.812654632569891,0.31331176,Fashion-MNIST
PnP-DnCNN,185,15.73006511818538,0.7053600613216384,0.33189884,Fashion-MNIST
PnP-DnCNN,186,16.37649667231624,0.7503023973111956,0.38021255,Fashion-MNIST
PnP-DnCNN,187,16.911309328418817,0.6562239599725893,0.22997111,Fashion-MNIST
PnP-DnCNN,188,20.18915476351822,0.7134198745450944,0.14403248,Fashion-MNIST
PnP-DnCNN,189,20.504701985516963,0.7842415803793263,0.3151738,Fashion-MNIST
PnP-DnCNN,190,14.654288253954482,0.6510851289581484,0.43669206,Fashion-MNIST
PnP-DnCNN,191,15.392620630718008,0.36352114758176696,0.7892701,Fashion-MNIST
PnP-DnCNN,192,15.032038058133612,0.7719574181924859,0.40453422,Fashion-MNIST
PnP-DnCNN,193,14.870688689025728,0.6340738280926694,0.27813026,Fashion-MNIST
PnP-DnCNN,194,15.613118102297898,0.8183446126597479,0.47186697,Fashion-MNIST
PnP-DnCNN,195,13.3414796482998,0.44202787343177885,0.4220036,Fashion-MNIST
PnP-DnCNN,196,16.38981191001902,0.683857382333896,0.31960747,Fashion-MNIST
PnP-DnCNN,197,15.88909701644293,0.7901720290480196,0.31947437,Fashion-MNIST
PnP-DnCNN,198,17.90242805889835,0.11333087576562967,0.98210603,Fashion-MNIST
PnP-DnCNN,199,18.989034192178075,0.9239565254831763,0.24095982,Fashion-MNIST
FBP,0,15.906817676880284,0.5485556916527239,0.43448672,EMNIST-letters
FBP,1,15.455652802707384,0.6652677128105164,0.40961957,EMNIST-letters
FBP,2,14.999609177162673,0.6986843667681351,0.535694,EMNIST-letters
FBP,3,15.201275208921556,0.78238373404699,0.39436218,EMNIST-letters
FBP,4,15.653695233063107,0.6786572013031316,0.4768768,EMNIST-letters
FBP,5,15.569127045683441,0.7321150753055271,0.3702604,EMNIST-letters
FBP,6,15.665349346335073,0.6385962898872876,0.45338252,EMNIST-letters
FBP,7,15.886654187651068,0.6563837416480874,0.43662417,EMNIST-letters
FBP,8,15.784649202148833,0.5776206742695409,0.47259355,EMNIST-letters
FBP,9,15.38355997720667,0.7261474794269951,0.3525479,EMNIST-letters
FBP,10,15.513352414218762,0.6101161506207259,0.4603811,EMNIST-letters
FBP,11,16.096270014939446,0.6488775771669514,0.44266042,EMNIST-letters
FBP,12,15.519024958277583,0.8413099770872923,0.32991314,EMNIST-letters
FBP,13,15.712333571549467,0.7767489978496163,0.30152676,EMNIST-letters
FBP,14,14.761366920371291,0.6098039817061213,0.48196203,EMNIST-letters
FBP,15,16.574987333759413,0.7303188587522061,0.34522998,EMNIST-letters
FBP,16,15.375358868431782,0.6497412150795355,0.4899102,EMNIST-letters
FBP,17,16.011061968665608,0.698464554728154,0.36182404,EMNIST-letters
FBP,18,14.855468865911002,0.6421793304572088,0.45531252,EMNIST-letters
FBP,19,15.49978987365171,0.718048859964782,0.42165273,EMNIST-letters
FBP,20,15.463223859379319,0.7257158466917727,0.33578157,EMNIST-letters
FBP,21,15.698043100996697,0.6800456563646285,0.39362788,EMNIST-letters
FBP,22,16.142638977803166,0.7243529227916425,0.3239287,EMNIST-letters
FBP,23,15.569234354055626,0.7008720888268065,0.41828775,EMNIST-letters
FBP,24,15.665341004684928,0.72251459038725,0.3744033,EMNIST-letters
FBP,25,15.361095826334655,0.735680953591936,0.39538053,EMNIST-letters
FBP,26,15.931237929127128,0.6701304380227412,0.39054263,EMNIST-letters
FBP,27,15.426038589711439,0.6889720306888585,0.48786864,EMNIST-letters
FBP,28,15.969594224528045,0.7269970265030476,0.3371329,EMNIST-letters
FBP,29,15.930193826039252,0.651714423691088,0.4762112,EMNIST-letters
FBP,30,14.934882971590444,0.4551092541583815,0.67324406,EMNIST-letters
FBP,31,15.290217843958121,0.7356718212060575,0.38874173,EMNIST-letters
FBP,32,15.66878265404458,0.6703849372912554,0.41464907,EMNIST-letters
FBP,33,15.917009877290436,0.7062788932682963,0.40778753,EMNIST-letters
FBP,34,15.516043183451433,0.5572981419767424,0.5472428,EMNIST-letters
FBP,35,15.131351769817254,0.6187772741771571,0.4683297,EMNIST-letters
FBP,36,15.518414589862095,0.4580381261323115,0.6038995,EMNIST-letters
FBP,37,14.647393046287132,0.6366058441410793,0.47095358,EMNIST-letters
FBP,38,15.504774750609986,0.773667968288622,0.32403737,EMNIST-letters
FBP,39,15.396388424432937,0.7630376427721575,0.3548378,EMNIST-letters
FBP,40,15.190041756185346,0.6303011040953238,0.53653866,EMNIST-letters
FBP,41,15.28143474000198,0.7672224678648761,0.40016043,EMNIST-letters
FBP,42,15.783870526703115,0.6950534794103543,0.42625678,EMNIST-letters
FBP,43,15.391707745694498,0.8099194605825643,0.34193468,EMNIST-letters
FBP,44,15.822604892469318,0.7709399402659427,0.46871027,EMNIST-letters
FBP,45,14.538328741907963,0.6618670799401093,0.49954173,EMNIST-letters
FBP,46,15.355322640535562,0.5466413567513025,0.47640792,EMNIST-letters
FBP,47,15.136654620374767,0.7991796399483891,0.37864572,EMNIST-letters
FBP,48,15.39188381632439,0.7334328739100986,0.42755565,EMNIST-letters
FBP,49,15.068272813819902,0.7576467175117125,0.39768824,EMNIST-letters
FBP,50,15.201385938721314,0.7310022633706873,0.43821794,EMNIST-letters
FBP,51,15.579107546214798,0.8281947762709234,0.33922648,EMNIST-letters
FBP,52,15.892164685762847,0.6011946320494276,0.4750725,EMNIST-letters
FBP,53,15.545471739534566,0.7810302995536058,0.3848364,EMNIST-letters
FBP,54,15.245613367318409,0.7702036510722678,0.42363286,EMNIST-letters
FBP,55,15.171377765595096,0.676506940591123,0.37260953,EMNIST-letters
FBP,56,15.851234992692127,0.7178784720830558,0.38039985,EMNIST-letters
FBP,57,15.656136294029606,0.5844002740160241,0.5446742,EMNIST-letters
FBP,58,14.836587585181984,0.6482501132508152,0.47875085,EMNIST-letters
FBP,59,15.341941540657963,0.6284922100419577,0.477267,EMNIST-letters
FBP,60,15.435871641105026,0.7174461143623367,0.3864771,EMNIST-letters
FBP,61,15.907275696039216,0.623064040759586,0.43063757,EMNIST-letters
FBP,62,15.594888371299163,0.7531346947831209,0.3865513,EMNIST-letters
FBP,63,15.23753996328461,0.693624619840118,0.37262365,EMNIST-letters
FBP,64,15.412700944880582,0.714936727817865,0.4528848,EMNIST-letters
FBP,65,15.933004553801062,0.462343044958341,0.5598511,EMNIST-letters
FBP,66,15.701399111723951,0.7271051446982748,0.3765533,EMNIST-letters
FBP,67,15.341859885592717,0.7700765600704231,0.35519743,EMNIST-letters
FBP,68,15.13688263398243,0.7349388589222039,0.38115066,EMNIST-letters
FBP,69,14.999432246178198,0.7215978154651137,0.36407113,EMNIST-letters
FBP,70,15.807658078255148,0.6515804954779465,0.3687277,EMNIST-letters
FBP,71,15.529132700315198,0.6812800661658506,0.4205246,EMNIST-letters
FBP,72,15.438283907836443,0.5195967495641195,0.5561476,EMNIST-letters
FBP,73,15.510700443549508,0.8172075048100813,0.3223857,EMNIST-letters
FBP,74,14.90313153078106,0.7875285917531178,0.3893827,EMNIST-letters
FBP,75,15.467162406897291,0.5175766823140443,0.5556304,EMNIST-letters
FBP,76,14.85509683204195,0.6713549301705577,0.46595538,EMNIST-letters
FBP,77,15.740722931617343,0.6866131665572103,0.40913785,EMNIST-letters
FBP,78,15.686620995140467,0.7366118135784843,0.4099114,EMNIST-letters
FBP,79,16.30048855505677,0.6852802219908287,0.34676,EMNIST-letters
FBP,80,15.464889151087249,0.779567254655624,0.44978642,EMNIST-letters
FBP,81,15.358497580559705,0.6702709705552614,0.36941117,EMNIST-letters
FBP,82,15.593432739056968,0.7921375514140756,0.39000943,EMNIST-letters
FBP,83,15.720791564937855,0.8241246575603891,0.36661896,EMNIST-letters
FBP,84,15.831059715427786,0.7511384286718108,0.3510604,EMNIST-letters
FBP,85,15.21145371796678,0.7654713703443783,0.3696262,EMNIST-letters
FBP,86,14.779781784375118,0.7400719786170713,0.44971025,EMNIST-letters
FBP,87,15.328349053375671,0.5816287499156031,0.53988457,EMNIST-letters
FBP,88,14.598295475453707,0.7535642099461888,0.47809154,EMNIST-letters
FBP,89,15.24982922748594,0.7148895802108673,0.4281829,EMNIST-letters
FBP,90,14.72205962188327,0.7618413609044852,0.4191604,EMNIST-letters
FBP,91,15.656034151246628,0.7789089308952656,0.34002015,EMNIST-letters
FBP,92,15.80866488309413,0.7738172956997306,0.35475865,EMNIST-letters
FBP,93,15.169705064529282,0.7052378457629248,0.48871896,EMNIST-letters
FBP,94,15.145749750286658,0.816797417781435,0.3558536,EMNIST-letters
FBP,95,14.818049186794344,0.7631340721092468,0.41545075,EMNIST-letters
FBP,96,14.808350827813863,0.7899245250107112,0.40695727,EMNIST-letters
FBP,97,16.15453598850737,0.5617139701938236,0.47780728,EMNIST-letters
FBP,98,14.981515513268812,0.7517614916228802,0.40307817,EMNIST-letters
FBP,99,15.607952599955603,0.5758829171948394,0.5130982,EMNIST-letters
FBP,100,15.329214330018626,0.6991365881924049,0.38787192,EMNIST-letters
FBP,101,15.00479306218927,0.7000615377837676,0.4195164,EMNIST-letters
FBP,102,15.752914149085713,0.6787415433789061,0.4186623,EMNIST-letters
FBP,103,15.839549863545042,0.48293408114661046,0.51435685,EMNIST-letters
FBP,104,14.861596319566615,0.7193460895459568,0.40082523,EMNIST-letters
FBP,105,15.003558883434952,0.8308158041418661,0.34038857,EMNIST-letters
FBP,106,14.838083383187051,0.6757182146088593,0.5469727,EMNIST-letters
FBP,107,15.157439968145543,0.7191771906186021,0.39768738,EMNIST-letters
FBP,108,16.022265381254577,0.5526534597076894,0.4592406,EMNIST-letters
FBP,109,16.57390432324851,0.5870660941606827,0.36583605,EMNIST-letters
FBP,110,15.653769861761615,0.6681152361668579,0.4600367,EMNIST-letters
FBP,111,15.735972311423838,0.6318851421477849,0.43085718,EMNIST-letters
FBP,112,15.476760805224758,0.7443241366867489,0.41775456,EMNIST-letters
FBP,113,15.903797515224557,0.6970167405509957,0.40252706,EMNIST-letters
FBP,114,16.313290598377023,0.7657172032627123,0.36439675,EMNIST-letters
FBP,115,15.516339437424154,0.7526804692498437,0.4385203,EMNIST-letters
FBP,116,15.315232295341307,0.8016704353135876,0.37084016,EMNIST-letters
FBP,117,15.673051794043298,0.7728258456410296,0.4293213,EMNIST-letters
FBP,118,14.982722777447044,0.590809200840092,0.5544565,EMNIST-letters
FBP,119,15.72616133056185,0.5771654366845942,0.53958696,EMNIST-letters
FBP,120,15.363180159976157,0.6594404373300519,0.4650037,EMNIST-letters
FBP,121,15.382497530574781,0.7443500377735929,0.4109747,EMNIST-letters
FBP,122,15.599161077356982,0.6502752436182682,0.42112154,EMNIST-letters
FBP,123,15.275315600893988,0.5980536260944335,0.47712845,EMNIST-letters
FBP,124,15.511128869968719,0.7457610189398531,0.40677127,EMNIST-letters
FBP,125,15.659106103260712,0.44122617364679956,0.6276779,EMNIST-letters
FBP,126,15.795299877168405,0.7671918694346264,0.37730438,EMNIST-letters
FBP,127,15.375209580357122,0.7203928642344136,0.42235836,EMNIST-letters
FBP,128,15.656546523991345,0.786916951323818,0.38363075,EMNIST-letters
FBP,129,15.414712495132793,0.6797613255819234,0.43434784,EMNIST-letters
FBP,130,15.570538321150254,0.6706600529290851,0.397868,EMNIST-letters
FBP,131,15.957230916773593,0.7606697368959551,0.36622167,EMNIST-letters
FBP,132,14.78005922726092,0.5465959376486669,0.59639966,EMNIST-letters
FBP,133,15.316082303533562,0.7679355400845949,0.38413262,EMNIST-letters
FBP,134,15.002506328104575,0.7009743497288311,0.43424058,EMNIST-letters
FBP,135,15.830590358705361,0.6679868632629283,0.462051,EMNIST-letters
FBP,136,16.89710949574139,0.5790249826865822,0.39370003,EMNIST-letters
FBP,137,15.399933303220621,0.7144055123343839,0.36552498,EMNIST-letters
FBP,138,14.87600150722965,0.6066671964825008,0.487854,EMNIST-letters
FBP,139,15.166041577003664,0.6940407138883063,0.4122951,EMNIST-letters
FBP,140,15.516863336688868,0.8091328324344055,0.37010646,EMNIST-letters
FBP,141,17.299969048272082,0.6376442626757982,0.35163185,EMNIST-letters
FBP,142,15.635078124757884,0.7658446796964454,0.40648282,EMNIST-letters
FBP,143,16.089050718664044,0.8461313733565505,0.31792575,EMNIST-letters
FBP,144,15.495598289776638,0.7287632815325106,0.43053785,EMNIST-letters
FBP,145,15.81832397751821,0.6405535191131567,0.41680983,EMNIST-letters
FBP,146,15.466606686025301,0.7121067095750799,0.4011949,EMNIST-letters
FBP,147,15.700732317403627,0.8158192706898924,0.34835228,EMNIST-letters
FBP,148,15.042590601302804,0.6717765421439674,0.41196325,EMNIST-letters
FBP,149,15.644410209866795,0.6093615433186762,0.52452517,EMNIST-letters
FBP,150,15.786030307617171,0.6817947368558221,0.41981646,EMNIST-letters
FBP,151,15.254867039024141,0.6678019364565646,0.39319324,EMNIST-letters
FBP,152,15.664416204284171,0.8196633289435115,0.35367146,EMNIST-letters
FBP,153,15.729792260878755,0.7517299951562992,0.39304417,EMNIST-letters
FBP,154,15.411192893931446,0.7128490492115125,0.42172366,EMNIST-letters
FBP,155,15.134211956848603,0.5997630791806398,0.4883329,EMNIST-letters
FBP,156,14.60055727878283,0.7636455057427832,0.4382257,EMNIST-letters
FBP,157,15.46785442123323,0.5539583537303304,0.48607677,EMNIST-letters
FBP,158,15.890684327638887,0.7506086843533606,0.37527528,EMNIST-letters
FBP,159,15.274571728354395,0.6600768004983883,0.41935223,EMNIST-letters
FBP,160,14.42194263748749,0.6307131168739206,0.48923272,EMNIST-letters
FBP,161,15.766864498736187,0.7324059716995165,0.46956557,EMNIST-letters
FBP,162,15.121068628644467,0.7483670686461281,0.36488485,EMNIST-letters
FBP,163,15.766577790164968,0.5875260193593735,0.45748615,EMNIST-letters
FBP,164,14.876597143838113,0.5358517040351051,0.5942839,EMNIST-letters
FBP,165,14.679083337281844,0.49412613729043736,0.58112407,EMNIST-letters
FBP,166,15.68882222318608,0.7716298379437071,0.41301936,EMNIST-letters
FBP,167,15.040069836162695,0.7610194855337757,0.42720684,EMNIST-letters
FBP,168,15.67520165506879,0.6496539424730475,0.3973581,EMNIST-letters
FBP,169,16.26435247782095,0.5964139751310187,0.38651454,EMNIST-letters
FBP,170,15.051631512037279,0.7529300586401036,0.40734577,EMNIST-letters
FBP,171,14.784449805171356,0.7130200679981379,0.465593,EMNIST-letters
FBP,172,15.18135878199719,0.5097489869621321,0.5571858,EMNIST-letters
FBP,173,14.575700837630748,0.6597722656366416,0.44000545,EMNIST-letters
FBP,174,15.270317387497677,0.6863920274569435,0.44431052,EMNIST-letters
FBP,175,15.539395503949354,0.6757035057367935,0.4291121,EMNIST-letters
FBP,176,14.790353275494017,0.6237477508479631,0.4785888,EMNIST-letters
FBP,177,15.697127225329817,0.7931628544186626,0.35670507,EMNIST-letters
FBP,178,15.734475138879493,0.5752629569508203,0.48641884,EMNIST-letters
FBP,179,15.216173575670012,0.5760669606372311,0.45691633,EMNIST-letters
FBP,180,15.327345033198583,0.7659430946590242,0.37927288,EMNIST-letters
FBP,181,14.864898893674534,0.6310627413971335,0.512015,EMNIST-letters
FBP,182,15.752869626092957,0.7107731276352323,0.4326186,EMNIST-letters
FBP,183,14.931753763023632,0.7192405429275462,0.38759604,EMNIST-letters
FBP,184,15.295726792430724,0.8132226863361978,0.37501162,EMNIST-letters
FBP,185,15.930756726118071,0.6764178224329351,0.40538004,EMNIST-letters
FBP,186,15.779126896018433,0.6798745213051337,0.3806033,EMNIST-letters
FBP,187,15.639937470383494,0.697114495840982,0.39029357,EMNIST-letters
FBP,188,16.00247291468367,0.7010863597063667,0.36951476,EMNIST-letters
FBP,189,15.8507179030467,0.706546004157449,0.3668164,EMNIST-letters
FBP,190,16.13685219536888,0.6598846504004375,0.39317715,EMNIST-letters
FBP,191,14.882380074975279,0.7749383656614367,0.38092595,EMNIST-letters
FBP,192,15.8594825702291,0.732808900892774,0.3657753,EMNIST-letters
FBP,193,15.446151652938418,0.5771139596204307,0.5158632,EMNIST-letters
FBP,194,15.128404206541193,0.695069789155271,0.43572134,EMNIST-letters
FBP,195,15.611942431400717,0.6993182610050768,0.39632758,EMNIST-letters
FBP,196,14.538314145686096,0.7458836560563064,0.43520206,EMNIST-letters
FBP,197,15.449752398494192,0.6346049669940359,0.46550506,EMNIST-letters
FBP,198,16.455902184107394,0.6248472012771382,0.40880248,EMNIST-letters
FBP,199,15.372075449685942,0.6723386599865493,0.4525301,EMNIST-letters
Tikhonov,0,17.96330159629055,0.5934710308071418,0.34288803,EMNIST-letters
Tikhonov,1,17.005177648050033,0.6868126923148616,0.34269238,EMNIST-letters
Tikhonov,2,16.728704546512624,0.739472881745675,0.43899748,EMNIST-letters
Tikhonov,3,16.141569137810134,0.7986422240294416,0.3539,EMNIST-letters
Tikhonov,4,16.437481851611743,0.6836277154179998,0.43572938,EMNIST-letters
Tikhonov,5,17.333062011476944,0.7676842574257219,0.3022112,EMNIST-letters
Tikhonov,6,17.697903827646954,0.6776326748167024,0.3587873,EMNIST-letters
Tikhonov,7,17.325135953956497,0.6834546193850423,0.36998463,EMNIST-letters
Tikhonov,8,17.64625044656359,0.6028566699214558,0.38142374,EMNIST-letters
Tikhonov,9,16.962694371720872,0.7493035305377523,0.29394186,EMNIST-letters
Tikhonov,10,16.502870315021333,0.6272736580341031,0.4108105,EMNIST-letters
Tikhonov,11,17.60181035171641,0.6764105356179085,0.37221485,EMNIST-letters
Tikhonov,12,16.705081808679893,0.8573844416027557,0.28780395,EMNIST-letters
Tikhonov,13,17.088571681223286,0.8021815754954265,0.25734392,EMNIST-letters
Tikhonov,14,16.242475557729424,0.643121789646944,0.40640348,EMNIST-letters
Tikhonov,15,17.18545751632685,0.733892285509164,0.32179922,EMNIST-letters
Tikhonov,16,16.92135289855232,0.6815150793719256,0.41003108,EMNIST-letters
Tikhonov,17,17.44239211948464,0.7288068942625839,0.30685335,EMNIST-letters
Tikhonov,18,16.14671838519532,0.6599716699039005,0.3924164,EMNIST-letters
Tikhonov,19,16.709462780704584,0.7421455047841854,0.36683542,EMNIST-letters
Tikhonov,20,17.054552366169254,0.7589215911859416,0.27956992,EMNIST-letters
Tikhonov,21,16.99601397993638,0.6899683826893072,0.33899033,EMNIST-letters
Tikhonov,22,17.510617942653507,0.747420759399206,0.27672637,EMNIST-letters
Tikhonov,23,16.701046220553447,0.7214439051857888,0.36718473,EMNIST-letters
Tikhonov,24,16.921449255047733,0.7472981391854638,0.32399198,EMNIST-letters
Tikhonov,25,16.754351617819175,0.7566211627154565,0.33678478,EMNIST-letters
Tikhonov,26,17.66864207719703,0.7085409146134187,0.31974092,EMNIST-letters
Tikhonov,27,16.802357534172202,0.7164498827685236,0.41637725,EMNIST-letters
Tikhonov,28,17.36711891137548,0.7501976714666244,0.28702843,EMNIST-letters
Tikhonov,29,17.81918879187467,0.6984585519203693,0.38313323,EMNIST-letters
Tikhonov,30,17.401194550601648,0.48944621693635404,0.5068238,EMNIST-letters
Tikhonov,31,17.10526023683739,0.777759952805234,0.3154344,EMNIST-letters
Tikhonov,32,17.39404732808868,0.7037585197934931,0.3399519,EMNIST-letters
Tikhonov,33,17.45145799637093,0.7349198443378795,0.3417524,EMNIST-letters
Tikhonov,34,17.44657948069085,0.5927857172147233,0.4381807,EMNIST-letters
Tikhonov,35,16.58254871166142,0.650618976161744,0.3962706,EMNIST-letters
Tikhonov,36,17.672767302263534,0.4912377231406079,0.47124526,EMNIST-letters
Tikhonov,37,16.385562034594933,0.6714994583946599,0.3855402,EMNIST-letters
Tikhonov,38,17.472585223575233,0.8194104529102333,0.25834766,EMNIST-letters
Tikhonov,39,16.77882104724963,0.7931394878643072,0.30262735,EMNIST-letters
Tikhonov,40,17.05278316713226,0.675027193473931,0.43297613,EMNIST-letters
Tikhonov,41,16.97388567846168,0.8002177780185737,0.32931507,EMNIST-letters
Tikhonov,42,17.731642406314815,0.7353032358844134,0.34062985,EMNIST-letters
Tikhonov,43,16.717899845023698,0.836694517714541,0.2935172,EMNIST-letters
Tikhonov,44,17.47158729347789,0.8067882127536957,0.3876639,EMNIST-letters
Tikhonov,45,15.714429933773806,0.6833072223504313,0.4362814,EMNIST-letters
Tikhonov,46,17.40085099235101,0.5854646832956875,0.3764459,EMNIST-letters
Tikhonov,47,16.458095149241856,0.8266884861978191,0.32520786,EMNIST-letters
Tikhonov,48,17.39975833633657,0.7682789855974357,0.3393118,EMNIST-letters
Tikhonov,49,16.815865527030855,0.7976436953114208,0.3252094,EMNIST-letters
Tikhonov,50,16.673094987274453,0.7547007901897107,0.3699174,EMNIST-letters
Tikhonov,51,16.491322056525213,0.8428985035154691,0.30540705,EMNIST-letters
Tikhonov,52,17.967965488122726,0.6403612934677354,0.37408462,EMNIST-letters
Tikhonov,53,16.645871410243863,0.7933085716114483,0.33904412,EMNIST-letters
Tikhonov,54,16.98594017420576,0.8080430326522482,0.3467155,EMNIST-letters
Tikhonov,55,16.73093393546971,0.7033462281827623,0.31136954,EMNIST-letters
Tikhonov,56,17.163365174589977,0.7431903470195502,0.3270648,EMNIST-letters
Tikhonov,57,17.243500590743366,0.6131658427516375,0.45369986,EMNIST-letters
Tikhonov,58,16.792837011330718,0.6882729176143261,0.38220567,EMNIST-letters
Tikhonov,59,16.517232762922582,0.6421616121172647,0.4168664,EMNIST-letters
Tikhonov,60,17.146746023420175,0.7502226549487423,0.3173804,EMNIST-letters
Tikhonov,61,17.65910813577748,0.6521121221402091,0.35198188,EMNIST-letters
Tikhonov,62,16.43892221870115,0.7661868556102446,0.35075626,EMNIST-letters
Tikhonov,63,16.942249336447325,0.7241967744261318,0.306221,EMNIST-letters
Tikhonov,64,16.543012335967624,0.7271687607211157,0.39762363,EMNIST-letters
Tikhonov,65,17.509122635363756,0.473281483984916,0.46694598,EMNIST-letters
Tikhonov,66,16.8063757486919,0.7406851859149438,0.33157182,EMNIST-letters
Tikhonov,67,16.724511708466544,0.7922621779384338,0.30292645,EMNIST-letters
Tikhonov,68,16.447843118238005,0.7609157324737335,0.32775453,EMNIST-letters
Tikhonov,69,16.781458252020595,0.7606073238753159,0.29654112,EMNIST-letters
Tikhonov,70,17.444300886686023,0.6855034723270335,0.30540323,EMNIST-letters
Tikhonov,71,17.12082103839558,0.7115805391869258,0.35011202,EMNIST-letters
Tikhonov,72,17.16314035784648,0.5433102715654637,0.45598146,EMNIST-letters
Tikhonov,73,16.628597255280813,0.830943147554197,0.28345293,EMNIST-letters
Tikhonov,74,16.39041274528544,0.8084143993347568,0.32810482,EMNIST-letters
Tikhonov,75,17.36851011393584,0.5470651505086359,0.4463942,EMNIST-letters
Tikhonov,76,16.470234057444525,0.7060470789005164,0.38688996,EMNIST-letters
Tikhonov,77,17.385406958571604,0.7262245784369336,0.3385598,EMNIST-letters
Tikhonov,78,17.406678382386424,0.767507634309894,0.3362692,EMNIST-letters
Tikhonov,79,17.901966149779046,0.7239338792296471,0.28837335,EMNIST-letters
Tikhonov,80,17.36182691520871,0.8189294405655805,0.36154255,EMNIST-letters
Tikhonov,81,16.823762700305686,0.7002169995112653,0.31206623,EMNIST-letters
Tikhonov,82,17.301643377102096,0.8276437789582732,0.3203794,EMNIST-letters
Tikhonov,83,16.85344169192616,0.8448549516576973,0.3217973,EMNIST-letters
Tikhonov,84,17.263125077354765,0.7737373805687616,0.2976998,EMNIST-letters
Tikhonov,85,16.564890586116345,0.7951709076960394,0.31629398,EMNIST-letters
Tikhonov,86,16.34996698707217,0.7686596862028434,0.37533885,EMNIST-letters
Tikhonov,87,17.310833630197916,0.6185268175676137,0.42971125,EMNIST-letters
Tikhonov,88,16.09687138639928,0.7879599134614768,0.4023299,EMNIST-letters
Tikhonov,89,16.672338540683832,0.745005625200531,0.36349955,EMNIST-letters
Tikhonov,90,15.861928394357985,0.7863978671072598,0.3676096,EMNIST-letters
Tikhonov,91,17.090540673089063,0.8086744549754942,0.28825665,EMNIST-letters
Tikhonov,92,16.98528092073084,0.7935567021265064,0.3098148,EMNIST-letters
Tikhonov,93,16.782738714277855,0.7364054280470321,0.4058892,EMNIST-letters
Tikhonov,94,16.15288724664042,0.8331761006727691,0.31689435,EMNIST-letters
Tikhonov,95,16.741376265419635,0.8087130511773188,0.3329302,EMNIST-letters
Tikhonov,96,16.32723783059404,0.8239219179713698,0.34166813,EMNIST-letters
Tikhonov,97,17.989235961940317,0.5946989052564344,0.3868279,EMNIST-letters
Tikhonov,98,16.543991145792127,0.7809985559727142,0.33671737,EMNIST-letters
Tikhonov,99,17.32488724314521,0.6121845385329105,0.4210694,EMNIST-letters
Tikhonov,100,17.252470167477874,0.738611082110577,0.31083187,EMNIST-letters
Tikhonov,101,16.22752555426552,0.7213214707935098,0.36442852,EMNIST-letters
Tikhonov,102,17.76199575634771,0.710037303832552,0.33220777,EMNIST-letters
Tikhonov,103,18.05161624765392,0.5133955051965169,0.39871374,EMNIST-letters
Tikhonov,104,16.458309048258105,0.7507648949524819,0.33351815,EMNIST-letters
Tikhonov,105,16.52068034646076,0.8619842499577294,0.28583726,EMNIST-letters
Tikhonov,106,16.513997557887098,0.7070527935982922,0.45099315,EMNIST-letters
Tikhonov,107,16.913330863928497,0.7535274626700639,0.32489818,EMNIST-letters
Tikhonov,108,17.738539267932588,0.5879239001889109,0.37690035,EMNIST-letters
Tikhonov,109,18.39726143494339,0.6238459122933886,0.29656416,EMNIST-letters
Tikhonov,110,16.99511944395256,0.6915089465104801,0.39420757,EMNIST-letters
Tikhonov,111,17.057401989745546,0.6571192984825938,0.3700512,EMNIST-letters
Tikhonov,112,17.025909901933403,0.7720786299660402,0.3495133,EMNIST-letters
Tikhonov,113,17.253374234531663,0.7239510973947688,0.3446008,EMNIST-letters
Tikhonov,114,17.6394818101504,0.7889338395864248,0.31279868,EMNIST-letters
Tikhonov,115,17.531814344603042,0.7914132764341679,0.34770903,EMNIST-letters
Tikhonov,116,17.01022798291512,0.8384987566839472,0.3050963,EMNIST-letters
Tikhonov,117,17.159870470592487,0.805097165430919,0.36177745,EMNIST-letters
Tikhonov,118,16.44146164316979,0.6154733355366817,0.4687384,EMNIST-letters
Tikhonov,119,17.924480062412133,0.6232875565702889,0.4189339,EMNIST-letters
Tikhonov,120,16.982290841005078,0.6834523707367518,0.3859232,EMNIST-letters
Tikhonov,121,17.331626737652606,0.7959326300616106,0.32836634,EMNIST-letters
Tikhonov,122,16.542975336308714,0.661663486452221,0.37776068,EMNIST-letters
Tikhonov,123,17.55114808677345,0.642647609233227,0.36715013,EMNIST-letters
Tikhonov,124,17.324069145590872,0.7781761626117432,0.3301439,EMNIST-letters
Tikhonov,125,17.784284083422573,0.47757565643525807,0.4914484,EMNIST-letters
Tikhonov,126,17.47150666713296,0.8040313084907098,0.31108674,EMNIST-letters
Tikhonov,127,16.169963283708118,0.7293623033951879,0.38542816,EMNIST-letters
Tikhonov,128,17.14535942919483,0.8193810834354059,0.32320106,EMNIST-letters
Tikhonov,129,17.26489139944211,0.7267565183458881,0.35101748,EMNIST-letters
Tikhonov,130,17.357186495481013,0.7072297524541044,0.32389677,EMNIST-letters
Tikhonov,131,17.524251964790473,0.7908968789222042,0.3057687,EMNIST-letters
Tikhonov,132,16.291139471737537,0.5633610125960857,0.5011681,EMNIST-letters
Tikhonov,133,16.555532921386913,0.7879601033408798,0.33304942,EMNIST-letters
Tikhonov,134,16.178333707455558,0.7227754874663882,0.37926173,EMNIST-letters
Tikhonov,135,17.394544511020896,0.6937138015970304,0.3859155,EMNIST-letters
Tikhonov,136,18.492584208912557,0.6029184889382672,0.32763606,EMNIST-letters
Tikhonov,137,16.533901162143316,0.7308941262356614,0.32078838,EMNIST-letters
Tikhonov,138,16.051353234271005,0.619699038855235,0.42611054,EMNIST-letters
Tikhonov,139,16.401116097336256,0.7112755506108939,0.3576469,EMNIST-letters
Tikhonov,140,16.662953482207083,0.8303430747791108,0.32435617,EMNIST-letters
Tikhonov,141,18.49224805420215,0.6567405409038679,0.30653092,EMNIST-letters
Tikhonov,142,17.181022161711567,0.789253297935491,0.34020835,EMNIST-letters
Tikhonov,143,17.250508780789595,0.8687504504976625,0.27813318,EMNIST-letters
Tikhonov,144,16.86806841653446,0.7498814901197521,0.36761042,EMNIST-letters
Tikhonov,145,17.533090127123632,0.6673186815443376,0.34213668,EMNIST-letters
Tikhonov,146,17.08277022516612,0.7427891441815714,0.33307898,EMNIST-letters
Tikhonov,147,17.401509914625123,0.8447538356268817,0.28640446,EMNIST-letters
Tikhonov,148,16.357221498086524,0.7002053527793586,0.3541008,EMNIST-letters
Tikhonov,149,17.16243843114154,0.632319396622681,0.4404179,EMNIST-letters
Tikhonov,150,17.64962037492817,0.7299846041606535,0.3387505,EMNIST-letters
Tikhonov,151,17.354188838843832,0.707602760242202,0.30877346,EMNIST-letters
Tikhonov,152,16.878183215322473,0.8398592484295214,0.30754712,EMNIST-letters
Tikhonov,153,17.05552193410078,0.7769790858959718,0.33740762,EMNIST-letters
Tikhonov,154,16.927813741299694,0.7464675245992262,0.3541579,EMNIST-letters
Tikhonov,155,16.571513241689985,0.621985817879144,0.41385758,EMNIST-letters
Tikhonov,156,16.171216726783108,0.8018403413117678,0.3657336,EMNIST-letters
Tikhonov,157,16.814595666157643,0.5686913151206201,0.41626295,EMNIST-letters
Tikhonov,158,17.517872081517947,0.7827280818223511,0.3111649,EMNIST-letters
Tikhonov,159,16.863619204205563,0.6941433003877505,0.3492421,EMNIST-letters
Tikhonov,160,16.021265695255337,0.6595693431168791,0.40695775,EMNIST-letters
Tikhonov,161,17.142501422767612,0.7548594386735353,0.40078774,EMNIST-letters
Tikhonov,162,16.472262193288685,0.7677209670711953,0.3123174,EMNIST-letters
Tikhonov,163,17.559425928917165,0.615607085707381,0.37216502,EMNIST-letters
Tikhonov,164,16.26419234677293,0.5621432805523345,0.50654054,EMNIST-letters
Tikhonov,165,16.591852966374276,0.524783348276911,0.4662624,EMNIST-letters
Tikhonov,166,17.319411926798683,0.8022884663963143,0.3423268,EMNIST-letters
Tikhonov,167,16.752421201562406,0.7991320986422413,0.35076857,EMNIST-letters
Tikhonov,168,16.79617564365453,0.6682697924336011,0.34924752,EMNIST-letters
Tikhonov,169,18.08194031314803,0.6354738221463385,0.3135353,EMNIST-letters
Tikhonov,170,16.923666594412982,0.795656967568038,0.32836848,EMNIST-letters
Tikhonov,171,16.58762035040801,0.7467207280039346,0.37831008,EMNIST-letters
Tikhonov,172,16.941594574810445,0.5403799369865316,0.45497578,EMNIST-letters
Tikhonov,173,15.583242725032083,0.6711720670696082,0.39181492,EMNIST-letters
Tikhonov,174,17.278375760082188,0.736814414763877,0.35260114,EMNIST-letters
Tikhonov,175,17.33044793783462,0.7132538791788234,0.3491549,EMNIST-letters
Tikhonov,176,16.485924215339303,0.6604205688046992,0.39371678,EMNIST-letters
Tikhonov,177,16.995434471331205,0.8154696561097868,0.3071807,EMNIST-letters
Tikhonov,178,17.358316815595433,0.6063869623325415,0.40347657,EMNIST-letters
Tikhonov,179,16.75153257824761,0.5968147214220197,0.3828853,EMNIST-letters
Tikhonov,180,16.774923877595803,0.7933213727034951,0.32105014,EMNIST-letters
Tikhonov,181,16.434340152593045,0.6616538800489185,0.42737648,EMNIST-letters
Tikhonov,182,17.28506469197878,0.7404056134169983,0.36265647,EMNIST-letters
Tikhonov,183,16.32955773291929,0.7405174349262456,0.32998118,EMNIST-letters
Tikhonov,184,16.81736357152383,0.8428263836530661,0.31474793,EMNIST-letters
Tikhonov,185,17.104705261888487,0.6969745984355812,0.3541318,EMNIST-letters
Tikhonov,186,17.135963530442872,0.7022676177893877,0.3255598,EMNIST-letters
Tikhonov,187,16.870260391566628,0.7156820744653675,0.33874682,EMNIST-letters
Tikhonov,188,17.317861194108104,0.7258835510785637,0.31758678,EMNIST-letters
Tikhonov,189,17.080876047854883,0.7308193540365593,0.31837636,EMNIST-letters
Tikhonov,190,17.894703693952913,0.6903550597807308,0.32114094,EMNIST-letters
Tikhonov,191,16.142144356661465,0.7940600659625608,0.3294977,EMNIST-letters
Tikhonov,192,17.449019765602195,0.7685758717327325,0.3046053,EMNIST-letters
Tikhonov,193,16.970902921177675,0.6044615118678713,0.43280968,EMNIST-letters
Tikhonov,194,16.498207520646513,0.7255478850065553,0.3721505,EMNIST-letters
Tikhonov,195,17.23681200428764,0.722873851894555,0.3287084,EMNIST-letters
Tikhonov,196,15.994067048613491,0.770066987224258,0.36804703,EMNIST-letters
Tikhonov,197,17.17778400493664,0.6693537289484535,0.38152483,EMNIST-letters
Tikhonov,198,17.722907756953255,0.6413341714564734,0.35331598,EMNIST-letters
Tikhonov,199,16.92286280572241,0.7020746942458979,0.3785368,EMNIST-letters
TV,0,21.308725198607014,0.7979351924039608,0.23328194,EMNIST-letters
TV,1,19.852557845572562,0.8067990136448263,0.24690817,EMNIST-letters
TV,2,19.535342162080823,0.8321954847394281,0.3177826,EMNIST-letters
TV,3,18.841676976373428,0.88160997342072,0.2593434,EMNIST-letters
TV,4,17.881949099317303,0.7838504199662115,0.3689721,EMNIST-letters
TV,5,21.55833960948613,0.8652082962669001,0.1858004,EMNIST-letters
TV,6,21.11662354093424,0.8012496420597919,0.24204777,EMNIST-letters
TV,7,20.93921316978343,0.812125224997251,0.24405056,EMNIST-letters
TV,8,21.13225396532366,0.7921308528108537,0.25533336,EMNIST-letters
TV,9,20.931264426729264,0.8378406133529661,0.18613708,EMNIST-letters
TV,10,18.880871602483467,0.7721941223491199,0.31242192,EMNIST-letters
TV,11,20.638040460963577,0.813261022718146,0.2624111,EMNIST-letters
TV,12,20.429331527180228,0.9329282618628061,0.1874495,EMNIST-letters
TV,13,21.144522911819283,0.9024286426850094,0.16133045,EMNIST-letters
TV,14,18.501188278273993,0.7980736618638347,0.31334427,EMNIST-letters
TV,15,19.886204946197907,0.8572164013104375,0.23580207,EMNIST-letters
TV,16,19.38332392511853,0.8095174769155127,0.3088291,EMNIST-letters
TV,17,20.696676095415192,0.8251823355416836,0.21096805,EMNIST-letters
TV,18,18.796231801854294,0.8374773135547303,0.28924873,EMNIST-letters
TV,19,19.761082848875766,0.8379315881497296,0.25816077,EMNIST-letters
TV,20,20.398806436484804,0.9105254856269221,0.19022945,EMNIST-letters
TV,21,20.275555300321543,0.8407319877912437,0.23238614,EMNIST-letters
TV,22,21.58210381694719,0.8924424061474722,0.17317142,EMNIST-letters
TV,23,19.55116879309536,0.8394732834879032,0.26447123,EMNIST-letters
TV,24,20.08692679511808,0.8491673888869522,0.22504035,EMNIST-letters
TV,25,19.573369979747305,0.8691834891445873,0.24344538,EMNIST-letters
TV,26,20.826196361436963,0.8716216637822222,0.22229032,EMNIST-letters
TV,27,18.95350884747701,0.8225713435806765,0.32503447,EMNIST-letters
TV,28,20.902189854308947,0.9139925192094847,0.19106069,EMNIST-letters
TV,29,21.33426495279883,0.8413534746312898,0.2556207,EMNIST-letters
TV,30,19.843679599315266,0.6938066657936616,0.38258922,EMNIST-letters
TV,31,19.615156621087696,0.870236915143684,0.23627307,EMNIST-letters
TV,32,20.71881455607781,0.8074997920188899,0.23183505,EMNIST-letters
TV,33,20.75128946185199,0.8516862562988415,0.23373297,EMNIST-letters
TV,34,19.651429159530707,0.7537964427274121,0.33994663,EMNIST-letters
TV,35,19.84481249526394,0.7696064240722493,0.27219406,EMNIST-letters
TV,36,20.275996642860044,0.761454904353831,0.34920907,EMNIST-letters
TV,37,19.13961978213804,0.8220449122330866,0.2807804,EMNIST-letters
TV,38,20.929655017750484,0.9021259987926926,0.17352061,EMNIST-letters
TV,39,19.92657047878425,0.8942202679112492,0.21063025,EMNIST-letters
TV,40,19.340204234889704,0.766587709630878,0.33273074,EMNIST-letters
TV,41,19.54239702581907,0.8734467693273563,0.24501127,EMNIST-letters
TV,42,21.663819255920163,0.8661017982550889,0.21660766,EMNIST-letters
TV,43,20.49104518430907,0.9215752847862145,0.19009744,EMNIST-letters
TV,44,20.650548739101218,0.8953478484884028,0.2688483,EMNIST-letters
TV,45,17.18006274135035,0.7980140739636234,0.36854038,EMNIST-letters
TV,46,21.311721894004783,0.7498802449631173,0.23997113,EMNIST-letters
TV,47,19.181207545753512,0.9021651539797625,0.23768699,EMNIST-letters
TV,48,20.90444917295093,0.8910391715870909,0.22665454,EMNIST-letters
TV,49,19.559964250502667,0.8874429752665364,0.23711453,EMNIST-letters
TV,50,19.904575901259417,0.8528763586732228,0.25499442,EMNIST-letters
TV,51,18.926896430767407,0.9085767542681664,0.23072802,EMNIST-letters
TV,52,20.435316202081587,0.7510926537754491,0.28158033,EMNIST-letters
TV,53,20.146631041041406,0.8971393914577698,0.22657825,EMNIST-letters
TV,54,19.97849786746545,0.89820316533966,0.24566619,EMNIST-letters
TV,55,20.107307904121868,0.8505212145834422,0.21108504,EMNIST-letters
TV,56,20.759709310515163,0.8532258732829335,0.21618056,EMNIST-letters
TV,57,19.753959360602874,0.743911548837065,0.33981746,EMNIST-letters
TV,58,19.861302598541783,0.8305561977692626,0.26845643,EMNIST-letters
TV,59,18.821047504590766,0.7544319024309516,0.31974673,EMNIST-letters
TV,60,20.701184667039477,0.8457671837296244,0.21079396,EMNIST-letters
TV,61,21.83872326562877,0.7973960508430792,0.21754023,EMNIST-letters
TV,62,18.162705363957954,0.8380187382721458,0.28761813,EMNIST-letters
TV,63,20.698952983286297,0.8753768593565492,0.19870088,EMNIST-letters
TV,64,19.07568747447809,0.8584370667515092,0.29705608,EMNIST-letters
TV,65,20.34152666539901,0.6352834125311106,0.33701283,EMNIST-letters
TV,66,20.798145945059883,0.8596305147598474,0.20940602,EMNIST-letters
TV,67,19.84427197022855,0.8864181866053461,0.2115189,EMNIST-letters
TV,68,20.030035689573438,0.868903320836873,0.21698967,EMNIST-letters
TV,69,20.604924190152868,0.9063980037515814,0.19094649,EMNIST-letters
TV,70,21.92797644668933,0.8296995617079833,0.18225937,EMNIST-letters
TV,71,20.686211022776682,0.8361579514231748,0.23224026,EMNIST-letters
TV,72,19.946657429267606,0.6867818704552271,0.33095685,EMNIST-letters
TV,73,21.24989364463588,0.9255976209740254,0.16650072,EMNIST-letters
TV,74,19.391190092025777,0.8956014092180354,0.23225963,EMNIST-letters
TV,75,20.238103115202193,0.7342805416546454,0.32080334,EMNIST-letters
TV,76,19.123330561391846,0.834189581892584,0.2850576,EMNIST-letters
TV,77,20.121288329695986,0.8649815148558498,0.24708214,EMNIST-letters
TV,78,20.054759683341423,0.8517099823956648,0.24790369,EMNIST-letters
TV,79,22.24236213204587,0.877189045287053,0.17495862,EMNIST-letters
TV,80,20.265276149539023,0.9030708861190918,0.25881353,EMNIST-letters
TV,81,20.27175331141242,0.8077962121710736,0.20982017,EMNIST-letters
TV,82,21.45755112784463,0.933931655873937,0.19854967,EMNIST-letters
TV,83,19.214042173010967,0.9202364674530739,0.24521805,EMNIST-letters
TV,84,20.504186066122006,0.9076366177798549,0.20498662,EMNIST-letters
TV,85,20.219247773882035,0.8905977356085969,0.20766968,EMNIST-letters
TV,86,18.733251900549043,0.8443336608638787,0.2852721,EMNIST-letters
TV,87,20.501108285084968,0.7657484021268723,0.2976206,EMNIST-letters
TV,88,18.62633448065856,0.8756178127032174,0.30068317,EMNIST-letters
TV,89,19.47109125007676,0.8500751021572135,0.26336995,EMNIST-letters
TV,90,17.587707292523437,0.8465166484382897,0.3013685,EMNIST-letters
TV,91,20.353823985232836,0.8960259435082639,0.19797719,EMNIST-letters
TV,92,21.08699422619218,0.9169943948268644,0.19320418,EMNIST-letters
TV,93,19.141659273343347,0.8536517202453918,0.3093581,EMNIST-letters
TV,94,18.950241097487993,0.9119027664592444,0.2296396,EMNIST-letters
TV,95,20.026254705233715,0.8923476743319434,0.22809158,EMNIST-letters
TV,96,18.9787246582771,0.8946820269069395,0.25178513,EMNIST-letters
TV,97,21.042871985826245,0.7738365036904935,0.27216733,EMNIST-letters
TV,98,19.62657731821796,0.8863291029225696,0.23612185,EMNIST-letters
TV,99,19.7238800022921,0.7745025861038526,0.31945089,EMNIST-letters
TV,100,20.84740142647324,0.8707372206147791,0.20548446,EMNIST-letters
TV,101,18.6052976582683,0.8312672597071356,0.27715564,EMNIST-letters
TV,102,21.265488143329847,0.8424266858395836,0.22193979,EMNIST-letters
TV,103,22.03609175382812,0.7359875014652152,0.2520214,EMNIST-letters
TV,104,20.243426577946853,0.8549223039222281,0.21570666,EMNIST-letters
TV,105,20.969660185963896,0.9465398319866046,0.17126548,EMNIST-letters
TV,106,18.618319359379917,0.7948653978326412,0.35395974,EMNIST-letters
TV,107,20.513807001955087,0.8566442607124606,0.21464632,EMNIST-letters
TV,108,20.596317657045283,0.7491163537906836,0.27122995,EMNIST-letters
TV,109,22.57598765555631,0.7907196345146407,0.1833084,EMNIST-letters
TV,110,19.72176599560518,0.806174997047883,0.28800008,EMNIST-letters
TV,111,20.025877318838493,0.7922190570634259,0.26292875,EMNIST-letters
TV,112,20.44882598961568,0.8695363401789372,0.23567739,EMNIST-letters
TV,113,20.87590660477259,0.9093447016351972,0.22708562,EMNIST-letters
TV,114,20.967598610452207,0.8992997471027631,0.21323529,EMNIST-letters
TV,115,20.686760732023956,0.8879742362836668,0.24180688,EMNIST-letters
TV,116,20.192666153132237,0.9227226320500216,0.2115023,EMNIST-letters
TV,117,20.430028515428248,0.8906897047442223,0.24827534,EMNIST-letters
TV,118,18.26357889765431,0.7740561537875617,0.38003594,EMNIST-letters
TV,119,20.847617977749408,0.7798724371693597,0.2992186,EMNIST-letters
TV,120,20.017064743990375,0.8212354187738181,0.2721211,EMNIST-letters
TV,121,20.50818275258909,0.8884117981103395,0.22778799,EMNIST-letters
TV,122,19.081040566483377,0.8139848714802137,0.2820418,EMNIST-letters
TV,123,21.14751269679243,0.8183117002568184,0.24267523,EMNIST-letters
TV,124,20.43597181653378,0.8945502303540707,0.23073217,EMNIST-letters
TV,125,19.985616148078332,0.693535402224761,0.3814269,EMNIST-letters
TV,126,20.870774063307383,0.8896301799715489,0.21033819,EMNIST-letters
TV,127,18.645765158423636,0.8316189352853978,0.28983667,EMNIST-letters
TV,128,20.40131882247413,0.9039253385445057,0.22216457,EMNIST-letters
TV,129,21.57780950837399,0.8843960007575672,0.21364012,EMNIST-letters
TV,130,20.97423114083118,0.8362389727387854,0.21357694,EMNIST-letters
TV,131,20.846015204652097,0.8855498562882508,0.20859545,EMNIST-letters
TV,132,18.072944001562856,0.7630599238678875,0.40821895,EMNIST-letters
TV,133,19.643616909959935,0.8908445706614101,0.23340194,EMNIST-letters
TV,134,19.152965939474853,0.8246106254783544,0.26928207,EMNIST-letters
TV,135,20.96562502877339,0.806835975855866,0.25582215,EMNIST-letters
TV,136,22.842011010295504,0.843534257724758,0.19857308,EMNIST-letters
TV,137,19.687610330987482,0.8200902465099761,0.22311726,EMNIST-letters
TV,138,18.42191923769079,0.7798451518616831,0.3243351,EMNIST-letters
TV,139,19.950493889488392,0.8611954556439411,0.23767613,EMNIST-letters
TV,140,19.510825318856533,0.9120373419401321,0.23368376,EMNIST-letters
TV,141,22.508586786021148,0.874138345530118,0.19304447,EMNIST-letters
TV,142,20.111418457461877,0.8894059577233289,0.24278685,EMNIST-letters
TV,143,21.12394812260019,0.9456162990863658,0.17806594,EMNIST-letters
TV,144,19.95163557004486,0.8345480547940805,0.2577564,EMNIST-letters
TV,145,21.060128527274795,0.767150494893474,0.22795427,EMNIST-letters
TV,146,19.65094247885634,0.8373070226150973,0.24782129,EMNIST-letters
TV,147,21.010391581611273,0.9213874070820484,0.18903215,EMNIST-letters
TV,148,18.61648979579141,0.8570502887610808,0.27300054,EMNIST-letters
TV,149,19.103005419927623,0.7861161977822376,0.3522383,EMNIST-letters
TV,150,21.385066387001054,0.8467912224490842,0.22034724,EMNIST-letters
TV,151,20.714221979405785,0.8222064027131712,0.20971927,EMNIST-letters
TV,152,19.820998591026143,0.9108758183303943,0.21916485,EMNIST-letters
TV,153,20.27686550380337,0.8942215840894082,0.23285614,EMNIST-letters
TV,154,20.228954223024076,0.8523440843771312,0.24218091,EMNIST-letters
TV,155,19.228238895616844,0.7534046449182816,0.30479977,EMNIST-letters
TV,156,19.252199180923668,0.8943002704253866,0.25651675,EMNIST-letters
TV,157,19.964964724348306,0.7941895025139598,0.28963387,EMNIST-letters
TV,158,20.63474706323568,0.8683016633899683,0.2173436,EMNIST-letters
TV,159,20.94743638667497,0.8496751247266353,0.2182407,EMNIST-letters
TV,160,17.705240018327466,0.8219167818122906,0.33523598,EMNIST-letters
TV,161,19.981816805465332,0.8452409681025123,0.28903383,EMNIST-letters
TV,162,19.95792154152123,0.8522462188939695,0.20908034,EMNIST-letters
TV,163,21.063484106729376,0.8214820944896537,0.24861805,EMNIST-letters
TV,164,17.65900045513366,0.7458398522662907,0.43139365,EMNIST-letters
TV,165,19.432103230036194,0.7083018992542605,0.33621562,EMNIST-letters
TV,166,20.29140624065124,0.884270941777047,0.24313147,EMNIST-letters
TV,167,19.148578001897125,0.8905918822846999,0.26620293,EMNIST-letters
TV,168,20.172920340820983,0.7943871282348948,0.23675334,EMNIST-letters
TV,169,22.939964256878156,0.8450356328875319,0.1792195,EMNIST-letters
TV,170,19.48708717102564,0.8931893665682186,0.24445024,EMNIST-letters
TV,171,19.377395118740917,0.832409747151758,0.27438423,EMNIST-letters
TV,172,19.666014298797236,0.743700947454738,0.33248135,EMNIST-letters
TV,173,17.035158567279886,0.8427473429959914,0.33150125,EMNIST-letters
TV,174,19.892877693617738,0.8452384715422618,0.26095077,EMNIST-letters
TV,175,19.813967368964896,0.8360091640021313,0.2623265,EMNIST-letters
TV,176,18.513721846346527,0.7956095247198481,0.3117411,EMNIST-letters
TV,177,20.458718001492144,0.9000559233375325,0.20617202,EMNIST-letters
TV,178,20.012230994511825,0.7737156512477428,0.2972505,EMNIST-letters
TV,179,19.749284568782308,0.7585996941255391,0.27113223,EMNIST-letters
TV,180,19.99955560569479,0.8949580699174611,0.22148344,EMNIST-letters
TV,181,18.977789931060837,0.8088782225573851,0.31888795,EMNIST-letters
TV,182,20.73080522199185,0.8634347907952533,0.24389811,EMNIST-letters
TV,183,19.70070837614774,0.8710036537733145,0.22383687,EMNIST-letters
TV,184,19.97044649732495,0.9177800529705714,0.21893173,EMNIST-letters
TV,185,20.238347478240925,0.820300004468107,0.24687824,EMNIST-letters
TV,186,20.28339812314534,0.8663133367403479,0.22659954,EMNIST-letters
TV,187,20.424554258652293,0.832173337567259,0.22498861,EMNIST-letters
TV,188,20.302081344437614,0.8633044681796604,0.22524306,EMNIST-letters
TV,189,20.41516604063643,0.8598448723123586,0.2168834,EMNIST-letters
TV,190,21.15365006292277,0.8618244856734537,0.22067256,EMNIST-letters
TV,191,19.532780677626885,0.879971190948378,0.22300807,EMNIST-letters
TV,192,21.526693390723697,0.876985438221927,0.19048195,EMNIST-letters
TV,193,19.020852992996065,0.7896821607012025,0.34182155,EMNIST-letters
TV,194,18.696628512568378,0.8363550098012548,0.28893328,EMNIST-letters
TV,195,20.888055065793978,0.8523120170474545,0.21589802,EMNIST-letters
TV,196,19.20575179020159,0.8620983865189035,0.25428402,EMNIST-letters
TV,197,20.001945786939746,0.7971504974171273,0.27562255,EMNIST-letters
TV,198,21.089282370304588,0.817652838524,0.23979746,EMNIST-letters
TV,199,19.70660153919503,0.8074169054873719,0.2747395,EMNIST-letters
PnP-DnCNN,0,21.84729197821126,0.8908674552544089,0.21925667,EMNIST-letters
PnP-DnCNN,1,22.03465977933122,0.9520268908216933,0.19205709,EMNIST-letters
PnP-DnCNN,2,21.73486736286135,0.9354360170108228,0.24669132,EMNIST-letters
PnP-DnCNN,3,22.98717947086164,0.9681694815474108,0.1609163,EMNIST-letters
PnP-DnCNN,4,21.424782182124375,0.9417354014725232,0.24538718,EMNIST-letters
PnP-DnCNN,5,23.278884809569803,0.949163906153076,0.15241209,EMNIST-letters
PnP-DnCNN,6,23.02341207388528,0.9106322185036319,0.19433977,EMNIST-letters
PnP-DnCNN,7,23.688586967616537,0.9401937506030783,0.1778325,EMNIST-letters
PnP-DnCNN,8,23.736520673789066,0.9573299584002042,0.18918827,EMNIST-letters
PnP-DnCNN,9,23.606446758321646,0.9675756899778508,0.13679613,EMNIST-letters
PnP-DnCNN,10,23.03940829676375,0.9523287134106494,0.19355957,EMNIST-letters
PnP-DnCNN,11,21.94925449000722,0.9110593323418794,0.22564279,EMNIST-letters
PnP-DnCNN,12,22.14509685937944,0.9706206425162386,0.15384947,EMNIST-letters
PnP-DnCNN,13,21.96252282897252,0.9328514411429728,0.14683053,EMNIST-letters
PnP-DnCNN,14,22.59031448152875,0.9616194853235868,0.19568858,EMNIST-letters
PnP-DnCNN,15,23.074550306616036,0.9578765194770719,0.1633542,EMNIST-letters
PnP-DnCNN,16,23.318428660607076,0.9550716852353625,0.1963193,EMNIST-letters
PnP-DnCNN,17,23.227071036302583,0.9410532380431151,0.15765108,EMNIST-letters
PnP-DnCNN,18,21.88378129854497,0.9391791554521923,0.20271878,EMNIST-letters
PnP-DnCNN,19,21.73299501147168,0.9414329329305444,0.20572858,EMNIST-letters
PnP-DnCNN,20,21.1684269169508,0.9389034273210636,0.17409918,EMNIST-letters
PnP-DnCNN,21,23.216532675977493,0.9599938476381223,0.16563852,EMNIST-letters
PnP-DnCNN,22,23.816183338033305,0.9645242453360361,0.13389742,EMNIST-letters
PnP-DnCNN,23,22.2335308676826,0.933158462205209,0.19420499,EMNIST-letters
PnP-DnCNN,24,22.540064248914085,0.9537734828335195,0.1696694,EMNIST-letters
PnP-DnCNN,25,21.228490434328084,0.9519800205122341,0.20120813,EMNIST-letters
PnP-DnCNN,26,21.533631379967986,0.8988381085440147,0.20490322,EMNIST-letters
PnP-DnCNN,27,21.602325318922343,0.9230790769388854,0.23960099,EMNIST-letters
PnP-DnCNN,28,21.62047413048731,0.9531149791538223,0.17589648,EMNIST-letters
PnP-DnCNN,29,21.726947460814827,0.9203236947251745,0.24432163,EMNIST-letters
PnP-DnCNN,30,21.88534474002701,0.8802316094217592,0.3024471,EMNIST-letters
PnP-DnCNN,31,21.704078716294642,0.9344976107197359,0.18576683,EMNIST-letters
PnP-DnCNN,32,22.938075593926037,0.9438451151709911,0.17956267,EMNIST-letters
PnP-DnCNN,33,22.859935989823956,0.9464639771021595,0.18335283,EMNIST-letters
PnP-DnCNN,34,21.877347352730983,0.9368522418431999,0.26309636,EMNIST-letters
PnP-DnCNN,35,22.131136718341917,0.9265787869322398,0.20920038,EMNIST-letters
PnP-DnCNN,36,23.66023848624899,0.9428913620385256,0.23652303,EMNIST-letters
PnP-DnCNN,37,22.20928928054451,0.9650250157295179,0.19718929,EMNIST-letters
PnP-DnCNN,38,21.433064641923295,0.9310902718854838,0.16374972,EMNIST-letters
PnP-DnCNN,39,20.92483806902882,0.9438247600308627,0.18776184,EMNIST-letters
PnP-DnCNN,40,23.73804179262685,0.9501595170783602,0.20054,EMNIST-letters
PnP-DnCNN,41,21.449513273559006,0.9508459665312254,0.19671172,EMNIST-letters
PnP-DnCNN,42,21.123207922081363,0.891735733617559,0.23051776,EMNIST-letters
PnP-DnCNN,43,21.565091440896524,0.955155231551198,0.16798633,EMNIST-letters
PnP-DnCNN,44,19.764960918772584,0.9016881589893221,0.29770538,EMNIST-letters
PnP-DnCNN,45,21.43061718071323,0.9386369159275835,0.22592138,EMNIST-letters
PnP-DnCNN,46,23.200900650705453,0.927223850226353,0.19306345,EMNIST-letters
PnP-DnCNN,47,22.417868377739545,0.9672809952546743,0.16374663,EMNIST-letters
PnP-DnCNN,48,21.666104101999043,0.9385498408689972,0.20762597,EMNIST-letters
PnP-DnCNN,49,19.78390563476933,0.9339728142973805,0.23107933,EMNIST-letters
PnP-DnCNN,50,21.737615783808657,0.9247370168089497,0.20648032,EMNIST-letters
PnP-DnCNN,51,20.741136226202155,0.9523568269142435,0.18723556,EMNIST-letters
PnP-DnCNN,52,21.58215787836832,0.9289332125951683,0.24675174,EMNIST-letters
PnP-DnCNN,53,24.906441904552107,0.9759971796850527,0.13098685,EMNIST-letters
PnP-DnCNN,54,22.011116215469407,0.9401727805822349,0.19440815,EMNIST-letters
PnP-DnCNN,55,21.245798182975374,0.9389153508708066,0.18515392,EMNIST-letters
PnP-DnCNN,56,22.757382488157482,0.9582331005699378,0.17176431,EMNIST-letters
PnP-DnCNN,57,23.551738809639048,0.9395764901279664,0.2194607,EMNIST-letters
PnP-DnCNN,58,21.465848113531525,0.9316016615422305,0.22317553,EMNIST-letters
PnP-DnCNN,59,23.328833664824444,0.9495555560820359,0.19029038,EMNIST-letters
PnP-DnCNN,60,22.596041122705902,0.9314777445325182,0.16947877,EMNIST-letters
PnP-DnCNN,61,23.198654400837846,0.9359873167185251,0.18601288,EMNIST-letters
PnP-DnCNN,62,20.771996727036736,0.9405021050498505,0.21298632,EMNIST-letters
PnP-DnCNN,63,21.89370632804647,0.9505040715794918,0.1731658,EMNIST-letters
PnP-DnCNN,64,20.589183910658228,0.9468201186415578,0.24955346,EMNIST-letters
PnP-DnCNN,65,24.118484599844876,0.9434468817458419,0.21817178,EMNIST-letters
PnP-DnCNN,66,23.29853006814142,0.9657951020751118,0.15702541,EMNIST-letters
PnP-DnCNN,67,21.51027301191913,0.953766004975177,0.17460196,EMNIST-letters
PnP-DnCNN,68,21.718503571585796,0.9505644588738926,0.17865518,EMNIST-letters
PnP-DnCNN,69,21.752681963416336,0.9565422133473326,0.16731073,EMNIST-letters
PnP-DnCNN,70,21.27803918569603,0.8932336935049985,0.19642046,EMNIST-letters
PnP-DnCNN,71,22.09496177738096,0.9272765727513586,0.19746947,EMNIST-letters
PnP-DnCNN,72,23.691774297283654,0.9285264054605783,0.21503815,EMNIST-letters
PnP-DnCNN,73,23.546111598926643,0.9717513449674795,0.12782189,EMNIST-letters
PnP-DnCNN,74,20.97621945853891,0.9419112429946415,0.19351839,EMNIST-letters
PnP-DnCNN,75,23.223947703575135,0.9405214842254958,0.22748181,EMNIST-letters
PnP-DnCNN,76,22.87001452841947,0.9652235448853044,0.18518186,EMNIST-letters
PnP-DnCNN,77,20.98404277286873,0.9082694119843077,0.22371939,EMNIST-letters
PnP-DnCNN,78,21.724779325108127,0.9401397495722967,0.20454179,EMNIST-letters
PnP-DnCNN,79,22.33393883559436,0.9300104021595037,0.17312369,EMNIST-letters
PnP-DnCNN,80,19.51648298621675,0.9047391708355305,0.2821153,EMNIST-letters
PnP-DnCNN,81,22.450175805161457,0.9191866759980513,0.16327742,EMNIST-letters
PnP-DnCNN,82,20.244959870930455,0.9200186849810368,0.22829624,EMNIST-letters
PnP-DnCNN,83,20.940620544964744,0.9506626242448476,0.20101272,EMNIST-letters
PnP-DnCNN,84,21.582587714057084,0.9478116141832318,0.18105288,EMNIST-letters
PnP-DnCNN,85,22.307051816970173,0.9548732880810814,0.16329876,EMNIST-letters
PnP-DnCNN,86,21.309140160297645,0.9284920744166887,0.212063,EMNIST-letters
PnP-DnCNN,87,21.863861172059362,0.899694993291512,0.2544048,EMNIST-letters
PnP-DnCNN,88,21.553701879220775,0.9524065195775229,0.21465488,EMNIST-letters
PnP-DnCNN,89,23.388647648869522,0.9583974354400122,0.16776,EMNIST-letters
PnP-DnCNN,90,21.371489007449288,0.9507034919109226,0.19494353,EMNIST-letters
PnP-DnCNN,91,21.197691006903597,0.9364835185514502,0.17964777,EMNIST-letters
PnP-DnCNN,92,21.920943850731845,0.9548584738176716,0.17551693,EMNIST-letters
PnP-DnCNN,93,22.11135039748858,0.9260989570690027,0.21977434,EMNIST-letters
PnP-DnCNN,94,20.640889146351597,0.9428756720086268,0.18902288,EMNIST-letters
PnP-DnCNN,95,21.484143725809645,0.9410506393606505,0.19284785,EMNIST-letters
PnP-DnCNN,96,20.140449924128717,0.9326831878524674,0.22026415,EMNIST-letters
PnP-DnCNN,97,24.197339479067544,0.9571229034095756,0.18928343,EMNIST-letters
PnP-DnCNN,98,21.780270949946807,0.9603103651734423,0.18426868,EMNIST-letters
PnP-DnCNN,99,21.500085429012337,0.9258621046627479,0.2603717,EMNIST-letters
PnP-DnCNN,100,21.526725825526043,0.947145892384131,0.19002588,EMNIST-letters
PnP-DnCNN,101,19.94146604292863,0.9215870626763372,0.23763767,EMNIST-letters
PnP-DnCNN,102,23.755806017088318,0.9460334513982958,0.16661699,EMNIST-letters
PnP-DnCNN,103,23.789175171738872,0.9140811962468073,0.20596018,EMNIST-letters
PnP-DnCNN,104,21.596542301076035,0.9530587133851426,0.18458983,EMNIST-letters
PnP-DnCNN,105,23.624187128285364,0.9776863234102233,0.12616634,EMNIST-letters
PnP-DnCNN,106,22.059106266218606,0.9356501624603902,0.23818505,EMNIST-letters
PnP-DnCNN,107,21.213963780354245,0.9275542620015292,0.19802299,EMNIST-letters
PnP-DnCNN,108,23.441826086345547,0.9239583787131161,0.19546194,EMNIST-letters
PnP-DnCNN,109,23.048706041627316,0.8800517912080497,0.17359866,EMNIST-letters
PnP-DnCNN,110,23.342919718270984,0.9609663085011412,0.18981694,EMNIST-letters
PnP-DnCNN,111,23.02283497840094,0.9362978298209361,0.18620451,EMNIST-letters
PnP-DnCNN,112,21.397680118445095,0.9388408348703188,0.21128818,EMNIST-letters
PnP-DnCNN,113,23.862464602578836,0.9590261079186251,0.16101329,EMNIST-letters
PnP-DnCNN,114,22.21069952227804,0.9554766822021362,0.18480088,EMNIST-letters
PnP-DnCNN,115,21.84749546877592,0.9184886552624343,0.21155922,EMNIST-letters
PnP-DnCNN,116,20.820348540205003,0.9397105830529136,0.19675733,EMNIST-letters
PnP-DnCNN,117,20.33804072427025,0.9237120416292475,0.25091866,EMNIST-letters
PnP-DnCNN,118,19.92387184476309,0.8782084911969329,0.31391355,EMNIST-letters
PnP-DnCNN,119,22.622254488112933,0.9464948565260438,0.24392526,EMNIST-letters
PnP-DnCNN,120,23.34987729246833,0.9610825588634192,0.18540505,EMNIST-letters
PnP-DnCNN,121,19.18578828175669,0.8853887070493758,0.26524702,EMNIST-letters
PnP-DnCNN,122,22.915516334091603,0.9662767860515058,0.18138012,EMNIST-letters
PnP-DnCNN,123,21.222427932250486,0.9207380112907118,0.24059117,EMNIST-letters
PnP-DnCNN,124,21.132772080721423,0.9352544711764194,0.21294534,EMNIST-letters
PnP-DnCNN,125,23.431129094546463,0.9210435188844923,0.25652853,EMNIST-letters
PnP-DnCNN,126,20.285793024930786,0.9173927742464483,0.22499205,EMNIST-letters
PnP-DnCNN,127,22.959204691359393,0.9597651341483613,0.176393,EMNIST-letters
PnP-DnCNN,128,21.035062983827608,0.9446525958574508,0.2065321,EMNIST-letters
PnP-DnCNN,129,20.63635713616926,0.8806282285724051,0.23809782,EMNIST-letters
PnP-DnCNN,130,22.458448847385416,0.930049240773867,0.18002944,EMNIST-letters
PnP-DnCNN,131,20.26146528216218,0.914774505960301,0.22311684,EMNIST-letters
PnP-DnCNN,132,20.76775482155909,0.9302994857026525,0.29933164,EMNIST-letters
PnP-DnCNN,133,23.312308826090742,0.9664780536958993,0.1529924,EMNIST-letters
PnP-DnCNN,134,21.53973127260043,0.9539810741735884,0.20458281,EMNIST-letters
PnP-DnCNN,135,21.92266314019616,0.9315070809165308,0.22913228,EMNIST-letters
PnP-DnCNN,136,24.916081962742552,0.9410793809912914,0.15639281,EMNIST-letters
PnP-DnCNN,137,21.86755912699159,0.958942212041252,0.17359442,EMNIST-letters
PnP-DnCNN,138,21.246410433227645,0.888133999081723,0.23429845,EMNIST-letters
PnP-DnCNN,139,22.55185056549812,0.965918157773077,0.17616422,EMNIST-letters
PnP-DnCNN,140,21.086016604987048,0.9297892169195635,0.19492565,EMNIST-letters
PnP-DnCNN,141,24.659925050528404,0.9410141333937645,0.15069208,EMNIST-letters
PnP-DnCNN,142,23.908804577507247,0.9639500723766886,0.15680353,EMNIST-letters
PnP-DnCNN,143,22.757091751055295,0.9622173396146987,0.14754471,EMNIST-letters
PnP-DnCNN,144,20.93033461745496,0.9429012684166924,0.2302897,EMNIST-letters
PnP-DnCNN,145,21.895282932047454,0.942795250410876,0.20705704,EMNIST-letters
PnP-DnCNN,146,22.383585856462016,0.9406960852567322,0.18092827,EMNIST-letters
PnP-DnCNN,147,21.975892095225582,0.9454139153018963,0.16914558,EMNIST-letters
PnP-DnCNN,148,21.64530608368264,0.9621945469955767,0.19262946,EMNIST-letters
PnP-DnCNN,149,20.96132231668865,0.9363983558598629,0.2843942,EMNIST-letters
PnP-DnCNN,150,20.97835026014527,0.9116147688843987,0.23091038,EMNIST-letters
PnP-DnCNN,151,20.518238201096587,0.9144085135218526,0.21450502,EMNIST-letters
PnP-DnCNN,152,22.319010059277158,0.9611161761909477,0.16438808,EMNIST-letters
PnP-DnCNN,153,20.917767523893303,0.9283396993294235,0.21629305,EMNIST-letters
PnP-DnCNN,154,21.91032242524986,0.9320187788795341,0.19955909,EMNIST-letters
PnP-DnCNN,155,22.563524083315944,0.9332449435264119,0.20761102,EMNIST-letters
PnP-DnCNN,156,19.93353090117324,0.9202382354881645,0.2371642,EMNIST-letters
PnP-DnCNN,157,23.685966191765626,0.9552742940458384,0.1887119,EMNIST-letters
PnP-DnCNN,158,20.603945933168685,0.9148511212042048,0.2181157,EMNIST-letters
PnP-DnCNN,159,21.727271478077803,0.9291809978317623,0.19950049,EMNIST-letters
PnP-DnCNN,160,20.86477964162409,0.9469682206053379,0.2330095,EMNIST-letters
PnP-DnCNN,161,20.206010770035885,0.9104572058393627,0.28166896,EMNIST-letters
PnP-DnCNN,162,21.964877330282285,0.9586850124726857,0.16594547,EMNIST-letters
PnP-DnCNN,163,23.984577420826675,0.9332253250008649,0.17761432,EMNIST-letters
PnP-DnCNN,164,22.629442380254744,0.939512245911212,0.24341744,EMNIST-letters
PnP-DnCNN,165,21.844771421197837,0.930193906788491,0.2546739,EMNIST-letters
PnP-DnCNN,166,21.743872485823577,0.9354747469144419,0.20569222,EMNIST-letters
PnP-DnCNN,167,20.637641957801325,0.9400343902963252,0.22426403,EMNIST-letters
PnP-DnCNN,168,22.90405077072743,0.9397342865747854,0.17287794,EMNIST-letters
PnP-DnCNN,169,23.04677317162088,0.9041974689996193,0.17702916,EMNIST-letters
PnP-DnCNN,170,21.27416268330022,0.9449603097467136,0.19899249,EMNIST-letters
PnP-DnCNN,171,21.450035533752143,0.9305842411204064,0.21613604,EMNIST-letters
PnP-DnCNN,172,23.234722584300258,0.916975673796101,0.22046106,EMNIST-letters
PnP-DnCNN,173,20.2166205565694,0.957356445552889,0.22983284,EMNIST-letters
PnP-DnCNN,174,21.916005412465868,0.9096787602232754,0.2067294,EMNIST-letters
PnP-DnCNN,175,21.998523793635766,0.9432433721694079,0.20399258,EMNIST-letters
PnP-DnCNN,176,21.354105169978407,0.9243521217010484,0.22478892,EMNIST-letters
PnP-DnCNN,177,21.4413236702163,0.9390855222355482,0.18411936,EMNIST-letters
PnP-DnCNN,178,21.695505894097895,0.9267997445523246,0.24488312,EMNIST-letters
PnP-DnCNN,179,22.908008733798134,0.9526648109486281,0.18847114,EMNIST-letters
PnP-DnCNN,180,21.83634442293119,0.9543808456048493,0.17926762,EMNIST-letters
PnP-DnCNN,181,21.04617846322848,0.9284231712933907,0.25131515,EMNIST-letters
PnP-DnCNN,182,20.692776542866977,0.9115592532999013,0.24496827,EMNIST-letters
PnP-DnCNN,183,22.13042110341949,0.9546643056529612,0.16921778,EMNIST-letters
PnP-DnCNN,184,23.6671213566372,0.9588839337537604,0.14304577,EMNIST-letters
PnP-DnCNN,185,21.895255534444956,0.939481401400379,0.20400341,EMNIST-letters
PnP-DnCNN,186,22.31431225945525,0.9520239275841673,0.17935492,EMNIST-letters
PnP-DnCNN,187,22.447332577245458,0.9499646052102412,0.17824675,EMNIST-letters
PnP-DnCNN,188,22.950447234570635,0.9550011862408031,0.1660478,EMNIST-letters
PnP-DnCNN,189,21.66774239268072,0.9121513250322382,0.18775758,EMNIST-letters
PnP-DnCNN,190,21.61985644584638,0.9345248917594922,0.20914045,EMNIST-letters
PnP-DnCNN,191,20.672112939757827,0.955104448609362,0.19559327,EMNIST-letters
PnP-DnCNN,192,20.351426978812857,0.8990313495116785,0.21808064,EMNIST-letters
PnP-DnCNN,193,21.215409563981723,0.9070949604319147,0.26550436,EMNIST-letters
PnP-DnCNN,194,22.45382620345568,0.9391646243570265,0.18747255,EMNIST-letters
PnP-DnCNN,195,23.313811037983278,0.9460612943719241,0.16329047,EMNIST-letters
PnP-DnCNN,196,21.046278038592604,0.9496522970066583,0.2057277,EMNIST-letters
PnP-DnCNN,197,21.19411374865694,0.9137951518247319,0.24027374,EMNIST-letters
PnP-DnCNN,198,24.074844738974228,0.9500370423563502,0.170046,EMNIST-letters
PnP-DnCNN,199,22.914885643596023,0.9438622503364382,0.18989213,EMNIST-letters
FBP,0,14.41038216615583,0.47326808328132247,0.674202,Shepp-Logan (x20 noise)
FBP,1,14.625434454875082,0.5036675536077593,0.65771455,Shepp-Logan (x20 noise)
FBP,2,14.663623733055394,0.5132038889102607,0.6548291,Shepp-Logan (x20 noise)
FBP,3,14.51848858793916,0.47045129387493223,0.6658628,Shepp-Logan (x20 noise)
FBP,4,14.371044998086493,0.46238741229773184,0.67726237,Shepp-Logan (x20 noise)
FBP,5,15.20590412094581,0.5240799646058759,0.61519665,Shepp-Logan (x20 noise)
FBP,6,14.891840110187136,0.522709999146293,0.63784796,Shepp-Logan (x20 noise)
FBP,7,15.185144673814492,0.5159000157405553,0.6166687,Shepp-Logan (x20 noise)
FBP,8,14.849253747473643,0.49886142100931014,0.640983,Shepp-Logan (x20 noise)
FBP,9,14.820996756417903,0.5155262210298607,0.6430716,Shepp-Logan (x20 noise)
FBP,10,14.956310620490585,0.49820226798419004,0.63313115,Shepp-Logan (x20 noise)
FBP,11,14.49166881801846,0.4762334605055469,0.66792196,Shepp-Logan (x20 noise)
FBP,12,15.073842631361991,0.5182705849008865,0.6246216,Shepp-Logan (x20 noise)
FBP,13,14.06152376078564,0.45408034747589593,0.7018317,Shepp-Logan (x20 noise)
FBP,14,14.406538653339103,0.4842307510639518,0.6745004,Shepp-Logan (x20 noise)
FBP,15,14.736584931438603,0.48445236948049386,0.6493516,Shepp-Logan (x20 noise)
FBP,16,15.0782025950054,0.5249910975483146,0.6243082,Shepp-Logan (x20 noise)
FBP,17,15.315541235954907,0.5353947366455046,0.60748017,Shepp-Logan (x20 noise)
FBP,18,14.612651720869616,0.47216859603038996,0.6586832,Shepp-Logan (x20 noise)
FBP,19,15.216394997491577,0.5356853339236137,0.6144541,Shepp-Logan (x20 noise)
Tikhonov,0,16.91396084051846,0.5975199500656848,0.505372,Shepp-Logan (x20 noise)
Tikhonov,1,17.25753870919313,0.6272610132774907,0.48577172,Shepp-Logan (x20 noise)
Tikhonov,2,16.98942790366346,0.6163037784892127,0.50100005,Shepp-Logan (x20 noise)
Tikhonov,3,16.70368649496541,0.5703368443564689,0.5177557,Shepp-Logan (x20 noise)
Tikhonov,4,16.723016759554987,0.5704976435565998,0.51660466,Shepp-Logan (x20 noise)
Tikhonov,5,17.589285366854952,0.6356566267180418,0.46756813,Shepp-Logan (x20 noise)
Tikhonov,6,17.16790277274112,0.6270056206960046,0.49081072,Shepp-Logan (x20 noise)
Tikhonov,7,17.296008166493195,0.6109625950026565,0.48362502,Shepp-Logan (x20 noise)
Tikhonov,8,16.969103596443357,0.5991013058776821,0.5021737,Shepp-Logan (x20 noise)
Tikhonov,9,17.132536971973295,0.6192398024645965,0.49281317,Shepp-Logan (x20 noise)
Tikhonov,10,17.071802518558297,0.5915187310527487,0.49627116,Shepp-Logan (x20 noise)
Tikhonov,11,16.920376554981445,0.5930885311893441,0.5049988,Shepp-Logan (x20 noise)
Tikhonov,12,17.173423837093495,0.6237820030367078,0.49049884,Shepp-Logan (x20 noise)
Tikhonov,13,16.62241515471176,0.5820941417732984,0.5226229,Shepp-Logan (x20 noise)
Tikhonov,14,16.780120984460304,0.6011109876269398,0.5132195,Shepp-Logan (x20 noise)
Tikhonov,15,16.9880200084393,0.5853525937865834,0.5010813,Shepp-Logan (x20 noise)
Tikhonov,16,17.346610331041536,0.633941047386197,0.4808157,Shepp-Logan (x20 noise)
Tikhonov,17,17.57054778869891,0.631943181081827,0.46857786,Shepp-Logan (x20 noise)
Tikhonov,18,16.940177391499944,0.5952523581929936,0.5038489,Shepp-Logan (x20 noise)
Tikhonov,19,17.663931864245534,0.6438780273349325,0.46356708,Shepp-Logan (x20 noise)
TV,0,19.490683161991498,0.7565089581411116,0.37564272,Shepp-Logan (x20 noise)
TV,1,19.465691353348216,0.7475072162260479,0.3767251,Shepp-Logan (x20 noise)
TV,2,19.429886539449498,0.7440971312197772,0.37828127,Shepp-Logan (x20 noise)
TV,3,18.97980557740558,0.7007687169835279,0.3983996,Shepp-Logan (x20 noise)
TV,4,18.714195366802656,0.6661209703984955,0.41077065,Shepp-Logan (x20 noise)
TV,5,19.39932004368511,0.7295029738009715,0.3796148,Shepp-Logan (x20 noise)
TV,6,18.92657946584492,0.7178537082080999,0.40084842,Shepp-Logan (x20 noise)
TV,7,19.707781994991894,0.7335638242104083,0.36637014,Shepp-Logan (x20 noise)
TV,8,19.1147898099849,0.7100622757787293,0.39225608,Shepp-Logan (x20 noise)
TV,9,19.170883382901366,0.7366996598083618,0.38973105,Shepp-Logan (x20 noise)
TV,10,18.92384714468769,0.691751652578092,0.40097457,Shepp-Logan (x20 noise)
TV,11,19.252026635414236,0.7025041139168926,0.38610715,Shepp-Logan (x20 noise)
TV,12,18.74316902225631,0.7154599643073791,0.4094027,Shepp-Logan (x20 noise)
TV,13,18.788295995564216,0.7087970105623288,0.4072812,Shepp-Logan (x20 noise)
TV,14,18.943825950393634,0.7323018328617673,0.40005332,Shepp-Logan (x20 noise)
TV,15,19.192776457065868,0.7107523839135678,0.38874993,Shepp-Logan (x20 noise)
TV,16,19.07177721986872,0.7378830878325731,0.39420334,Shepp-Logan (x20 noise)
TV,17,19.8314996939745,0.7408056765456091,0.36118874,Shepp-Logan (x20 noise)
TV,18,18.861999081897817,0.6973357188461486,0.4038399,Shepp-Logan (x20 noise)
TV,19,19.835148269680218,0.7532226229317425,0.36103705,Shepp-Logan (x20 noise)
PnP-DnCNN,0,14.828238661953382,0.48185023521688913,0.6425357,Shepp-Logan (x20 noise)
PnP-DnCNN,1,15.121285534689852,0.5507216129782956,0.6212192,Shepp-Logan (x20 noise)
PnP-DnCNN,2,14.915858972404648,0.5038000628013503,0.6360866,Shepp-Logan (x20 noise)
PnP-DnCNN,3,15.009794400361411,0.5038324887902776,0.6292445,Shepp-Logan (x20 noise)
PnP-DnCNN,4,15.201557242834667,0.5295194279833519,0.6155046,Shepp-Logan (x20 noise)
PnP-DnCNN,5,15.051591007749872,0.5245086966305663,0.62622386,Shepp-Logan (x20 noise)
PnP-DnCNN,6,14.994396976659193,0.5351511323016352,0.63036096,Shepp-Logan (x20 noise)
PnP-DnCNN,7,15.553859671104345,0.5230489203259965,0.59103906,Shepp-Logan (x20 noise)
PnP-DnCNN,8,14.34419635487136,0.4955368449657478,0.679359,Shepp-Logan (x20 noise)
PnP-DnCNN,9,14.699669182671453,0.47605806653780386,0.6521173,Shepp-Logan (x20 noise)
PnP-DnCNN,10,15.262069203813535,0.5177888521286735,0.6112315,Shepp-Logan (x20 noise)
PnP-DnCNN,11,15.151581910795098,0.5150504966135606,0.6190562,Shepp-Logan (x20 noise)
PnP-DnCNN,12,15.583009288444469,0.5643371089808027,0.5890589,Shepp-Logan (x20 noise)
PnP-DnCNN,13,14.979318160369456,0.5213840424289065,0.63145626,Shepp-Logan (x20 noise)
PnP-DnCNN,14,14.990409945232832,0.5176091803668821,0.6306504,Shepp-Logan (x20 noise)
PnP-DnCNN,15,15.275357915452421,0.5166766681989332,0.610297,Shepp-Logan (x20 noise)
PnP-DnCNN,16,14.953541562019604,0.5409587267632326,0.63333297,Shepp-Logan (x20 noise)
PnP-DnCNN,17,15.128068558085841,0.5333564963772862,0.62073433,Shepp-Logan (x20 noise)
PnP-DnCNN,18,14.923056883498218,0.48416501344066143,0.6355597,Shepp-Logan (x20 noise)
PnP-DnCNN,19,14.879389100215207,0.5193208185821186,0.63876295,Shepp-Logan (x20 noise)
