method,img,psnr,ssim,rel,kind,delta
FBP,0,15.493287829379307,0.49810548924220666,0.6115717,offset,0.0
FBP,1,15.18432006444889,0.6037457527310519,0.494508,offset,0.0
FBP,2,15.815030993351932,0.3187215442324013,0.8181251,offset,0.0
FBP,3,15.771436004551695,0.7004995993259753,0.39986363,offset,0.0
FBP,4,15.775656734635351,0.5730908832798182,0.5819375,offset,0.0
FBP,5,15.811496104493678,0.34819047775652673,0.6652524,offset,0.0
FBP,6,15.187408889463253,0.5516834062582648,0.5932915,offset,0.0
FBP,7,15.51939246584686,0.4731967264970607,0.5619568,offset,0.0
FBP,8,15.613198820127916,0.6629119420720013,0.4536873,offset,0.0
FBP,9,15.75122149356946,0.5977432534097663,0.44329897,offset,0.0
FBP,10,15.357359941724216,0.7007420325387426,0.4833771,offset,0.0
FBP,11,15.053986688971166,0.6519621861493348,0.52955854,offset,0.0
FBP,12,14.949885025936581,0.5025641610464687,0.5805649,offset,0.0
FBP,13,15.336859118460566,0.6741735807872904,0.48431098,offset,0.0
FBP,14,15.79009081486559,0.37754701954185865,0.5949264,offset,0.0
FBP,15,15.279025940547557,0.6118424395386712,0.5857793,offset,0.0
FBP,16,14.890940945455409,0.567153459914235,0.58053267,offset,0.0
FBP,17,16.1646893831197,0.5413340425360774,0.4983961,offset,0.0
FBP,18,16.11360063716331,0.7273245072948376,0.4015165,offset,0.0
FBP,19,15.864956798225398,0.4798789422534017,0.6386911,offset,0.0
FBP,20,15.692338217073962,0.5406075719952429,0.47264406,offset,0.0
FBP,21,15.471898278630123,0.5334340215425275,0.5523111,offset,0.0
FBP,22,14.89801996566624,0.5844074805265772,0.5750504,offset,0.0
FBP,23,15.796863259442272,0.554098120848706,0.5614158,offset,0.0
FBP,24,15.344549378145029,0.42402196495504163,0.7885974,offset,0.0
FBP,25,15.2915513180511,0.7975074194625096,0.34989467,offset,0.0
FBP,26,15.06614731631702,0.4049311569263011,0.7163563,offset,0.0
FBP,27,15.608689007169597,0.5611116633244068,0.54268146,offset,0.0
FBP,28,15.047527500199182,0.6815901628002349,0.4548644,offset,0.0
FBP,29,15.884648188337112,0.34319161285158833,0.6885596,offset,0.0
FBP,30,15.551234289766118,0.552199911165197,0.5089206,offset,0.0
FBP,31,16.416766733707995,0.3286014175154235,0.7116926,offset,0.0
FBP,32,14.620807110003462,0.5587860729544393,0.55379504,offset,0.0
FBP,33,15.541926784583014,0.6205493932507989,0.52374583,offset,0.0
FBP,34,15.983694719287211,0.5908405104815485,0.46835694,offset,0.0
FBP,35,15.099077116827761,0.7174439500747686,0.50272757,offset,0.0
FBP,36,15.460955701538158,0.5479156939532417,0.55468154,offset,0.0
FBP,37,15.926743602754856,0.34434878903170296,0.6527009,offset,0.0
FBP,38,15.009543626182092,0.5013613832165864,0.65063477,offset,0.0
FBP,39,16.5548866264677,0.3979181316140019,0.52222395,offset,0.0
FBP,40,15.785505097165483,0.25813970326677266,0.9920091,offset,0.0
FBP,41,15.294239083251057,0.45741276405674736,0.66065955,offset,0.0
FBP,42,15.733162150538131,0.5654534934367479,0.5095459,offset,0.0
FBP,43,15.803930659130078,0.46930572288596717,0.64388317,offset,0.0
FBP,44,15.843388459948233,0.4633838664047605,0.57069224,offset,0.0
FBP,45,15.35158127639927,0.5623634165702933,0.6142274,offset,0.0
FBP,46,16.135062187630652,0.42821016813086465,0.5369653,offset,0.0
FBP,47,15.029397562578797,0.45417304548824206,0.7148721,offset,0.0
FBP,48,15.300152467895645,0.6362039711402608,0.4089554,offset,0.0
FBP,49,16.09154149025824,0.6204355000965043,0.48930636,offset,0.0
FBP,50,15.49255473732174,0.5023554552517904,0.58203226,offset,0.0
FBP,51,14.832992544061483,0.7146638091449738,0.4455236,offset,0.0
FBP,52,15.815848833306255,0.6210612219308906,0.5230827,offset,0.0
FBP,53,15.398313215166441,0.5666009835578494,0.68060064,offset,0.0
FBP,54,14.78106919992442,0.6916719984618802,0.4805994,offset,0.0
FBP,55,14.914648702077164,0.6142436214481564,0.5205201,offset,0.0
FBP,56,15.834387766767371,0.6473686126530895,0.4644964,offset,0.0
FBP,57,15.17906366644281,0.29118212971580526,0.84297526,offset,0.0
FBP,58,15.359078160645112,0.5744209742306865,0.5123859,offset,0.0
FBP,59,15.647026925485772,0.3928734072893153,0.77195925,offset,0.0
FBP,60,15.747733000663446,0.5205101533816063,0.4787978,offset,0.0
FBP,61,15.271909756890867,0.6496370880893304,0.46530712,offset,0.0
FBP,62,15.919368570401566,0.445921623701057,0.710169,offset,0.0
FBP,63,14.929651195271061,0.5373027343449988,0.59288836,offset,0.0
FBP,64,15.623843680095106,0.6675566046177371,0.45066118,offset,0.0
FBP,65,15.878695793621834,0.394803220669432,0.6998934,offset,0.0
FBP,66,14.635719612845188,0.6080442827673218,0.6021958,offset,0.0
FBP,67,15.004222932987833,0.5591061582328455,0.5931621,offset,0.0
FBP,68,15.944442846667714,0.6411247122392404,0.39594722,offset,0.0
FBP,69,15.013799208416163,0.6990718476777711,0.50851285,offset,0.0
FBP,70,14.991318484167078,0.5203091091045415,0.5709736,offset,0.0
FBP,71,14.937657177851412,0.7705419570758284,0.4177397,offset,0.0
FBP,72,15.011213449018374,0.6389090895270573,0.5249591,offset,0.0
FBP,73,15.28846017486699,0.5319658313332605,0.47359502,offset,0.0
FBP,74,17.205848624596868,0.36934610609997504,0.54282886,offset,0.0
FBP,75,15.504933023954525,0.5245574224295411,0.53794324,offset,0.0
FBP,76,15.757595516695188,0.5019018971580701,0.6048317,offset,0.0
FBP,77,15.42837217028434,0.5750321480196768,0.63256586,offset,0.0
FBP,78,16.327252202966033,0.45704381305694186,0.5188196,offset,0.0
FBP,79,15.882621854435747,0.6669340084265645,0.38262925,offset,0.0
FBP,80,15.695446787937817,0.4798556451159212,0.5464092,offset,0.0
FBP,81,15.52951576054405,0.5781404368970485,0.49544013,offset,0.0
FBP,82,15.475545238756869,0.6808260527824199,0.43575427,offset,0.0
FBP,83,15.12744011816003,0.4567778358455557,0.6409507,offset,0.0
FBP,84,14.803617883833036,0.6240138314164788,0.5342147,offset,0.0
FBP,85,16.034641064050206,0.6761506390098814,0.39114138,offset,0.0
FBP,86,16.17000519345376,0.532997506419032,0.45941263,offset,0.0
FBP,87,15.531421985125501,0.6063842469466632,0.49054962,offset,0.0
FBP,88,15.699976388081877,0.608218666223012,0.48011878,offset,0.0
FBP,89,15.633717235410526,0.3836785023561465,0.60967666,offset,0.0
FBP,90,15.564379990009003,0.6150370363323094,0.5114444,offset,0.0
FBP,91,14.833634691132534,0.4899667505704216,0.6034108,offset,0.0
FBP,92,14.896101357455287,0.4093429868974581,0.77407724,offset,0.0
FBP,93,15.658640077324161,0.6057155807546464,0.40761018,offset,0.0
FBP,94,15.965208835091191,0.43421086147787147,0.48989674,offset,0.0
FBP,95,14.649058215190811,0.6535546569305379,0.43310887,offset,0.0
FBP,96,15.871866216210346,0.3339917606493198,0.726234,offset,0.0
FBP,97,16.124294103690858,0.5941414647617316,0.42672113,offset,0.0
FBP,98,15.433652521892382,0.5707603779551429,0.5464241,offset,0.0
FBP,99,15.629691447496157,0.6099972889564059,0.45039055,offset,0.0
FBP,100,15.047597862331658,0.5249140476604105,0.68987435,offset,0.0
FBP,101,15.04099270313166,0.6653534682212741,0.5342681,offset,0.0
FBP,102,15.086703090411346,0.6405351030234895,0.52039355,offset,0.0
FBP,103,15.270582300824673,0.5953430969794599,0.52774423,offset,0.0
FBP,104,15.404297037649826,0.5810794859974799,0.56600624,offset,0.0
FBP,105,16.031012682209305,0.5462272036699785,0.5485304,offset,0.0
FBP,106,14.74712776689319,0.7120460198050502,0.52991045,offset,0.0
FBP,107,15.986235019383024,0.3772307313471279,0.6587218,offset,0.0
FBP,108,15.32671318678589,0.4917959653846857,0.54846853,offset,0.0
FBP,109,15.439910439991962,0.5287845819743066,0.58547646,offset,0.0
FBP,110,15.38035955692989,0.590326962179596,0.4892099,offset,0.0
FBP,111,16.65673730646204,0.43431867228782195,0.52316856,offset,0.0
FBP,112,15.583664870178925,0.46570032700437575,0.60635513,offset,0.0
FBP,113,15.894807979273086,0.5165309181600094,0.5112276,offset,0.0
FBP,114,15.642675125119931,0.4667398583345752,0.59377384,offset,0.0
FBP,115,15.597529543624036,0.462781765795994,0.62348807,offset,0.0
FBP,116,15.22935080918047,0.41003143276136766,0.69833654,offset,0.0
FBP,117,16.256082011099974,0.6015071546568556,0.46529192,offset,0.0
FBP,118,15.61313756992275,0.4741224737231541,0.6453133,offset,0.0
FBP,119,15.20763517763007,0.6420540916996821,0.48785552,offset,0.0
FBP,120,15.088183537874478,0.7100032949636157,0.43755478,offset,0.0
FBP,121,16.077822262005895,0.5616460168198237,0.5475091,offset,0.0
FBP,122,16.83351619211846,0.4069389421355714,0.6121492,offset,0.0
FBP,123,15.774930988641216,0.5947546813867203,0.51203096,offset,0.0
FBP,124,15.913940231907722,0.5311934453801926,0.48667774,offset,0.0
FBP,125,15.380215415863985,0.4816081934485369,0.61390615,offset,0.0
FBP,126,15.30823042124936,0.7206384100863341,0.49512026,offset,0.0
FBP,127,15.826676356146592,0.5925673384451878,0.48098683,offset,0.0
FBP,128,14.519264087390845,0.6372944592131258,0.45759118,offset,0.0
FBP,129,15.556449002283554,0.5777245538566822,0.5461712,offset,0.0
FBP,130,15.303301629064613,0.6254351310785112,0.43886974,offset,0.0
FBP,131,15.190785647046585,0.6743403537632332,0.41588053,offset,0.0
FBP,132,15.3029021394036,0.7004876767881316,0.42435017,offset,0.0
FBP,133,15.408363408803012,0.6488122130142059,0.45000812,offset,0.0
FBP,134,15.072033125760882,0.580954947537201,0.5059455,offset,0.0
FBP,135,16.239935094856538,0.3844238217685671,0.5467899,offset,0.0
FBP,136,15.332974169153026,0.6257174608044731,0.5241331,offset,0.0
FBP,137,15.536675152460525,0.406334792806436,0.5528195,offset,0.0
FBP,138,15.037777943381545,0.5859504246967965,0.5134173,offset,0.0
FBP,139,15.115768661856574,0.5614536430374989,0.5312713,offset,0.0
FBP,140,15.218743119614764,0.4225173757170651,0.7088026,offset,0.0
FBP,141,15.268796157007413,0.4406417768885389,0.6271986,offset,0.0
FBP,142,15.38234448320604,0.6032744667290523,0.56187963,offset,0.0
FBP,143,16.314828323508856,0.32669542112925537,0.69910395,offset,0.0
FBP,144,14.938870613475961,0.5303894994131118,0.5519469,offset,0.0
FBP,145,15.735284105485238,0.3113144933267904,0.7562822,offset,0.0
FBP,146,15.033265062881487,0.5972059559546233,0.48317865,offset,0.0
FBP,147,15.637673159078902,0.7415278753151969,0.40044868,offset,0.0
FBP,148,15.72765863438667,0.6259610721633578,0.5193252,offset,0.0
FBP,149,15.142389084609448,0.4807095709598377,0.6916027,offset,0.0
FBP,150,14.851489930611887,0.5415407044184418,0.578537,offset,0.0
FBP,151,15.035970348465462,0.6753548110051375,0.4973541,offset,0.0
FBP,152,16.06703582034993,0.5434025933384926,0.5517431,offset,0.0
FBP,153,15.522002572327656,0.5737567206234709,0.601834,offset,0.0
FBP,154,15.853067382951311,0.30167248794586615,0.7935906,offset,0.0
FBP,155,15.193587855258581,0.6368823320581289,0.48084176,offset,0.0
FBP,156,16.214036376858626,0.5269848870486069,0.5165456,offset,0.0
FBP,157,15.355749822842133,0.600026856311912,0.53853166,offset,0.0
FBP,158,15.449495934724638,0.5749736887317205,0.53707075,offset,0.0
FBP,159,16.040145821911693,0.4401216765299301,0.6402366,offset,0.0
FBP,160,15.222853641515508,0.5350898944116801,0.5286828,offset,0.0
FBP,161,14.898667663652008,0.6137043412941727,0.5510039,offset,0.0
FBP,162,15.397283119073803,0.6942756566874349,0.4327698,offset,0.0
FBP,163,15.34531285311877,0.6186292998107934,0.46704823,offset,0.0
FBP,164,14.916376401740738,0.5147920941007598,0.58560586,offset,0.0
FBP,165,15.086288418923548,0.6961349514117914,0.48360917,offset,0.0
FBP,166,14.75538648950748,0.5297010503101195,0.6193542,offset,0.0
FBP,167,15.888899486474575,0.4960489880563239,0.5954016,offset,0.0
FBP,168,16.26422521287826,0.37234213498595636,0.6212733,offset,0.0
FBP,169,16.2627118364596,0.5198985940104731,0.54181325,offset,0.0
FBP,170,15.503925301254204,0.4563572059745909,0.64550877,offset,0.0
FBP,171,15.693362066712513,0.5904630144486422,0.42483178,offset,0.0
FBP,172,14.695267638554041,0.6856975752492842,0.501531,offset,0.0
FBP,173,15.420368031537791,0.5994521762088783,0.61925906,offset,0.0
FBP,174,15.418035026874733,0.552086908267912,0.53931904,offset,0.0
FBP,175,16.174526970277363,0.30384564121675434,0.9282665,offset,0.0
FBP,176,15.838435750190003,0.27485520808176644,0.9595871,offset,0.0
FBP,177,15.507138690994358,0.5644842793339164,0.5028554,offset,0.0
FBP,178,16.091896099944787,0.3466805268570861,0.65071905,offset,0.0
FBP,179,16.015455162977396,0.6211439688072573,0.4190182,offset,0.0
FBP,180,16.6848565775563,0.3367682834199032,0.6492003,offset,0.0
FBP,181,15.579868188293258,0.6071214524883904,0.45536274,offset,0.0
FBP,182,16.172611583199014,0.47806077250274676,0.5640676,offset,0.0
FBP,183,14.995410116593854,0.7489477485491801,0.4340776,offset,0.0
FBP,184,15.349242733827712,0.5592907525557572,0.54306024,offset,0.0
FBP,185,15.276082180779376,0.5359852599672007,0.56145275,offset,0.0
FBP,186,14.933616095749962,0.6653497246264101,0.4282689,offset,0.0
FBP,187,15.462626281837634,0.6666025557459168,0.4923173,offset,0.0
FBP,188,14.783392000634372,0.709149883227349,0.44681934,offset,0.0
FBP,189,15.491441483283186,0.28777884655691127,0.88342655,offset,0.0
FBP,190,16.120506754938475,0.4299170615365053,0.50885856,offset,0.0
FBP,191,15.976986797739293,0.360289675871052,0.6811985,offset,0.0
FBP,192,14.948317333990705,0.6633552450731852,0.50502706,offset,0.0
FBP,193,15.75163140455825,0.5238430430431473,0.5640767,offset,0.0
FBP,194,15.067497344124732,0.6796210841834978,0.49367762,offset,0.0
FBP,195,15.91562351589394,0.3880095612647975,0.7675357,offset,0.0
FBP,196,15.570167208137837,0.37938127511547504,0.56833714,offset,0.0
FBP,197,15.535031598101309,0.5464178574624354,0.44323972,offset,0.0
FBP,198,15.490592852793366,0.47213568369685266,0.598056,offset,0.0
FBP,199,15.648790243390868,0.6550199797753776,0.39778072,offset,0.0
Tikhonov,0,17.234321890537963,0.4979392933608264,0.50049037,offset,0.0
Tikhonov,1,16.3222428159006,0.5998031634888862,0.4337876,offset,0.0
Tikhonov,2,18.98885819102098,0.33948863191050976,0.56771237,offset,0.0
Tikhonov,3,16.429125474056054,0.6928604576753045,0.3707041,offset,0.0
Tikhonov,4,17.579999798922184,0.5911561040891323,0.4727801,offset,0.0
Tikhonov,5,18.374996711876484,0.36029135166019904,0.4952351,offset,0.0
Tikhonov,6,16.6326886035581,0.5590162833538994,0.5023474,offset,0.0
Tikhonov,7,17.422042425714846,0.4889991144997968,0.45140925,offset,0.0
Tikhonov,8,17.08267672830076,0.6711462871428898,0.38307405,offset,0.0
Tikhonov,9,16.68414256011597,0.5966833698989492,0.3981536,offset,0.0
Tikhonov,10,16.152374948212827,0.6913282318682455,0.44109827,offset,0.0
Tikhonov,11,16.002055024569295,0.6290400803451376,0.47479987,offset,0.0
Tikhonov,12,16.698088687270175,0.5107560734075017,0.47472337,offset,0.0
Tikhonov,13,16.149062893220897,0.6683073017173995,0.44107673,offset,0.0
Tikhonov,14,18.311251571807496,0.38617362833965746,0.44504634,offset,0.0
Tikhonov,15,16.50420230790154,0.6182016564815975,0.50871587,offset,0.0
Tikhonov,16,16.767195739750207,0.584450707176781,0.4677502,offset,0.0
Tikhonov,17,17.192693679209373,0.5410086269688135,0.44276616,offset,0.0
Tikhonov,18,16.455981370614726,0.7060966269913599,0.38599735,offset,0.0
Tikhonov,19,17.77805648499132,0.4884165191815104,0.51243156,offset,0.0
Tikhonov,20,17.3676156021924,0.5603743480159593,0.3897358,offset,0.0
Tikhonov,21,17.267043570651172,0.5390163086064175,0.4491863,offset,0.0
Tikhonov,22,16.517255372566307,0.5972104253553331,0.47724798,offset,0.0
Tikhonov,23,16.910026023766324,0.5487185154290107,0.49388576,offset,0.0
Tikhonov,24,17.623295151130648,0.4412197152620243,0.60662186,offset,0.0
Tikhonov,25,16.040173240266142,0.7948477482817652,0.32100087,offset,0.0
Tikhonov,26,16.881963501516214,0.40526977027472966,0.58121693,offset,0.0
Tikhonov,27,17.151872112353356,0.5686957630379826,0.45434508,offset,0.0
Tikhonov,28,16.24352708078704,0.6827991721258799,0.39635283,offset,0.0
Tikhonov,29,18.700601749597304,0.3543914712687439,0.49790198,offset,0.0
Tikhonov,30,17.271614784547864,0.5744641993104861,0.41747552,offset,0.0
Tikhonov,31,19.014405356548295,0.33785022411991894,0.52772844,offset,0.0
Tikhonov,32,16.34203383326649,0.5768492126232205,0.45424247,offset,0.0
Tikhonov,33,16.879569810847958,0.6289059304327258,0.4489919,offset,0.0
Tikhonov,34,16.852412858349243,0.5880432984421765,0.4237806,offset,0.0
Tikhonov,35,16.214922350677693,0.7224617897016227,0.44212025,offset,0.0
Tikhonov,36,16.80160704804703,0.5539329946026675,0.4753474,offset,0.0
Tikhonov,37,18.411417833760222,0.3459958065126076,0.490321,offset,0.0
Tikhonov,38,16.334736554163726,0.4986243577460443,0.55857,offset,0.0
Tikhonov,39,18.414593482186955,0.40540445637109895,0.4215717,offset,0.0
Tikhonov,40,18.959097759119143,0.26225093481792827,0.68839234,offset,0.0
Tikhonov,41,17.19939869058287,0.47330396216986165,0.53054196,offset,0.0
Tikhonov,42,17.339329385111235,0.5725836437087302,0.42352104,offset,0.0
Tikhonov,43,17.61656512229569,0.4717675672104671,0.52260715,offset,0.0
Tikhonov,44,17.762585070048388,0.4754130079532196,0.45755374,offset,0.0
Tikhonov,45,16.76843063780813,0.5486472036058375,0.5217791,offset,0.0
Tikhonov,46,18.280463695582462,0.4388238054556841,0.41944605,offset,0.0
Tikhonov,47,16.568622199655838,0.4574535794138585,0.5987798,offset,0.0
Tikhonov,48,16.690143037904107,0.6583729149430484,0.34847885,offset,0.0
Tikhonov,49,17.23359159908385,0.6227172566924152,0.4290208,offset,0.0
Tikhonov,50,17.362537843911866,0.5216748633920811,0.4692971,offset,0.0
Tikhonov,51,15.802954546128378,0.7069196140572567,0.39844888,offset,0.0
Tikhonov,52,16.864441899712073,0.6108568796066833,0.4635971,offset,0.0
Tikhonov,53,16.82403966093467,0.5670391988444088,0.57757187,offset,0.0
Tikhonov,54,15.70234199133286,0.6826052290155583,0.43223467,offset,0.0
Tikhonov,55,16.20769091558671,0.6030902758905518,0.44852367,offset,0.0
Tikhonov,56,17.6026391897188,0.6697366396186504,0.37893942,offset,0.0
Tikhonov,57,18.018193373841104,0.30213084513146415,0.6079367,offset,0.0
Tikhonov,58,17.15614943416103,0.5902547204938201,0.41662335,offset,0.0
Tikhonov,59,18.001222326838885,0.4064135002438941,0.58868724,offset,0.0
Tikhonov,60,17.131707351684152,0.5277005146068284,0.4082756,offset,0.0
Tikhonov,61,16.396255958782216,0.6482150987856675,0.40881082,offset,0.0
Tikhonov,62,17.97914697324224,0.44579408046922236,0.5602383,offset,0.0
Tikhonov,63,16.967315657921237,0.5513217699154057,0.46891022,offset,0.0
Tikhonov,64,16.5523317299379,0.6609348270215656,0.40497273,offset,0.0
Tikhonov,65,18.240519706925063,0.4007173868137689,0.5332621,offset,0.0
Tikhonov,66,16.148897588482292,0.6102371138322344,0.5059165,offset,0.0
Tikhonov,67,17.031928184137893,0.5760583503624955,0.46966496,offset,0.0
Tikhonov,68,17.00772382961683,0.6432399945526022,0.35032672,offset,0.0
Tikhonov,69,16.15334652812443,0.7036174704836179,0.44598943,offset,0.0
Tikhonov,70,16.95114650548478,0.5352421806220106,0.45564294,offset,0.0
Tikhonov,71,16.189975051852613,0.7811031967044562,0.3616511,offset,0.0
Tikhonov,72,16.15966921312519,0.6454375870925113,0.45994157,offset,0.0
Tikhonov,73,16.83924442646508,0.5448640360850995,0.39615753,offset,0.0
Tikhonov,74,19.23078957923623,0.3817186578641615,0.42994797,offset,0.0
Tikhonov,75,16.933291695176877,0.5310664770837049,0.45637152,offset,0.0
Tikhonov,76,16.91117799524833,0.49954693708838205,0.5296091,offset,0.0
Tikhonov,77,17.224912767560774,0.5820381404679992,0.51437366,offset,0.0
Tikhonov,78,17.760431739663375,0.4561395923383842,0.43990344,offset,0.0
Tikhonov,79,16.933220963343672,0.6715467188522712,0.3390379,offset,0.0
Tikhonov,80,17.47825976104046,0.48868366306111766,0.44501776,offset,0.0
Tikhonov,81,16.72658489163838,0.5746304219466449,0.43165594,offset,0.0
Tikhonov,82,16.31016652083354,0.6803871520363421,0.39583173,offset,0.0
Tikhonov,83,17.442190311848428,0.47922820911583036,0.49100637,offset,0.0
Tikhonov,84,15.922968418929006,0.6169948174400748,0.46962184,offset,0.0
Tikhonov,85,16.98801116027616,0.6830618693834856,0.35048163,offset,0.0
Tikhonov,86,17.783861778457815,0.5449041752471812,0.38151368,offset,0.0
Tikhonov,87,16.755434428273293,0.6118314357470598,0.42607138,offset,0.0
Tikhonov,88,16.772123555614694,0.6115684678406678,0.42436674,offset,0.0
Tikhonov,89,17.947608253296977,0.3973053284275657,0.4670948,offset,0.0
Tikhonov,90,16.793293799701885,0.6175474775483647,0.44396907,offset,0.0
Tikhonov,91,16.677494938700725,0.5019335471012356,0.48800018,offset,0.0
Tikhonov,92,16.975073035105684,0.4140832763466376,0.60930634,offset,0.0
Tikhonov,93,17.201589718073826,0.6225808799415461,0.34126955,offset,0.0
Tikhonov,94,17.730687426853898,0.44008010425888705,0.39978883,offset,0.0
Tikhonov,95,16.444518126248393,0.6781130834155011,0.3522282,offset,0.0
Tikhonov,96,18.78140686530474,0.3572257677759891,0.5195168,offset,0.0
Tikhonov,97,17.27767162300833,0.5904396118719827,0.37365887,offset,0.0
Tikhonov,98,16.669080481944437,0.570202653813426,0.47397828,offset,0.0
Tikhonov,99,16.59590071482818,0.6143098042321522,0.40297565,offset,0.0
Tikhonov,100,16.414452172190455,0.5045068824215415,0.5894233,offset,0.0
Tikhonov,101,16.364826192276418,0.6634553515979845,0.45874098,offset,0.0
Tikhonov,102,16.169797997540044,0.6416228998948874,0.45938537,offset,0.0
Tikhonov,103,17.38700298999921,0.6199344169918047,0.4136209,offset,0.0
Tikhonov,104,16.9360075506315,0.5867954569222686,0.47449943,offset,0.0
Tikhonov,105,17.18112785859052,0.5453504375453888,0.4805017,offset,0.0
Tikhonov,106,15.976650650654582,0.7111975669279725,0.4599667,offset,0.0
Tikhonov,107,18.909354418953374,0.4066229048714211,0.4704853,offset,0.0
Tikhonov,108,17.531542475360236,0.5102441962736213,0.42551047,offset,0.0
Tikhonov,109,16.45901223934487,0.5188624826500439,0.52066016,offset,0.0
Tikhonov,110,16.669578029899196,0.5897569226150109,0.42172977,offset,0.0
Tikhonov,111,18.35654066864261,0.4394476624248522,0.43018126,offset,0.0
Tikhonov,112,17.325656736180104,0.47080773624234584,0.49616647,offset,0.0
Tikhonov,113,17.459363019849743,0.5212808722365082,0.42695937,offset,0.0
Tikhonov,114,17.54634364546427,0.4771575619459868,0.47691134,offset,0.0
Tikhonov,115,17.534233908266273,0.4617045302995604,0.4988764,offset,0.0
Tikhonov,116,17.648410203424845,0.42823471767589266,0.5285813,offset,0.0
Tikhonov,117,17.253617304794766,0.599906378934614,0.41480955,offset,0.0
Tikhonov,118,17.548754527734577,0.4845797652943918,0.5164042,offset,0.0
Tikhonov,119,16.399784238856615,0.6465789521366073,0.42528868,offset,0.0
Tikhonov,120,16.41496393678413,0.7286053981736864,0.37557217,offset,0.0
Tikhonov,121,17.62070853754186,0.5572863761595381,0.45840254,offset,0.0
Tikhonov,122,18.846590774618406,0.4205915795313002,0.48551598,offset,0.0
Tikhonov,123,16.679993644048082,0.5844357880895519,0.46136335,offset,0.0
Tikhonov,124,17.007037804347192,0.5273481372172352,0.42912772,offset,0.0
Tikhonov,125,17.21714801727806,0.4869522731859441,0.49688444,offset,0.0
Tikhonov,126,16.27682176072144,0.7052877383327789,0.44287494,offset,0.0
Tikhonov,127,16.859719549512384,0.5972515052220061,0.4270523,offset,0.0
Tikhonov,128,15.910733158268675,0.6425126892341828,0.38985598,offset,0.0
Tikhonov,129,16.851592726866777,0.5785145199353026,0.47051305,offset,0.0
Tikhonov,130,16.750448443828898,0.6391328455782149,0.37151667,offset,0.0
Tikhonov,131,16.454756352626475,0.676710613224894,0.3595589,offset,0.0
Tikhonov,132,16.16793830548317,0.7024569995975515,0.38412502,offset,0.0
Tikhonov,133,16.929077442719056,0.6649720428363817,0.37773278,offset,0.0
Tikhonov,134,16.17819847803071,0.5711757102709414,0.44544637,offset,0.0
Tikhonov,135,18.438534503472674,0.39185565146559864,0.42451254,offset,0.0
Tikhonov,136,16.62037638996392,0.6195855519314843,0.4519303,offset,0.0
Tikhonov,137,17.525016738124148,0.4224324392954326,0.4397099,offset,0.0
Tikhonov,138,16.142885041495916,0.5784778340199138,0.45207983,offset,0.0
Tikhonov,139,16.462523373505146,0.569231211546109,0.45496565,offset,0.0
Tikhonov,140,16.96417674935165,0.4268874512753961,0.57976717,offset,0.0
Tikhonov,141,17.056172372647897,0.44594806235731954,0.5105476,offset,0.0
Tikhonov,142,16.39504011962551,0.6035560043177506,0.5000443,offset,0.0
Tikhonov,143,18.981540786408896,0.3417364658329882,0.5142877,offset,0.0
Tikhonov,144,16.57110496313002,0.5469385929694803,0.4573888,offset,0.0
Tikhonov,145,18.50880586762737,0.32353081751503204,0.5495507,offset,0.0
Tikhonov,146,16.34719157254282,0.596727682000713,0.4153473,offset,0.0
Tikhonov,147,16.236604739808204,0.7273032781927777,0.37376642,offset,0.0
Tikhonov,148,16.840813787498202,0.6182593742625072,0.45685846,offset,0.0
Tikhonov,149,17.027655468536643,0.5021059627078035,0.5566643,offset,0.0
Tikhonov,150,16.969379638116582,0.5658314896007607,0.45335317,offset,0.0
Tikhonov,151,15.777110587857885,0.6588511036558381,0.4566765,offset,0.0
Tikhonov,152,17.08326750555224,0.5259349362499923,0.49082348,offset,0.0
Tikhonov,153,16.978712736836968,0.5665066820499103,0.5089103,offset,0.0
Tikhonov,154,18.66690416629854,0.30709560798175156,0.57399046,offset,0.0
Tikhonov,155,16.81023053975244,0.6566873266075907,0.39918116,offset,0.0
Tikhonov,156,17.358844803176883,0.5223012513265568,0.4527602,offset,0.0
Tikhonov,157,16.589072082354235,0.5924334113619845,0.46724552,offset,0.0
Tikhonov,158,17.395994146684025,0.5947076795237382,0.42924634,offset,0.0
Tikhonov,159,17.851003075883252,0.4418672744328087,0.51975375,offset,0.0
Tikhonov,160,16.844217177388884,0.5454965125671242,0.43865898,offset,0.0
Tikhonov,161,16.25048574475706,0.613779819896156,0.47158903,offset,0.0
Tikhonov,162,16.345618396413908,0.6935357447147893,0.38800758,offset,0.0
Tikhonov,163,16.895488480896695,0.6406952082215566,0.3907086,offset,0.0
Tikhonov,164,16.57861681269411,0.52139208671177,0.4836079,offset,0.0
Tikhonov,165,16.51956945430243,0.6963084278426668,0.41004404,offset,0.0
Tikhonov,166,16.350056593596015,0.5423986501919591,0.5154726,offset,0.0
Tikhonov,167,17.44606466091414,0.5031472899006249,0.49768177,offset,0.0
Tikhonov,168,19.11420011080342,0.3823183763116571,0.4474906,offset,0.0
Tikhonov,169,18.13411029125491,0.5349485284534825,0.43679705,offset,0.0
Tikhonov,170,17.87113780009767,0.47996162049340524,0.4915204,offset,0.0
Tikhonov,171,17.163064319127837,0.6093087120579117,0.35870042,offset,0.0
Tikhonov,172,15.56224050902551,0.683004403536156,0.45388845,offset,0.0
Tikhonov,173,16.43162520717141,0.587029694853262,0.55120045,offset,0.0
Tikhonov,174,17.036072164311523,0.5609882142200435,0.44765547,offset,0.0
Tikhonov,175,19.2704177459161,0.3357692273215329,0.6499473,offset,0.0
Tikhonov,176,19.792494526830826,0.3022785964316096,0.6086694,offset,0.0
Tikhonov,177,16.64893803025967,0.5531953138564829,0.44091332,offset,0.0
Tikhonov,178,18.572006183438823,0.35088348289045374,0.48908913,offset,0.0
Tikhonov,179,16.39123413132118,0.6029004066189644,0.40127668,offset,0.0
Tikhonov,180,19.059375351534605,0.3434007783585867,0.49391565,offset,0.0
Tikhonov,181,16.45337406046654,0.5980765496064093,0.41179606,offset,0.0
Tikhonov,182,17.94344297239701,0.4911947697295215,0.4600336,offset,0.0
Tikhonov,183,15.406057033990251,0.7331802969197608,0.4140331,offset,0.0
Tikhonov,184,17.20073226145351,0.5737941738825161,0.438807,offset,0.0
Tikhonov,185,16.62295496477005,0.5371460586823311,0.48080567,offset,0.0
Tikhonov,186,16.347805307220863,0.6751180812639516,0.363921,offset,0.0
Tikhonov,187,16.314074935890716,0.6573018210387812,0.44634703,offset,0.0
Tikhonov,188,16.06419238160357,0.7171090685051466,0.38555998,offset,0.0
Tikhonov,189,18.604422219983206,0.29833444134882564,0.61733574,offset,0.0
Tikhonov,190,18.153278199124628,0.4482269721867686,0.40267852,offset,0.0
Tikhonov,191,18.6642446888028,0.37374680367330176,0.49993178,offset,0.0
Tikhonov,192,16.10801950053163,0.6534111817083071,0.44190565,offset,0.0
Tikhonov,193,16.935852782604584,0.5149197538108141,0.49218363,offset,0.0
Tikhonov,194,15.992867519646445,0.6719913932452486,0.44378737,offset,0.0
Tikhonov,195,17.64779182455505,0.3849877413008208,0.6287676,offset,0.0
Tikhonov,196,17.879635987961734,0.3922257151821251,0.4356449,offset,0.0
Tikhonov,197,16.691761758208358,0.5542073987096294,0.38797355,offset,0.0
Tikhonov,198,17.11657989274931,0.480678260890182,0.49595526,offset,0.0
Tikhonov,199,16.981842790336646,0.6730784189325473,0.3411859,offset,0.0
TV,0,19.82457099217435,0.5957345085849693,0.37143537,offset,0.0
TV,1,19.73666390335394,0.7040800799789824,0.2927899,offset,0.0
TV,2,19.895756833168793,0.40401454594622227,0.5114267,offset,0.0
TV,3,19.54453328245215,0.7988265460079982,0.25897452,offset,0.0
TV,4,20.04341704274801,0.6944308071301034,0.35603145,offset,0.0
TV,5,20.987037977790056,0.45837591608893896,0.36661425,offset,0.0
TV,6,18.919388451999268,0.6715483021035344,0.38607275,offset,0.0
TV,7,19.967301349100833,0.5935318719649549,0.3367499,offset,0.0
TV,8,20.302974871865437,0.7704636649871321,0.26440385,offset,0.0
TV,9,19.654980623540418,0.7151674828482484,0.28281912,offset,0.0
TV,10,19.03181919617335,0.806647492396599,0.31663805,offset,0.0
TV,11,18.016673624855656,0.7343086198276324,0.3765127,offset,0.0
TV,12,18.904446799697787,0.6110489630041267,0.36823303,offset,0.0
TV,13,18.473061843070262,0.7754292146953146,0.33753142,offset,0.0
TV,14,21.770310455760786,0.46796182564494376,0.2988493,offset,0.0
TV,15,18.752143908410176,0.7417356605845511,0.3927156,offset,0.0
TV,16,18.826948817585475,0.6899221742329427,0.36899996,offset,0.0
TV,17,20.63015709214131,0.6600326014594137,0.2980583,offset,0.0
TV,18,18.979082895082044,0.8051068054277388,0.28868836,offset,0.0
TV,19,20.24842166341733,0.6214634776517098,0.38558277,offset,0.0
TV,20,19.91578983737661,0.6623697785539399,0.29064414,offset,0.0
TV,21,19.830980819589193,0.6376355030171742,0.3343718,offset,0.0
TV,22,18.37650506460681,0.7289370506884499,0.38528457,offset,0.0
TV,23,18.910428549240855,0.656178656055338,0.39228922,offset,0.0
TV,24,18.828316180559476,0.5426391088254634,0.52804023,offset,0.0
TV,25,18.7863615479547,0.8801982233354684,0.23398973,offset,0.0
TV,26,18.639331892784014,0.4934462284109332,0.47475532,offset,0.0
TV,27,19.568032298796957,0.7004088048345971,0.34401533,offset,0.0
TV,28,18.678931274706063,0.7861626903037733,0.29944134,offset,0.0
TV,29,21.845969318337023,0.43911170103675723,0.34663746,offset,0.0
TV,30,20.36321481481464,0.6815635838612244,0.2924496,offset,0.0
TV,31,21.77942502961877,0.4394259347516874,0.3838482,offset,0.0
TV,32,18.906700432699633,0.6994265372112531,0.33810717,offset,0.0
TV,33,19.165133882081598,0.7456567084516806,0.34511217,offset,0.0
TV,34,20.389662184250582,0.696385906956809,0.28201917,offset,0.0
TV,35,18.917436704035882,0.840081614952088,0.32390282,offset,0.0
TV,36,19.329420572525017,0.6624048791906588,0.35532063,offset,0.0
TV,37,21.821798455917836,0.4475585087625818,0.33110178,offset,0.0
TV,38,17.86829421564297,0.6094813009984753,0.46816587,offset,0.0
TV,39,21.509496270260975,0.5174763393054393,0.29520676,offset,0.0
TV,40,21.060966857626156,0.4015335126463439,0.5404339,offset,0.0
TV,41,18.829238555809322,0.562160299898006,0.4397722,offset,0.0
TV,42,20.104826293019453,0.6756592733320811,0.30803505,offset,0.0
TV,43,19.86068922086658,0.5682713376196517,0.4036167,offset,0.0
TV,44,21.133727652831897,0.587264075453397,0.31037372,offset,0.0
TV,45,18.55898588070174,0.6573913400547294,0.4245794,offset,0.0
TV,46,21.39808298296198,0.5519743349849562,0.2929511,offset,0.0
TV,47,17.660228092237418,0.554110913548988,0.5280643,offset,0.0
TV,48,19.879042990927584,0.7555717864056495,0.24139675,offset,0.0
TV,49,19.61996380614836,0.7347513288779046,0.32595655,offset,0.0
TV,50,19.480083191218302,0.6295726148763764,0.36776522,offset,0.0
TV,51,18.570499850173434,0.8242157638960033,0.28973123,offset,0.0
TV,52,19.204872570414878,0.7271844923317294,0.35409448,offset,0.0
TV,53,18.36152570100927,0.6917976328298788,0.48387337,offset,0.0
TV,54,17.838458818476823,0.7855736526914618,0.3379977,offset,0.0
TV,55,19.342317357686884,0.7165997816684602,0.3126468,offset,0.0
TV,56,21.511643349748226,0.7925446038904084,0.24161261,offset,0.0
TV,57,19.707337987377336,0.39208505284868583,0.5004966,offset,0.0
TV,58,19.36118401536884,0.697370913618606,0.3232153,offset,0.0
TV,59,19.231613389746062,0.503295715397016,0.5109343,offset,0.0
TV,60,20.154413618677506,0.6585968331047064,0.2882824,offset,0.0
TV,61,19.249415106429396,0.7522138846510914,0.29435027,offset,0.0
TV,62,20.027782656654306,0.5435083050955248,0.44252825,offset,0.0
TV,63,19.66517349278257,0.6530228277956028,0.34371364,offset,0.0
TV,64,19.56666347580539,0.7627875779915124,0.28622606,offset,0.0
TV,65,20.177842812764254,0.5219368242229574,0.42665276,offset,0.0
TV,66,17.86810874411224,0.7102276497200124,0.41506702,offset,0.0
TV,67,19.070490735822855,0.6802469178772539,0.3714155,offset,0.0
TV,68,20.407061727090866,0.7606713143716112,0.23686798,offset,0.0
TV,69,18.620647744310517,0.8066767860850519,0.33570632,offset,0.0
TV,70,19.734759720929627,0.6466551655133771,0.33070743,offset,0.0
TV,71,19.477903952451037,0.8841469318611732,0.2476814,offset,0.0
TV,72,18.435534895622162,0.7498776826051194,0.35392347,offset,0.0
TV,73,19.604502756687218,0.6557236071166097,0.28814098,offset,0.0
TV,74,23.11011844333003,0.5306866703899423,0.27507395,offset,0.0
TV,75,19.35407556402213,0.6408415189761407,0.3453658,offset,0.0
TV,76,18.878787816992205,0.6458278103194716,0.42225513,offset,0.0
TV,77,19.44988227713679,0.7003641177655759,0.3981349,offset,0.0
TV,78,21.06043094451257,0.5813140798002204,0.3008551,offset,0.0
TV,79,19.59978353161136,0.7819327025179759,0.24941356,offset,0.0
TV,80,20.680811871143124,0.5882408076710615,0.30778664,offset,0.0
TV,81,19.901886144881264,0.6917939472612579,0.29948336,offset,0.0
TV,82,19.567088447538016,0.7907020728380905,0.27205986,offset,0.0
TV,83,19.51445857430383,0.5726626894786985,0.38678864,offset,0.0
TV,84,17.873271637972028,0.736440562400659,0.3751743,offset,0.0
TV,85,20.21460327039753,0.7807092515170605,0.24173285,offset,0.0
TV,86,20.65035023299135,0.6584528514418813,0.27427468,offset,0.0
TV,87,19.036475691445236,0.7125408592545389,0.32766515,offset,0.0
TV,88,19.187063308337503,0.7324547041529859,0.32136184,offset,0.0
TV,89,20.95640531016987,0.5225525592335438,0.33034304,offset,0.0
TV,90,19.22906962951348,0.7336608059800515,0.33540067,offset,0.0
TV,91,18.70343465061395,0.5908686908872121,0.3864765,offset,0.0
TV,92,18.075981777553825,0.49462616398222436,0.5367725,offset,0.0
TV,93,20.148521860858338,0.7192949048110692,0.24308094,offset,0.0
TV,94,20.6320349844719,0.5524955649423886,0.2862617,offset,0.0
TV,95,19.357395853504535,0.7851783878868446,0.25187218,offset,0.0
TV,96,21.172891213352266,0.45808661114501437,0.39448038,offset,0.0
TV,97,20.945902289860552,0.7006981314000219,0.24494226,offset,0.0
TV,98,18.948486546020316,0.7097928009158547,0.36457604,offset,0.0
TV,99,18.709107125873114,0.7183386999950166,0.3159501,offset,0.0
TV,100,17.701171819948144,0.6133144914060985,0.5082663,offset,0.0
TV,101,18.610228536467737,0.7666036126156691,0.35423985,offset,0.0
TV,102,18.25872417971196,0.7722198927839006,0.36118597,offset,0.0
TV,103,20.36509658685509,0.7189353636753638,0.29356062,offset,0.0
TV,104,19.812257436222257,0.7248565222777441,0.34074005,offset,0.0
TV,105,19.61486547855301,0.6749354826747286,0.36308482,offset,0.0
TV,106,18.243628917602802,0.8244478165235539,0.35430515,offset,0.0
TV,107,21.560702949324533,0.5424432228838887,0.34671977,offset,0.0
TV,108,20.070617325437023,0.6153466179654241,0.3176556,offset,0.0
TV,109,18.681588238152127,0.6387606236760405,0.40311182,offset,0.0
TV,110,19.0968343677208,0.6944149461024526,0.31891245,offset,0.0
TV,111,22.027119008036422,0.5403872398151592,0.28191787,offset,0.0
TV,112,19.64039918540315,0.5898417720214217,0.3800934,offset,0.0
TV,113,20.297791731921514,0.648047538105233,0.30793932,offset,0.0
TV,114,19.893102111969142,0.582942949211579,0.3639986,offset,0.0
TV,115,19.86564315138784,0.5671499355163133,0.38143674,offset,0.0
TV,116,19.33831479909664,0.5436957769557951,0.43512753,offset,0.0
TV,117,20.129163644269994,0.7180000148571196,0.29790065,offset,0.0
TV,118,18.992877169060314,0.5673709223315087,0.4373042,offset,0.0
TV,119,18.824891370349718,0.742972296474055,0.32168323,offset,0.0
TV,120,19.26981265582726,0.8250074398786614,0.27036533,offset,0.0
TV,121,20.280296310361628,0.6780110325063925,0.3374952,offset,0.0
TV,122,21.988470462565857,0.5415536305695879,0.3381501,offset,0.0
TV,123,19.2231851199193,0.7348593206804876,0.34425756,offset,0.0
TV,124,19.5195213000243,0.6191350667620047,0.32133824,offset,0.0
TV,125,19.629704120134605,0.6116506919016569,0.37638092,offset,0.0
TV,126,19.05003365725223,0.8189081001588074,0.32182556,offset,0.0
TV,127,19.85816907604598,0.7176488396569255,0.30238384,offset,0.0
TV,128,17.903198107976603,0.7371930419514292,0.30994236,offset,0.0
TV,129,19.444884180524447,0.6847626958735102,0.3490656,offset,0.0
TV,130,18.995799012588368,0.7357141528199697,0.28688696,offset,0.0
TV,131,19.653466643701147,0.7917402727184971,0.24879092,offset,0.0
TV,132,19.683346020886535,0.8257444009227171,0.2562726,offset,0.0
TV,133,20.218310887635077,0.7658687310816705,0.25865626,offset,0.0
TV,134,18.987592230152906,0.6913008040686962,0.32234856,offset,0.0
TV,135,22.08478242977459,0.46880779036297654,0.27898324,offset,0.0
TV,136,19.54407150618083,0.7347665091227039,0.32276523,offset,0.0
TV,137,20.133089166136834,0.5060861172861215,0.32565865,offset,0.0
TV,138,17.857405658631166,0.6762117194983539,0.37109843,offset,0.0
TV,139,18.505297991310897,0.671586453404724,0.35961673,offset,0.0
TV,140,18.506367795426762,0.5194998764760566,0.4854495,offset,0.0
TV,141,19.33698783931282,0.5419147202748928,0.39264083,offset,0.0
TV,142,18.65074477095783,0.7477103457786143,0.38567656,offset,0.0
TV,143,21.631567485638854,0.4496499219960302,0.37905723,offset,0.0
TV,144,18.71421279490225,0.641665827030747,0.35737994,offset,0.0
TV,145,20.612771298585322,0.41456840592840577,0.43132985,offset,0.0
TV,146,18.417508713425292,0.7281087438377729,0.32726195,offset,0.0
TV,147,19.306012173151476,0.8381610306610993,0.26250035,offset,0.0
TV,148,19.68824718570903,0.7286636109414802,0.3291622,offset,0.0
TV,149,18.11738953715941,0.6354314852515544,0.49102846,offset,0.0
TV,150,19.262753852569737,0.6720107996245569,0.3481512,offset,0.0
TV,151,17.82880707682951,0.758685312800067,0.36059847,offset,0.0
TV,152,19.53837433868562,0.6271431125750504,0.36997297,offset,0.0
TV,153,19.150788293433703,0.6756656000232862,0.3963122,offset,0.0
TV,154,20.58972339068625,0.3817617912480438,0.4600062,offset,0.0
TV,155,19.348749614367375,0.7680386437414876,0.29801908,offset,0.0
TV,156,19.988147195496943,0.6450491019135941,0.33450538,offset,0.0
TV,157,19.312829154315892,0.7067818619476339,0.3414737,offset,0.0
TV,158,20.09071169794534,0.6934316494388598,0.31475362,offset,0.0
TV,159,19.63593449096733,0.541548679332626,0.42320532,offset,0.0
TV,160,19.7246831907314,0.6679171613698502,0.31485003,offset,0.0
TV,161,18.400170445446445,0.7487279524957408,0.36819634,offset,0.0
TV,162,19.408080487052136,0.7903000145779214,0.27272007,offset,0.0
TV,163,19.58173464825515,0.7429575455675194,0.2867746,offset,0.0
TV,164,18.110756880865473,0.5979646047305947,0.40540248,offset,0.0
TV,165,19.067242128244395,0.789320505807207,0.30580658,offset,0.0
TV,166,17.999787114530083,0.648206204436681,0.42630368,offset,0.0
TV,167,19.922712899157627,0.6187985766763714,0.3742134,offset,0.0
TV,168,22.367745368963114,0.458754083294179,0.30768526,offset,0.0
TV,169,20.47363409288609,0.6579848542686336,0.3336595,offset,0.0
TV,170,20.32482337741792,0.5815703856500447,0.3705589,offset,0.0
TV,171,20.00744813604408,0.7038431621194156,0.25853106,offset,0.0
TV,172,18.05246850595018,0.7981653584466577,0.34075147,offset,0.0
TV,173,17.90358361313779,0.694824760208245,0.46527702,offset,0.0
TV,174,19.400050266324357,0.6754571933066953,0.34099263,offset,0.0
TV,175,20.73807088594396,0.47121391007012864,0.54890287,offset,0.0
TV,176,21.89977810391951,0.4057749276547808,0.4775483,offset,0.0
TV,177,19.809364277057114,0.6760729600921704,0.30643043,offset,0.0
TV,178,21.494297512746208,0.4747220615304098,0.3493602,offset,0.0
TV,179,18.963887517300428,0.7105956916078686,0.29840854,offset,0.0
TV,180,22.2578306651774,0.433968571151322,0.34176692,offset,0.0
TV,181,18.91494254926225,0.6955823392928616,0.31017283,offset,0.0
TV,182,21.04263529321741,0.5945960875102203,0.32198077,offset,0.0
TV,183,18.492115741697134,0.8546445350045307,0.29022318,offset,0.0
TV,184,19.275856176778188,0.6826894197368625,0.34555516,offset,0.0
TV,185,18.79711546769075,0.6552764097168996,0.37433594,offset,0.0
TV,186,19.446082861329042,0.7684551688971398,0.2547377,offset,0.0
TV,187,19.020633468368448,0.7693865372960972,0.32684717,offset,0.0
TV,188,18.88897552969558,0.813446241114404,0.2785177,offset,0.0
TV,189,21.093003552256594,0.42704668890998493,0.4635455,offset,0.0
TV,190,20.933699706882983,0.5634764980650815,0.2923731,offset,0.0
TV,191,20.96080266680908,0.4791767598533414,0.38378045,offset,0.0
TV,192,18.38081936179478,0.7546372704663937,0.34016493,offset,0.0
TV,193,18.639263577519685,0.6285986888033823,0.40453544,offset,0.0
TV,194,18.830872431038806,0.8037639628876432,0.3200919,offset,0.0
TV,195,18.948008780525946,0.5056905493429816,0.5413514,offset,0.0
TV,196,20.914122859441658,0.4723932558799563,0.30719087,offset,0.0
TV,197,18.986780238851374,0.662480378365683,0.29788676,offset,0.0
TV,198,19.072955724340275,0.6043121821298996,0.39593485,offset,0.0
TV,199,20.370454114954704,0.7835484462663193,0.23097263,offset,0.0
PnP-DnCNN,0,26.328146244847524,0.9501371230653002,0.1756728,offset,0.0
PnP-DnCNN,1,24.250740258152405,0.9718832286182514,0.17412145,offset,0.0
PnP-DnCNN,2,25.93836271852644,0.9609824096984114,0.25506634,offset,0.0
PnP-DnCNN,3,22.76836135121487,0.9533712815893584,0.17867577,offset,0.0
PnP-DnCNN,4,24.645445740436,0.94376043655163,0.20959789,offset,0.0
PnP-DnCNN,5,27.18398032407599,0.9740450714737916,0.17962313,offset,0.0
PnP-DnCNN,6,23.6632295934421,0.9376627751433653,0.22360274,offset,0.0
PnP-DnCNN,7,24.35472900618887,0.9511451184257003,0.20320581,offset,0.0
PnP-DnCNN,8,23.7937796327885,0.9596141251034973,0.1768999,offset,0.0
PnP-DnCNN,9,22.255850217368504,0.9478583694243234,0.20963572,offset,0.0
PnP-DnCNN,10,24.089574890316577,0.9520839468137292,0.17687862,offset,0.0
PnP-DnCNN,11,23.1783728863591,0.9503144249781843,0.2078235,offset,0.0
PnP-DnCNN,12,22.82203075855663,0.9509456470485561,0.23455435,offset,0.0
PnP-DnCNN,13,24.844373407662953,0.9606990186143513,0.16208717,offset,0.0
PnP-DnCNN,14,26.563289359884376,0.968435187785586,0.17210889,offset,0.0
PnP-DnCNN,15,23.420464673297786,0.9058338693566312,0.2294363,offset,0.0
PnP-DnCNN,16,23.74094906076124,0.9575114127033013,0.20956863,offset,0.0
PnP-DnCNN,17,26.744299509188924,0.9681274721876156,0.1474328,offset,0.0
PnP-DnCNN,18,21.95853161825911,0.9516265716650023,0.20485985,offset,0.0
PnP-DnCNN,19,25.32574435439992,0.9556834051493278,0.21490747,offset,0.0
PnP-DnCNN,20,21.56235728807623,0.9296033047678426,0.24045469,offset,0.0
PnP-DnCNN,21,24.701182878432633,0.9549317338988801,0.19086203,offset,0.0
PnP-DnCNN,22,22.581588462388428,0.9373148107855034,0.23742555,offset,0.0
PnP-DnCNN,23,22.800765289654468,0.9288887307355719,0.25066262,offset,0.0
PnP-DnCNN,24,21.400919711928147,0.8326306245135805,0.39267823,offset,0.0
PnP-DnCNN,25,22.099257757779917,0.9559929772041553,0.15979089,offset,0.0
PnP-DnCNN,26,22.77939544181632,0.9363392349486509,0.29475874,offset,0.0
PnP-DnCNN,27,25.69743023585645,0.9661513569433827,0.16986658,offset,0.0
PnP-DnCNN,28,23.93930635805575,0.9593935608863831,0.16341542,offset,0.0
PnP-DnCNN,29,27.571598653270062,0.9761829588038862,0.17930564,offset,0.0
PnP-DnCNN,30,24.864140076640652,0.9401347875471943,0.1741826,offset,0.0
PnP-DnCNN,31,25.342034337082104,0.9601464584192707,0.25470006,offset,0.0
PnP-DnCNN,32,23.438359257595934,0.9379669586735323,0.20066491,offset,0.0
PnP-DnCNN,33,23.804036827531444,0.9289233541685687,0.20230897,offset,0.0
PnP-DnCNN,34,25.652210328747106,0.9614317410987271,0.15386902,offset,0.0
PnP-DnCNN,35,23.510394646065844,0.9547170085663145,0.1908828,offset,0.0
PnP-DnCNN,36,22.46438259380948,0.9115897494633798,0.24766938,offset,0.0
PnP-DnCNN,37,30.390848803525166,0.9821897139233992,0.12345508,offset,0.0
PnP-DnCNN,38,23.803430737756187,0.9356671533862914,0.23639752,offset,0.0
PnP-DnCNN,39,25.336625316386197,0.9572587794939841,0.19000712,offset,0.0
PnP-DnCNN,40,26.38824494564701,0.9372577230977125,0.2926703,offset,0.0
PnP-DnCNN,41,23.18433199678356,0.9208174369428769,0.26636252,offset,0.0
PnP-DnCNN,42,25.314309443540065,0.9678762886396124,0.16909315,offset,0.0
PnP-DnCNN,43,25.120528969231266,0.9329603911061918,0.22028105,offset,0.0
PnP-DnCNN,44,25.817432632652874,0.9529627841735674,0.18100882,offset,0.0
PnP-DnCNN,45,23.681382621981363,0.9231946810094778,0.23541771,offset,0.0
PnP-DnCNN,46,26.621044690805498,0.9644676725233882,0.16056359,offset,0.0
PnP-DnCNN,47,21.62116123028102,0.8504020585582307,0.33468804,offset,0.0
PnP-DnCNN,48,23.292992266811517,0.9417535625090284,0.16294235,offset,0.0
PnP-DnCNN,49,24.143084206965995,0.9287924778932506,0.19364385,offset,0.0
PnP-DnCNN,50,22.96844261267783,0.9470440489817257,0.24612325,offset,0.0
PnP-DnCNN,51,23.021588558057125,0.954931982723642,0.17355649,offset,0.0
PnP-DnCNN,52,24.665220734819492,0.9472592983487224,0.18884338,offset,0.0
PnP-DnCNN,53,23.47011964228897,0.9263161379258987,0.26872125,offset,0.0
PnP-DnCNN,54,21.151038376512496,0.9425131165045352,0.230826,offset,0.0
PnP-DnCNN,55,23.469754593147645,0.9600403568715103,0.1943937,offset,0.0
PnP-DnCNN,56,25.334717084835766,0.9574720651096056,0.15558434,offset,0.0
PnP-DnCNN,57,26.036698781878442,0.9557140092711803,0.24150886,offset,0.0
PnP-DnCNN,58,23.616235609323738,0.9413333528113267,0.1980338,offset,0.0
PnP-DnCNN,59,23.684961771763984,0.9319667774906828,0.30598325,offset,0.0
PnP-DnCNN,60,25.345912881719094,0.9631675365111552,0.15857808,offset,0.0
PnP-DnCNN,61,23.420407517638072,0.9557606983652784,0.18210204,offset,0.0
PnP-DnCNN,62,24.08638576462878,0.9346221358446051,0.27733895,offset,0.0
PnP-DnCNN,63,23.426082494151128,0.9471881912390062,0.2229212,offset,0.0
PnP-DnCNN,64,24.948134543767058,0.9685124836184762,0.15404075,offset,0.0
PnP-DnCNN,65,24.50426197674623,0.9490555308081887,0.25927082,offset,0.0
PnP-DnCNN,66,23.118967230331997,0.9509001957360378,0.22676463,offset,0.0
PnP-DnCNN,67,22.601397249388725,0.9298759421164339,0.24735157,offset,0.0
PnP-DnCNN,68,22.917838683752535,0.9400452587845897,0.17740569,offset,0.0
PnP-DnCNN,69,25.281851191984504,0.9705993978937796,0.15591912,offset,0.0
PnP-DnCNN,70,26.556781061695478,0.9586399766223982,0.15077971,offset,0.0
PnP-DnCNN,71,23.8129634705074,0.9614919369255216,0.1503628,offset,0.0
PnP-DnCNN,72,22.365148129509592,0.9217771957205101,0.2251276,offset,0.0
PnP-DnCNN,73,23.086587554819356,0.9500562852818119,0.19297488,offset,0.0
PnP-DnCNN,74,26.761869871134436,0.9681735856473939,0.18065995,offset,0.0
PnP-DnCNN,75,24.266723600299084,0.9450025224119178,0.19617648,offset,0.0
PnP-DnCNN,76,21.46982811835491,0.8817382284174557,0.3133451,offset,0.0
PnP-DnCNN,77,24.483960299946933,0.9398368392601486,0.22301103,offset,0.0
PnP-DnCNN,78,25.615223945802708,0.9569514412894722,0.17808107,offset,0.0
PnP-DnCNN,79,23.13392886112765,0.9650202577641188,0.16604005,offset,0.0
PnP-DnCNN,80,24.69469974164681,0.9529601466680361,0.19388998,offset,0.0
PnP-DnCNN,81,25.668829053738264,0.9678701679568645,0.1541791,offset,0.0
PnP-DnCNN,82,23.674625219661365,0.9473625542826889,0.16954605,offset,0.0
PnP-DnCNN,83,23.534253269126847,0.9195571045491321,0.24349159,offset,0.0
PnP-DnCNN,84,21.655140781206313,0.9305784485248987,0.24273905,offset,0.0
PnP-DnCNN,85,23.369683538351367,0.927482235256952,0.1681054,offset,0.0
PnP-DnCNN,86,24.523340356516613,0.9473636804287099,0.17560473,offset,0.0
PnP-DnCNN,87,22.678393072597977,0.944495249262526,0.21544401,offset,0.0
PnP-DnCNN,88,24.496504617963495,0.964148530967472,0.17439026,offset,0.0
PnP-DnCNN,89,25.898418998907605,0.9550918472453582,0.18700984,offset,0.0
PnP-DnCNN,90,24.906537026455776,0.9497602523327613,0.17445785,offset,0.0
PnP-DnCNN,91,23.510459835402223,0.9382647430170173,0.22221419,offset,0.0
PnP-DnCNN,92,22.33848484088262,0.917214916803497,0.3285981,offset,0.0
PnP-DnCNN,93,24.039355487253896,0.9578286158767614,0.15531352,offset,0.0
PnP-DnCNN,94,25.199972844676335,0.9566141650203831,0.16918677,offset,0.0
PnP-DnCNN,95,21.590188648088425,0.9381368710112966,0.1947783,offset,0.0
PnP-DnCNN,96,24.008687060097934,0.9329334399528216,0.28460047,offset,0.0
PnP-DnCNN,97,24.472971472649164,0.9379284810428777,0.1631963,offset,0.0
PnP-DnCNN,98,24.593983490644217,0.946321678001526,0.19033264,offset,0.0
PnP-DnCNN,99,24.084097790994807,0.9626844805503679,0.1701645,offset,0.0
PnP-DnCNN,100,20.70137737022407,0.9053316652651661,0.35981646,offset,0.0
PnP-DnCNN,101,23.13016740508594,0.9519014672553243,0.21052346,offset,0.0
PnP-DnCNN,102,20.912447083759336,0.8961652066473934,0.2660999,offset,0.0
PnP-DnCNN,103,25.502250797354456,0.9562726937049677,0.16249503,offset,0.0
PnP-DnCNN,104,23.093623343196445,0.9385280361291298,0.23353659,offset,0.0
PnP-DnCNN,105,25.022029799994478,0.9644565579504514,0.19482732,offset,0.0
PnP-DnCNN,106,21.19157410265334,0.9358607453009313,0.25233656,offset,0.0
PnP-DnCNN,107,25.002005070460154,0.9440444682624715,0.23329934,offset,0.0
PnP-DnCNN,108,24.372618057312234,0.9606045074145163,0.1935782,offset,0.0
PnP-DnCNN,109,24.092043038913186,0.9317829991298273,0.21622346,offset,0.0
PnP-DnCNN,110,23.133208257035278,0.9225999618272397,0.20037927,offset,0.0
PnP-DnCNN,111,27.467808277075456,0.9614366057121064,0.15069127,offset,0.0
PnP-DnCNN,112,23.649943187930468,0.9303653785758768,0.23955935,offset,0.0
PnP-DnCNN,113,25.869824947045686,0.9683613553643227,0.16213003,offset,0.0
PnP-DnCNN,114,24.105558542175153,0.9351974033311872,0.22411807,offset,0.0
PnP-DnCNN,115,27.210808572622263,0.9599138667637651,0.16374356,offset,0.0
PnP-DnCNN,116,22.998553645537566,0.924293843859976,0.28549904,offset,0.0
PnP-DnCNN,117,23.665243389737967,0.9466413327238776,0.19827478,offset,0.0
PnP-DnCNN,118,24.609699663244562,0.9535360318446947,0.22905646,offset,0.0
PnP-DnCNN,119,21.69402519630344,0.9174636977740125,0.23119144,offset,0.0
PnP-DnCNN,120,22.68774727885883,0.9416925148222565,0.18241233,offset,0.0
PnP-DnCNN,121,24.079849677279142,0.9316238030052382,0.21791641,offset,0.0
PnP-DnCNN,122,28.837798938925406,0.9646710619823007,0.15368912,offset,0.0
PnP-DnCNN,123,23.26931946556707,0.9330773325867889,0.21606119,offset,0.0
PnP-DnCNN,124,24.70375331183839,0.9568044385634178,0.17690936,offset,0.0
PnP-DnCNN,125,24.11764616465596,0.9433798552298349,0.2245073,offset,0.0
PnP-DnCNN,126,22.587400054155353,0.9517337972960196,0.21416683,offset,0.0
PnP-DnCNN,127,25.51013539822464,0.9661157268507421,0.15774669,offset,0.0
PnP-DnCNN,128,20.985240444446763,0.9172931449595562,0.2173596,offset,0.0
PnP-DnCNN,129,24.90367929808935,0.9551857189575502,0.18619469,offset,0.0
PnP-DnCNN,130,21.463536617176587,0.9414099887752336,0.21593544,offset,0.0
PnP-DnCNN,131,23.663281564161593,0.9538932127400863,0.15679918,offset,0.0
PnP-DnCNN,132,21.761248189444046,0.9539379717643596,0.201747,offset,0.0
PnP-DnCNN,133,22.83020022506488,0.9399386896205343,0.19148226,offset,0.0
PnP-DnCNN,134,23.420383531816075,0.9410408588880597,0.19350232,offset,0.0
PnP-DnCNN,135,26.801409493415,0.9674603677054575,0.16208647,offset,0.0
PnP-DnCNN,136,24.59728718576889,0.9598195208005669,0.18039559,offset,0.0
PnP-DnCNN,137,22.848629614033417,0.948004424695141,0.23822406,offset,0.0
PnP-DnCNN,138,21.493843827512002,0.9311177901892869,0.24415587,offset,0.0
PnP-DnCNN,139,21.454079659873308,0.9011543433659148,0.25609484,offset,0.0
PnP-DnCNN,140,20.470353312350316,0.8429201138744608,0.3872084,offset,0.0
PnP-DnCNN,141,22.76943706498077,0.9394848354714961,0.26446792,offset,0.0
PnP-DnCNN,142,22.393490824568403,0.90591082568011,0.25066054,offset,0.0
PnP-DnCNN,143,26.41984414351961,0.9614224562436835,0.2184193,offset,0.0
PnP-DnCNN,144,23.798220511960988,0.9407764302243379,0.19903514,offset,0.0
PnP-DnCNN,145,26.472456070501345,0.9556896547702226,0.21969758,offset,0.0
PnP-DnCNN,146,22.530981703631564,0.9409845560665958,0.20380831,offset,0.0
PnP-DnCNN,147,23.354792394372865,0.957379298146106,0.16469897,offset,0.0
PnP-DnCNN,148,24.737383634894307,0.9674857274806203,0.18405734,offset,0.0
PnP-DnCNN,149,22.61905241470299,0.9211034393014986,0.29243106,offset,0.0
PnP-DnCNN,150,23.74660532531327,0.9505217597504293,0.20776641,offset,0.0
PnP-DnCNN,151,20.308537137403945,0.9373877785545736,0.2710425,offset,0.0
PnP-DnCNN,152,23.252665119168483,0.9294411052357067,0.2412434,offset,0.0
PnP-DnCNN,153,23.286670617459304,0.9371146868822003,0.24617465,offset,0.0
PnP-DnCNN,154,27.16478456307893,0.9562372913168482,0.21577974,offset,0.0
PnP-DnCNN,155,23.12299033228751,0.957853346970702,0.19298877,offset,0.0
PnP-DnCNN,156,25.267627998141357,0.9643303671897936,0.18214996,offset,0.0
PnP-DnCNN,157,23.1863002606785,0.9457606797006505,0.21861689,offset,0.0
PnP-DnCNN,158,25.475161727289695,0.9514390540517066,0.16933559,offset,0.0
PnP-DnCNN,159,25.10393642713683,0.9458248121740896,0.2255023,offset,0.0
PnP-DnCNN,160,24.428551304449826,0.959781937362734,0.18319362,offset,0.0
PnP-DnCNN,161,22.446259399913117,0.937937062326049,0.23108672,offset,0.0
PnP-DnCNN,162,23.53343325072389,0.9599233537542918,0.16960922,offset,0.0
PnP-DnCNN,163,21.905161271588035,0.9081356536273745,0.21946704,offset,0.0
PnP-DnCNN,164,21.2318495854486,0.9187584643229103,0.28302953,offset,0.0
PnP-DnCNN,165,23.290727107979166,0.9304356195094171,0.18804967,offset,0.0
PnP-DnCNN,166,21.878844359823056,0.9127442570757275,0.2727509,offset,0.0
PnP-DnCNN,167,23.892166912900986,0.9468604511281183,0.2369445,offset,0.0
PnP-DnCNN,168,27.79611922181462,0.9649215772255393,0.16469787,offset,0.0
PnP-DnCNN,169,24.485121151261314,0.9301014090811234,0.21024667,offset,0.0
PnP-DnCNN,170,23.902627086727392,0.924470964880768,0.24545227,offset,0.0
PnP-DnCNN,171,24.260286250071097,0.9591647579280798,0.15844218,offset,0.0
PnP-DnCNN,172,23.098245374458415,0.9580676655077245,0.1906114,offset,0.0
PnP-DnCNN,173,20.580570661789462,0.845770294585627,0.341871,offset,0.0
PnP-DnCNN,174,24.493911089229982,0.9475657928211629,0.18969329,offset,0.0
PnP-DnCNN,175,24.071930692559505,0.9130613393927655,0.37394047,offset,0.0
PnP-DnCNN,176,27.485973691094223,0.9533961963308745,0.25101954,offset,0.0
PnP-DnCNN,177,25.123362613342746,0.9640752959473073,0.16620037,offset,0.0
PnP-DnCNN,178,27.975022486987694,0.9628808681876206,0.16566744,offset,0.0
PnP-DnCNN,179,24.001399312375877,0.9614282422814487,0.16708432,offset,0.0
PnP-DnCNN,180,25.80512573843029,0.96251836376003,0.2271775,offset,0.0
PnP-DnCNN,181,23.22173102498852,0.9548256944033725,0.18891409,offset,0.0
PnP-DnCNN,182,25.04315534493881,0.9548762375835237,0.20314397,offset,0.0
PnP-DnCNN,183,22.757806471863486,0.9618311369837809,0.17760187,offset,0.0
PnP-DnCNN,184,22.892264998666985,0.9225081307120806,0.22787513,offset,0.0
PnP-DnCNN,185,23.98418701681169,0.9650936613151849,0.20601933,offset,0.0
PnP-DnCNN,186,23.6932973193259,0.9403634945100005,0.15621851,offset,0.0
PnP-DnCNN,187,22.651684600997527,0.9301671096362358,0.21517517,offset,0.0
PnP-DnCNN,188,23.96358673728556,0.960040850272356,0.15528241,offset,0.0
PnP-DnCNN,189,26.53359392954126,0.9561565318876062,0.24777807,offset,0.0
PnP-DnCNN,190,25.17865363201881,0.9600804470910513,0.17934518,offset,0.0
PnP-DnCNN,191,27.826154648876404,0.9614977922813952,0.17410661,offset,0.0
PnP-DnCNN,192,23.90139449241079,0.9727184524959769,0.180161,offset,0.0
PnP-DnCNN,193,20.84157439485756,0.9243601938663435,0.31393597,offset,0.0
PnP-DnCNN,194,23.240591590305545,0.9625362774187868,0.19265875,offset,0.0
PnP-DnCNN,195,21.131951368445392,0.8761922493596246,0.42100006,offset,0.0
PnP-DnCNN,196,26.047268694866183,0.9528078203789951,0.17011829,offset,0.0
PnP-DnCNN,197,23.954258815947142,0.9472256147664441,0.16814241,offset,0.0
PnP-DnCNN,198,23.10166550947948,0.9409972747002752,0.24899362,offset,0.0
PnP-DnCNN,199,24.83485472868168,0.940537824303158,0.1381467,offset,0.0
FBP,0,15.548428165869229,0.4971597126746658,0.60770166,offset,0.5
FBP,1,15.332589121156836,0.6058999018567207,0.48613834,offset,0.5
FBP,2,15.877238227576632,0.3181338004590145,0.81228673,offset,0.5
FBP,3,15.823983290703378,0.7012225115512525,0.39745185,offset,0.5
FBP,4,15.91252970895405,0.5750711776284536,0.57283914,offset,0.5
FBP,5,15.941344858241422,0.34962317231907974,0.65538126,offset,0.5
FBP,6,15.288921185526615,0.5537338217867472,0.58639807,offset,0.5
FBP,7,15.558570478062476,0.4727597476321384,0.55942774,offset,0.5
FBP,8,15.609602771131446,0.6626318921168175,0.45387518,offset,0.5
FBP,9,15.821099183800136,0.5978741511168085,0.43974695,offset,0.5
FBP,10,15.526800375692025,0.7055597342185754,0.47403896,offset,0.5
FBP,11,15.234632589120338,0.6552432562477241,0.51865876,offset,0.5
FBP,12,15.105384538023301,0.5041673858871916,0.5702638,offset,0.5
FBP,13,15.451962615314205,0.6772096748070547,0.47793537,offset,0.5
FBP,14,15.893066244876879,0.37771760176702845,0.5879149,offset,0.5
FBP,15,15.381351524501463,0.6135998271957227,0.57891893,offset,0.5
FBP,16,15.028037312369074,0.5704396653369965,0.5714416,offset,0.5
FBP,17,16.27284549112375,0.5431626073171001,0.49222857,offset,0.5
FBP,18,16.142250628411965,0.7271131186357368,0.40019432,offset,0.5
FBP,19,15.993236865039442,0.4818972446396514,0.6293278,offset,0.5
FBP,20,15.812311772388238,0.5420682142907297,0.4661605,offset,0.5
FBP,21,15.602360894396469,0.5345659787591772,0.54407734,offset,0.5
FBP,22,15.020027154866169,0.5882548712947299,0.5670293,offset,0.5
FBP,23,15.857009509504676,0.5546839375984287,0.55754167,offset,0.5
FBP,24,15.579320331826874,0.4308038588184772,0.7675679,offset,0.5
FBP,25,15.375488513050188,0.7987788217858997,0.3465297,offset,0.5
FBP,26,15.189265010395443,0.4092527144030927,0.7062739,offset,0.5
FBP,27,15.687999989600653,0.5599085084779726,0.5377488,offset,0.5
FBP,28,15.168014857312004,0.683562915395293,0.44859824,offset,0.5
FBP,29,16.06111234905548,0.34415411131767015,0.6747118,offset,0.5
FBP,30,15.752515544148448,0.5566481558648362,0.49726284,offset,0.5
FBP,31,16.5073692653642,0.32985971074634085,0.70430744,offset,0.5
FBP,32,14.821495019911424,0.5643613291883284,0.5411463,offset,0.5
FBP,33,15.628444142857543,0.6215557020509889,0.5185549,offset,0.5
FBP,34,16.013028389095187,0.5910797321733953,0.46677786,offset,0.5
FBP,35,15.197941287264259,0.7208244896848808,0.4970379,offset,0.5
FBP,36,15.586352365034255,0.5497422552012,0.54673123,offset,0.5
FBP,37,16.108083270824764,0.3460611067231252,0.6392154,offset,0.5
FBP,38,15.11180690639554,0.503652486954188,0.6430195,offset,0.5
FBP,39,16.55332530383101,0.39678780773552597,0.5223178,offset,0.5
FBP,40,15.97640365244513,0.25956948371732164,0.97044456,offset,0.5
FBP,41,15.381603542172522,0.45919141484915027,0.6540478,offset,0.5
FBP,42,15.836215970947388,0.5651261276652804,0.5035361,offset,0.5
FBP,43,15.921453101972771,0.4717885892718457,0.6352299,offset,0.5
FBP,44,15.934397158132805,0.4659354405061891,0.5647439,offset,0.5
FBP,45,15.538340989152031,0.5657416399197185,0.60116154,offset,0.5
FBP,46,16.21681925952611,0.42861847205410813,0.53193474,offset,0.5
FBP,47,15.108155702273988,0.4582445364987717,0.70841944,offset,0.5
FBP,48,15.481755089839668,0.6401809920869048,0.40049383,offset,0.5
FBP,49,16.145130941452027,0.6186229158942116,0.48629677,offset,0.5
FBP,50,15.634560238431579,0.5050878876020212,0.572594,offset,0.5
FBP,51,14.900064332185218,0.715733551793991,0.44209653,offset,0.5
FBP,52,15.92769540280823,0.6217709699484365,0.51639026,offset,0.5
FBP,53,15.57522493000002,0.5729677483190139,0.6668786,offset,0.5
FBP,54,14.946823462301799,0.6961730565095378,0.47151497,offset,0.5
FBP,55,15.067139521513012,0.6177705358410199,0.5114615,offset,0.5
FBP,56,15.939472215088244,0.6485327475396738,0.45891067,offset,0.5
FBP,57,15.253059214529529,0.2920185653184031,0.8358245,offset,0.5
FBP,58,15.52916717683882,0.5765966561822916,0.5024498,offset,0.5
FBP,59,15.781700465789946,0.3953749258368837,0.7600825,offset,0.5
FBP,60,15.81085623040902,0.5206000904166532,0.47533086,offset,0.5
FBP,61,15.413558983890109,0.6525512584986614,0.45778048,offset,0.5
FBP,62,16.006891572985815,0.4455835611425597,0.7030489,offset,0.5
FBP,63,15.05462786772322,0.5370796573536436,0.58441865,offset,0.5
FBP,64,15.741484029804074,0.6691846556395454,0.44459862,offset,0.5
FBP,65,16.08152827498882,0.3956937171803347,0.6837388,offset,0.5
FBP,66,14.697764619353322,0.6110484208359948,0.59790957,offset,0.5
FBP,67,15.127654726654182,0.5617485513420516,0.58479255,offset,0.5
FBP,68,16.112760469688197,0.6428184590407879,0.38834834,offset,0.5
FBP,69,15.14474858444762,0.7038029240792346,0.50090396,offset,0.5
FBP,70,15.260561410460928,0.5241053108517263,0.5535462,offset,0.5
FBP,71,15.081238001199345,0.7737015206617527,0.41089106,offset,0.5
FBP,72,15.11735018050951,0.6400548939514724,0.51858336,offset,0.5
FBP,73,15.331931121551328,0.5329240535005332,0.47123072,offset,0.5
FBP,74,17.29884798821288,0.3689144374791885,0.53704786,offset,0.5
FBP,75,15.73758140335677,0.5292830260482897,0.52372587,offset,0.5
FBP,76,15.877070341462783,0.5038603890989329,0.5965692,offset,0.5
FBP,77,15.535524517689751,0.5740965343338307,0.6248102,offset,0.5
FBP,78,16.332965401104314,0.4563574500991744,0.5184784,offset,0.5
FBP,79,15.907655941821588,0.6652681745672002,0.38152808,offset,0.5
FBP,80,15.892840806663028,0.4820263010409058,0.53413165,offset,0.5
FBP,81,15.643954494639903,0.579890028926186,0.48895544,offset,0.5
FBP,82,15.57061369596424,0.6820181418423256,0.4310109,offset,0.5
FBP,83,15.136251142042259,0.45609944791028306,0.6403008,offset,0.5
FBP,84,14.981862696372312,0.6274268895918373,0.5233636,offset,0.5
FBP,85,16.13565063362848,0.678825876784926,0.3866191,offset,0.5
FBP,86,16.394295071138025,0.5354814426315319,0.44770142,offset,0.5
FBP,87,15.631484750775082,0.6098996592615347,0.4849309,offset,0.5
FBP,88,15.808134648085279,0.6115672321615391,0.4741773,offset,0.5
FBP,89,15.697485261456347,0.38412012233813647,0.60521704,offset,0.5
FBP,90,15.695769994921037,0.6166561532585592,0.50376606,offset,0.5
FBP,91,14.931995941553103,0.4914921275130762,0.5966161,offset,0.5
FBP,92,15.010530459934785,0.4102627600345728,0.76394624,offset,0.5
FBP,93,15.718785010898777,0.6067945363892031,0.40479746,offset,0.5
FBP,94,16.083617617890205,0.4351790220612164,0.48326367,offset,0.5
FBP,95,14.81232211188054,0.6581184799060267,0.425044,offset,0.5
FBP,96,15.988441333126266,0.33555304426438903,0.71655226,offset,0.5
FBP,97,16.156631466505665,0.5952800654331516,0.4251354,offset,0.5
FBP,98,15.54608328455197,0.5723251171651453,0.5393967,offset,0.5
FBP,99,15.743471622826082,0.6121451516824771,0.44452918,offset,0.5
FBP,100,15.161771926669305,0.5259564843508395,0.68086547,offset,0.5
FBP,101,15.186746038703895,0.6700977155764843,0.52537763,offset,0.5
FBP,102,15.26902752023289,0.6463114205762996,0.5095839,offset,0.5
FBP,103,15.362329026686092,0.596906033992097,0.52219915,offset,0.5
FBP,104,15.571843565510125,0.5832948857683987,0.5551929,offset,0.5
FBP,105,16.14766603681262,0.5491827407344062,0.5412128,offset,0.5
FBP,106,14.890775802074074,0.7153665176802627,0.52121884,offset,0.5
FBP,107,16.15491923120155,0.37793360588820035,0.6460525,offset,0.5
FBP,108,15.452126677808444,0.49148752210177826,0.54060626,offset,0.5
FBP,109,15.577525720352483,0.5340757039042473,0.5762735,offset,0.5
FBP,110,15.578933759978227,0.5934766438279416,0.4781526,offset,0.5
FBP,111,16.829582917498943,0.4366336014630607,0.51286066,offset,0.5
FBP,112,15.725940079898013,0.4672201352224258,0.5965039,offset,0.5
FBP,113,15.985707842318185,0.5167862604960173,0.5059054,offset,0.5
FBP,114,15.690870308220596,0.4671142757983305,0.5904883,offset,0.5
FBP,115,15.817081923024887,0.4645464482612226,0.6079258,offset,0.5
FBP,116,15.351079019534374,0.41101515342912415,0.688618,offset,0.5
FBP,117,16.280702629400135,0.6023036738442596,0.4639749,offset,0.5
FBP,118,15.690332338975423,0.4747334059207216,0.6396036,offset,0.5
FBP,119,15.279850950669545,0.6450460651205864,0.48381624,offset,0.5
FBP,120,15.166531867399204,0.712241126980978,0.4336257,offset,0.5
FBP,121,16.212648288610765,0.5642455440136789,0.53907603,offset,0.5
FBP,122,16.912531822576362,0.40787363677162464,0.6066057,offset,0.5
FBP,123,15.765283202353288,0.5931736728754823,0.51259995,offset,0.5
FBP,124,16.051291616631296,0.5324908504299247,0.47904235,offset,0.5
FBP,125,15.448828806326123,0.4816581125744036,0.6090758,offset,0.5
FBP,126,15.44253550271019,0.7244090266951599,0.48752335,offset,0.5
FBP,127,15.908987582005425,0.5943534351626271,0.47645035,offset,0.5
FBP,128,14.684096224506096,0.6387644361782819,0.44898936,offset,0.5
FBP,129,15.75441325886662,0.5809992317856296,0.53386396,offset,0.5
FBP,130,15.395034477748709,0.6268455553029578,0.43425915,offset,0.5
FBP,131,15.251089046423916,0.6759397538282262,0.41300324,offset,0.5
FBP,132,15.46117967375513,0.7034361837255001,0.41668752,offset,0.5
FBP,133,15.606563667234353,0.6534406402673137,0.4398558,offset,0.5
FBP,134,15.267617402228545,0.5830003399586989,0.49468017,offset,0.5
FBP,135,16.362838790211082,0.38657573714584387,0.53910744,offset,0.5
FBP,136,15.488866781294405,0.6277556916199899,0.51481,offset,0.5
FBP,137,15.691103200259754,0.40770059259528896,0.54307765,offset,0.5
FBP,138,15.080658564541276,0.586583221817886,0.5108889,offset,0.5
FBP,139,15.283832295832088,0.56523164151374,0.5210905,offset,0.5
FBP,140,15.243245821912497,0.42250287788610424,0.7068058,offset,0.5
FBP,141,15.340394602018641,0.44055957510696797,0.62204975,offset,0.5
FBP,142,15.469363480671682,0.6045931526404432,0.5562785,offset,0.5
FBP,143,16.456492276632897,0.32816406349280625,0.68779427,offset,0.5
FBP,144,15.126316927768391,0.5349637636065065,0.54016316,offset,0.5
FBP,145,15.766013268490912,0.3110883872754175,0.7536113,offset,0.5
FBP,146,15.266559697831513,0.600885910866265,0.4703737,offset,0.5
FBP,147,15.755658468085482,0.7440203901991,0.3950459,offset,0.5
FBP,148,15.897545730005458,0.6292481668467137,0.50926644,offset,0.5
FBP,149,15.286452853350877,0.48500846383410307,0.68022645,offset,0.5
FBP,150,14.978884965903138,0.5434320247997886,0.57011354,offset,0.5
FBP,151,15.175576013478683,0.6794157778300164,0.48942417,offset,0.5
FBP,152,16.181994033495464,0.5439410222595541,0.5444889,offset,0.5
FBP,153,15.639318888313536,0.5754621109493704,0.59375995,offset,0.5
FBP,154,15.924086699379213,0.3016964391899518,0.7871284,offset,0.5
FBP,155,15.361820966895571,0.6395185976327997,0.47161815,offset,0.5
FBP,156,16.14952499436245,0.5247075737123031,0.5203963,offset,0.5
FBP,157,15.436926589156988,0.6014270301476388,0.53352207,offset,0.5
FBP,158,15.615661364751102,0.5776846191957018,0.526894,offset,0.5
FBP,159,16.20026180159431,0.44215371526017916,0.6285426,offset,0.5
FBP,160,15.296638393708324,0.5362365087755527,0.5242108,offset,0.5
FBP,161,15.140707570507,0.6200366618623693,0.5358616,offset,0.5
FBP,162,15.549759509067334,0.6970201806862327,0.42523903,offset,0.5
FBP,163,15.43143334397595,0.6199306171161458,0.46244034,offset,0.5
FBP,164,15.02846045382277,0.5170932608325379,0.57809764,offset,0.5
FBP,165,15.31634006161564,0.7002149058268612,0.4709686,offset,0.5
FBP,166,14.7516463635378,0.5276666919250774,0.619621,offset,0.5
FBP,167,16.015763342145284,0.4981011109453557,0.5867685,offset,0.5
FBP,168,16.389639698227217,0.37284911418221084,0.6123673,offset,0.5
FBP,169,16.414558729554006,0.5207772861294494,0.53242356,offset,0.5
FBP,170,15.71237892529689,0.4587100997028636,0.6302015,offset,0.5
FBP,171,15.760924002367997,0.5905285634511499,0.4215401,offset,0.5
FBP,172,14.858753305892066,0.6917741739191776,0.49217945,offset,0.5
FBP,173,15.492680619636346,0.6010424160933235,0.61412495,offset,0.5
FBP,174,15.484574065923415,0.5526810181865345,0.53520334,offset,0.5
FBP,175,16.376312304096217,0.30746177472460395,0.9069502,offset,0.5
FBP,176,16.05436734571228,0.276122311865128,0.9360258,offset,0.5
FBP,177,15.587219612189408,0.5658158090366421,0.4982406,offset,0.5
FBP,178,16.18463352582343,0.3467825061305737,0.6438084,offset,0.5
FBP,179,16.15428491357596,0.6234293713741638,0.4123741,offset,0.5
FBP,180,16.849879406086757,0.33754122190726804,0.6369826,offset,0.5
FBP,181,15.61703849071823,0.6070726796029057,0.4534182,offset,0.5
FBP,182,16.269153024542355,0.4781872185917902,0.5578328,offset,0.5
FBP,183,15.113899880559082,0.7532961366105606,0.42819625,offset,0.5
FBP,184,15.496899815420434,0.561901190053587,0.5339065,offset,0.5
FBP,185,15.294439249724077,0.536914836013464,0.5602674,offset,0.5
FBP,186,15.094148529134916,0.6679743985371092,0.42042634,offset,0.5
FBP,187,15.637445575022939,0.6704951034097433,0.48250753,offset,0.5
FBP,188,14.930665010370296,0.712340551346928,0.43930724,offset,0.5
FBP,189,15.443909193170551,0.2865360529050866,0.88827425,offset,0.5
FBP,190,16.15596671510209,0.42868773807075294,0.5067854,offset,0.5
FBP,191,16.13229751570839,0.3619754000956013,0.66912633,offset,0.5
FBP,192,14.999519780946052,0.6635631443938966,0.50205874,offset,0.5
FBP,193,15.894792801306483,0.5261147374706727,0.55485576,offset,0.5
FBP,194,15.22674481469345,0.6837236078455804,0.48470896,offset,0.5
FBP,195,16.00883092880213,0.38815745899346965,0.7593433,offset,0.5
FBP,196,15.653296372007823,0.37919600882642873,0.5629238,offset,0.5
FBP,197,15.577601169679182,0.5462311298174164,0.44107264,offset,0.5
FBP,198,15.573233894217328,0.4733670276559265,0.59239286,offset,0.5
FBP,199,15.723063732538678,0.6559518429852732,0.39439377,offset,0.5
Tikhonov,0,17.191061654374305,0.49647456373873144,0.5029893,offset,0.5
Tikhonov,1,16.338776176608448,0.5996907098254397,0.43296272,offset,0.5
Tikhonov,2,18.934309984688674,0.3376558487061103,0.5712888,offset,0.5
Tikhonov,3,16.423488163252394,0.6925803008417153,0.3709448,offset,0.5
Tikhonov,4,17.556339628144247,0.5898908188110525,0.47406968,offset,0.5
Tikhonov,5,18.362989751405586,0.3600770795276708,0.49592015,offset,0.5
Tikhonov,6,16.604373480267025,0.5572208455017641,0.50398767,offset,0.5
Tikhonov,7,17.377089016522614,0.48765191870206614,0.45375156,offset,0.5
Tikhonov,8,17.035005053128753,0.6699180624321246,0.3851823,offset,0.5
Tikhonov,9,16.65574320709525,0.5951679904097575,0.39945754,offset,0.5
Tikhonov,10,16.136516773199062,0.6906561111446378,0.44190428,offset,0.5
Tikhonov,11,16.016959694458286,0.6290825094649095,0.47398582,offset,0.5
Tikhonov,12,16.700774647027504,0.5102222749659376,0.4745766,offset,0.5
Tikhonov,13,16.134864855873303,0.6676259857891291,0.44179827,offset,0.5
Tikhonov,14,18.294250974681862,0.38577039966197135,0.44591823,offset,0.5
Tikhonov,15,16.512644393500985,0.6184665124415043,0.5082216,offset,0.5
Tikhonov,16,16.7504916621525,0.5833601086609227,0.46865058,offset,0.5
Tikhonov,17,17.19873102021794,0.5413269377659914,0.44245848,offset,0.5
Tikhonov,18,16.37808428803832,0.7036864691844964,0.38947466,offset,0.5
Tikhonov,19,17.798351232922688,0.48880054913259163,0.5112357,offset,0.5
Tikhonov,20,17.359916962178072,0.5597517742705147,0.3900814,offset,0.5
Tikhonov,21,17.271172054359262,0.5383275292961943,0.44897288,offset,0.5
Tikhonov,22,16.474564721260545,0.5956655167883131,0.47959942,offset,0.5
Tikhonov,23,16.893757935833342,0.5475105685191537,0.49481165,offset,0.5
Tikhonov,24,17.625978667586235,0.4416296468448271,0.60643446,offset,0.5
Tikhonov,25,16.012695788177055,0.7934155606704164,0.32201794,offset,0.5
Tikhonov,26,16.8662233261402,0.40610653062929275,0.5822712,offset,0.5
Tikhonov,27,17.142901784925314,0.5674359658583883,0.45481455,offset,0.5
Tikhonov,28,16.24294884627935,0.6827505789923266,0.3963792,offset,0.5
Tikhonov,29,18.680099840168918,0.35382722026027724,0.4990786,offset,0.5
Tikhonov,30,17.290290655518245,0.5752950076774832,0.41657886,offset,0.5
Tikhonov,31,19.016839972407112,0.3382703281865909,0.5275805,offset,0.5
Tikhonov,32,16.34997623429697,0.5775950256877479,0.45382726,offset,0.5
Tikhonov,33,16.855754858043042,0.6268029774289986,0.45022464,offset,0.5
Tikhonov,34,16.82351541614123,0.5866567665330531,0.42519283,offset,0.5
Tikhonov,35,16.17140637423149,0.7213610380422324,0.44434085,offset,0.5
Tikhonov,36,16.795557839629915,0.5536869496478957,0.47567862,offset,0.5
Tikhonov,37,18.423884164451938,0.3464330296582458,0.4896178,offset,0.5
Tikhonov,38,16.308268541231662,0.49834619472688446,0.5602747,offset,0.5
Tikhonov,39,18.373587313954324,0.40439794265134993,0.42356664,offset,0.5
Tikhonov,40,18.944168627286995,0.2609617150641693,0.6895765,offset,0.5
Tikhonov,41,17.174537762325755,0.47269481263019547,0.5320627,offset,0.5
Tikhonov,42,17.32556597865374,0.5716294958953715,0.42419267,offset,0.5
Tikhonov,43,17.620154425892515,0.47230444188241283,0.5223912,offset,0.5
Tikhonov,44,17.75259711457528,0.47574605334579967,0.45808017,offset,0.5
Tikhonov,45,16.779291944531092,0.5485942309985923,0.5211271,offset,0.5
Tikhonov,46,18.262806354393625,0.43860143162492926,0.4202996,offset,0.5
Tikhonov,47,16.54382037916878,0.4567215398333058,0.60049194,offset,0.5
Tikhonov,48,16.680380994668475,0.657997888584346,0.34887072,offset,0.5
Tikhonov,49,17.20703422432492,0.6213008009247513,0.43033457,offset,0.5
Tikhonov,50,17.3902573043079,0.5225878367397726,0.46780184,offset,0.5
Tikhonov,51,15.753425470051264,0.7051219606458418,0.4007274,offset,0.5
Tikhonov,52,16.81314899748621,0.6075952878173283,0.46634287,offset,0.5
Tikhonov,53,16.867341514724046,0.5699013144755352,0.57469964,offset,0.5
Tikhonov,54,15.726786674618353,0.6837387344292903,0.43101996,offset,0.5
Tikhonov,55,16.18840618952579,0.6022109317820334,0.44952062,offset,0.5
Tikhonov,56,17.556729437012596,0.6675881136541663,0.38094762,offset,0.5
Tikhonov,57,18.012495626155857,0.3020137003752834,0.6083356,offset,0.5
Tikhonov,58,17.1756752439325,0.5908625906536332,0.41568786,offset,0.5
Tikhonov,59,17.969045773539648,0.4054121056466733,0.59087205,offset,0.5
Tikhonov,60,17.104353751588786,0.5259636337339709,0.4095634,offset,0.5
Tikhonov,61,16.38922561037977,0.6480347771295693,0.40914187,offset,0.5
Tikhonov,62,17.92702695931627,0.4439932192490082,0.56361014,offset,0.5
Tikhonov,63,16.921406659260434,0.5489346507218982,0.47139516,offset,0.5
Tikhonov,64,16.510565430818467,0.6594444937943404,0.4069247,offset,0.5
Tikhonov,65,18.260551564363016,0.40106369836461797,0.5320336,offset,0.5
Tikhonov,66,16.143005450714284,0.6103126619093905,0.5062598,offset,0.5
Tikhonov,67,17.00250336223036,0.5750174417933988,0.4712587,offset,0.5
Tikhonov,68,17.03027673477877,0.6444026971176221,0.34941825,offset,0.5
Tikhonov,69,16.172766946141262,0.7049926557884338,0.44499338,offset,0.5
Tikhonov,70,17.00466436551689,0.5364543270833948,0.4528441,offset,0.5
Tikhonov,71,16.180450047606257,0.7807653763245845,0.36204794,offset,0.5
Tikhonov,72,16.159779099968887,0.644882866975174,0.45993572,offset,0.5
Tikhonov,73,16.769177600583063,0.5430989626786394,0.39936617,offset,0.5
Tikhonov,74,19.18263840582696,0.380079190047123,0.43233803,offset,0.5
Tikhonov,75,16.94494707053527,0.5317112654976716,0.45575956,offset,0.5
Tikhonov,76,16.89963882015009,0.4989199212921614,0.53031313,offset,0.5
Tikhonov,77,17.215139495226538,0.5813449498574819,0.5149528,offset,0.5
Tikhonov,78,17.73342146943612,0.4553999098081311,0.4412735,offset,0.5
Tikhonov,79,16.89785281970065,0.6697083103075077,0.34042123,offset,0.5
Tikhonov,80,17.476877791603766,0.48837355553068623,0.4450886,offset,0.5
Tikhonov,81,16.689840690830955,0.5734773727618774,0.43348587,offset,0.5
Tikhonov,82,16.311805247208866,0.6795978938589692,0.39575705,offset,0.5
Tikhonov,83,17.39564943967512,0.4781373020904697,0.49364436,offset,0.5
Tikhonov,84,15.89462496665943,0.6150679306751541,0.47115678,offset,0.5
Tikhonov,85,16.998388652426556,0.6832324886136045,0.35006315,offset,0.5
Tikhonov,86,17.784650052376037,0.5447564696003625,0.38147905,offset,0.5
Tikhonov,87,16.757598115033787,0.6125240954503125,0.42596525,offset,0.5
Tikhonov,88,16.76743849394419,0.611540713980082,0.42459568,offset,0.5
Tikhonov,89,17.953212247195104,0.39737834309902204,0.4667935,offset,0.5
Tikhonov,90,16.793671123372928,0.6167027380963025,0.4439498,offset,0.5
Tikhonov,91,16.6695646505968,0.5019019412786954,0.48844594,offset,0.5
Tikhonov,92,16.93930830703572,0.4118416353500706,0.6118204,offset,0.5
Tikhonov,93,17.168668006944156,0.6213226226776115,0.3425655,offset,0.5
Tikhonov,94,17.720577834650133,0.4398173796739872,0.4002544,offset,0.5
Tikhonov,95,16.457213223370303,0.6790136448237545,0.35171372,offset,0.5
Tikhonov,96,18.736586681618064,0.3563050338882984,0.5222045,offset,0.5
Tikhonov,97,17.295996130008646,0.5913410532405631,0.37287137,offset,0.5
Tikhonov,98,16.646505391429955,0.5687362742942204,0.47521177,offset,0.5
Tikhonov,99,16.57632942350756,0.6134808441005408,0.40388468,offset,0.5
Tikhonov,100,16.400609600370604,0.503835569016543,0.59036344,offset,0.5
Tikhonov,101,16.35260462002302,0.663375649811803,0.4593869,offset,0.5
Tikhonov,102,16.180791414706594,0.6428669408797902,0.4588043,offset,0.5
Tikhonov,103,17.36319645008201,0.6190964548621511,0.4147561,offset,0.5
Tikhonov,104,16.938719507236847,0.5867354271999341,0.47435132,offset,0.5
Tikhonov,105,17.196534885288273,0.5455400772738629,0.4796502,offset,0.5
Tikhonov,106,15.941254564606098,0.7093338393971848,0.46184492,offset,0.5
Tikhonov,107,18.878084076942947,0.40521936927641133,0.47218212,offset,0.5
Tikhonov,108,17.469163216170056,0.5078990349040005,0.42857736,offset,0.5
Tikhonov,109,16.483312088771736,0.5201169809993753,0.51920563,offset,0.5
Tikhonov,110,16.659932145403257,0.5883851595880071,0.4221984,offset,0.5
Tikhonov,111,18.386771762377016,0.44035822112682804,0.42868665,offset,0.5
Tikhonov,112,17.341460875083406,0.47084960353985034,0.49526453,offset,0.5
Tikhonov,113,17.43542198936752,0.5206977926910958,0.42813784,offset,0.5
Tikhonov,114,17.52354548193934,0.47649695890645827,0.47816473,offset,0.5
Tikhonov,115,17.52198006298306,0.46068718028254807,0.49958068,offset,0.5
Tikhonov,116,17.6406125797871,0.4264571127842069,0.5290561,offset,0.5
Tikhonov,117,17.221037381234986,0.5982405650198521,0.4163684,offset,0.5
Tikhonov,118,17.535566810454746,0.4834979380824178,0.5171889,offset,0.5
Tikhonov,119,16.41960007180267,0.6478889270845324,0.4243195,offset,0.5
Tikhonov,120,16.405005536457814,0.7278488817045558,0.376003,offset,0.5
Tikhonov,121,17.60300591459407,0.5562002853353792,0.45933777,offset,0.5
Tikhonov,122,18.830318175786907,0.42024575402692715,0.4864264,offset,0.5
Tikhonov,123,16.63976144653173,0.5821861930615807,0.46350527,offset,0.5
Tikhonov,124,17.007859500664225,0.5274914583996562,0.42908716,offset,0.5
Tikhonov,125,17.18686859009358,0.48501421605075196,0.49861962,offset,0.5
Tikhonov,126,16.27777337237976,0.7055184482452498,0.44282645,offset,0.5
Tikhonov,127,16.859480076435048,0.5976829889388217,0.42706403,offset,0.5
Tikhonov,128,15.920854832422993,0.6423541405433039,0.38940197,offset,0.5
Tikhonov,129,16.854207339415343,0.5788924102921593,0.4703714,offset,0.5
Tikhonov,130,16.751638491161664,0.6391301036625716,0.37146577,offset,0.5
Tikhonov,131,16.427010176973194,0.6754898935347634,0.36070934,offset,0.5
Tikhonov,132,16.14639883778835,0.7007502141314336,0.38507873,offset,0.5
Tikhonov,133,16.95620838062718,0.6655850104132787,0.37655473,offset,0.5
Tikhonov,134,16.152006523987936,0.5692323820804023,0.44679162,offset,0.5
Tikhonov,135,18.454618890293606,0.3926808442756888,0.42372715,offset,0.5
Tikhonov,136,16.63137783865549,0.6199597436316554,0.4513583,offset,0.5
Tikhonov,137,17.505004792649554,0.4217787348340104,0.4407241,offset,0.5
Tikhonov,138,16.1306250771942,0.5781763146919091,0.4527184,offset,0.5
Tikhonov,139,16.485595063896316,0.5693936954758251,0.45375878,offset,0.5
Tikhonov,140,16.95126499818276,0.4266577980140501,0.58062965,offset,0.5
Tikhonov,141,16.989556826362616,0.4434077630316442,0.5144782,offset,0.5
Tikhonov,142,16.38797612527817,0.6027158643590471,0.50045115,offset,0.5
Tikhonov,143,18.988347404848128,0.3418949946356083,0.51388484,offset,0.5
Tikhonov,144,16.577854368487575,0.5470142471420045,0.45703354,offset,0.5
Tikhonov,145,18.449895796873278,0.32184329414586266,0.5532906,offset,0.5
Tikhonov,146,16.387529769390945,0.5979701292613032,0.41342285,offset,0.5
Tikhonov,147,16.24085254247721,0.727307888195265,0.37358367,offset,0.5
Tikhonov,148,16.861086592688835,0.6188385689203928,0.45579335,offset,0.5
Tikhonov,149,16.97193837206403,0.5001561866692182,0.5602466,offset,0.5
Tikhonov,150,16.976982723749355,0.5653753931288249,0.4529565,offset,0.5
Tikhonov,151,15.787540335705646,0.658927232683694,0.4561285,offset,0.5
Tikhonov,152,17.106981636990145,0.5263407793589233,0.4894853,offset,0.5
Tikhonov,153,16.975109059712224,0.5659319197274129,0.5091215,offset,0.5
Tikhonov,154,18.690959198438282,0.3074307526521431,0.572403,offset,0.5
Tikhonov,155,16.807234567951244,0.6559403716833793,0.39931887,offset,0.5
Tikhonov,156,17.298176453179163,0.5205187428158646,0.45593366,offset,0.5
Tikhonov,157,16.57789773517379,0.5917394043433226,0.46784696,offset,0.5
Tikhonov,158,17.388991686761692,0.5939645818095511,0.42959255,offset,0.5
Tikhonov,159,17.84046684820693,0.4412413114438426,0.52038467,offset,0.5
Tikhonov,160,16.829963349352543,0.5450226310294214,0.43937942,offset,0.5
Tikhonov,161,16.265344665044708,0.6139728938621923,0.47078297,offset,0.5
Tikhonov,162,16.310065815052678,0.6924283926231856,0.389599,offset,0.5
Tikhonov,163,16.867444718198946,0.6382101418776149,0.39197215,offset,0.5
Tikhonov,164,16.563905711876277,0.5207891100247907,0.48442772,offset,0.5
Tikhonov,165,16.529426404998226,0.6967657017793356,0.40957895,offset,0.5
Tikhonov,166,16.295137144729168,0.5390664813621547,0.5187422,offset,0.5
Tikhonov,167,17.39442171868381,0.5002455816600349,0.50064963,offset,0.5
Tikhonov,168,19.11188595642416,0.38221209909245446,0.44760987,offset,0.5
Tikhonov,169,18.113385150386755,0.5336600057576294,0.4378405,offset,0.5
Tikhonov,170,17.844762774154887,0.47793006848025305,0.49301514,offset,0.5
Tikhonov,171,17.13953578803032,0.608133425718185,0.3596734,offset,0.5
Tikhonov,172,15.58279788575889,0.6844790856308719,0.45281547,offset,0.5
Tikhonov,173,16.42833639224467,0.5867811219977438,0.5514091,offset,0.5
Tikhonov,174,16.974217041943632,0.5587093178173219,0.45085475,offset,0.5
Tikhonov,175,19.27669762315087,0.33660846092008934,0.6494776,offset,0.5
Tikhonov,176,19.77032707793539,0.30087125151993493,0.6102248,offset,0.5
Tikhonov,177,16.643417806446152,0.5536883733069816,0.44119358,offset,0.5
Tikhonov,178,18.56457776546344,0.35071262260437136,0.48950762,offset,0.5
Tikhonov,179,16.412632709439027,0.6037778158918454,0.4002893,offset,0.5
Tikhonov,180,19.06438319629772,0.3431356769533297,0.49363098,offset,0.5
Tikhonov,181,16.410165702746674,0.5970231313883781,0.41384968,offset,0.5
Tikhonov,182,17.899112307541493,0.4895972301789044,0.4623875,offset,0.5
Tikhonov,183,15.38846194990241,0.7325869379834511,0.41487265,offset,0.5
Tikhonov,184,17.206266408133143,0.5740791385553677,0.43852752,offset,0.5
Tikhonov,185,16.61764800662562,0.5368833291594012,0.4810995,offset,0.5
Tikhonov,186,16.3252517870689,0.6744406781200712,0.36486715,offset,0.5
Tikhonov,187,16.31129236467716,0.6574857941220614,0.44649005,offset,0.5
Tikhonov,188,16.035052411212327,0.7163602926401318,0.3868557,offset,0.5
Tikhonov,189,18.562547006299468,0.2974723078383129,0.6203192,offset,0.5
Tikhonov,190,18.11217035284702,0.4467021985037718,0.40458882,offset,0.5
Tikhonov,191,18.645869711115814,0.3732946145734057,0.5009905,offset,0.5
Tikhonov,192,16.061903449618587,0.6513603614628304,0.4442581,offset,0.5
Tikhonov,193,16.934654674359788,0.5148089194982043,0.4922515,offset,0.5
Tikhonov,194,15.977785652615271,0.6711201727017952,0.44455856,offset,0.5
Tikhonov,195,17.64179941221275,0.38406462685762105,0.62920153,offset,0.5
Tikhonov,196,17.84569158750772,0.3909218882970379,0.43735072,offset,0.5
Tikhonov,197,16.646864060017478,0.5522161385314809,0.38998422,offset,0.5
Tikhonov,198,17.085322409123393,0.47941934033576017,0.49774325,offset,0.5
Tikhonov,199,16.95828689750539,0.6725561242230229,0.34211248,offset,0.5
TV,0,19.66133508938836,0.5932507357696718,0.37848184,offset,0.5
TV,1,19.83414491651426,0.7053486802422804,0.28952232,offset,0.5
TV,2,19.691534346514697,0.40128143782215575,0.5235939,offset,0.5
TV,3,19.463954337427136,0.7989529992726994,0.2613882,offset,0.5
TV,4,20.01198618074577,0.6927298123848217,0.3573221,offset,0.5
TV,5,20.952611370928796,0.4633622519899937,0.36807021,offset,0.5
TV,6,18.828608201508636,0.6677259357077501,0.39012894,offset,0.5
TV,7,19.84922808768491,0.5906398182249943,0.34135884,offset,0.5
TV,8,20.206644828099975,0.7703035584293029,0.26735255,offset,0.5
TV,9,19.596215311537577,0.7145969656349953,0.28473905,offset,0.5
TV,10,18.953718971312444,0.8058545973694552,0.31949797,offset,0.5
TV,11,18.057272747684042,0.7359136445717194,0.37475693,offset,0.5
TV,12,18.850790097639237,0.6092147267464941,0.3705148,offset,0.5
TV,13,18.417824660622887,0.77484010763501,0.33968475,offset,0.5
TV,14,21.814109860617634,0.4690323815828243,0.29734612,offset,0.5
TV,15,18.759764810956504,0.741374155867283,0.3923712,offset,0.5
TV,16,18.792704172508948,0.6903127434135277,0.37045762,offset,0.5
TV,17,20.577735036454747,0.6594731831443996,0.29986262,offset,0.5
TV,18,18.728951454718402,0.8004669627051585,0.29712272,offset,0.5
TV,19,20.279939822887272,0.622598958347466,0.3841862,offset,0.5
TV,20,19.90043208416251,0.6612514215935221,0.2911585,offset,0.5
TV,21,19.93052404727035,0.6369031563310784,0.33056167,offset,0.5
TV,22,18.287422562871214,0.7259882445781961,0.3892564,offset,0.5
TV,23,18.87948331459796,0.655021104553699,0.39368933,offset,0.5
TV,24,18.847872020461956,0.5443927592772044,0.5268527,offset,0.5
TV,25,18.78689174077756,0.8786660190787136,0.23397544,offset,0.5
TV,26,18.749533158498867,0.4976846010290463,0.46877,offset,0.5
TV,27,19.491660729449332,0.6982215968026079,0.3470535,offset,0.5
TV,28,18.759844020084074,0.7897737406421268,0.29666486,offset,0.5
TV,29,21.874272691089484,0.43767944598630115,0.34550974,offset,0.5
TV,30,20.43632318146316,0.6827981610414918,0.28999838,offset,0.5
TV,31,21.788099871363006,0.4405950989597285,0.38346502,offset,0.5
TV,32,18.99545618201123,0.7011672977054076,0.33466986,offset,0.5
TV,33,19.211137015747482,0.74527437906339,0.3432892,offset,0.5
TV,34,20.387538781203496,0.6973379522096366,0.2820881,offset,0.5
TV,35,18.907909311755425,0.8407609022736227,0.3242583,offset,0.5
TV,36,19.344657195079623,0.6632501124476529,0.35469788,offset,0.5
TV,37,21.79418863435184,0.45474221179894875,0.33215588,offset,0.5
TV,38,17.84066205246018,0.610259398721805,0.46965763,offset,0.5
TV,39,21.51740641328812,0.5152612867224423,0.29493803,offset,0.5
TV,40,21.155780972983518,0.4045980080812092,0.53456664,offset,0.5
TV,41,18.71008547787244,0.559469679125425,0.4458466,offset,0.5
TV,42,20.0356343714397,0.674458781871098,0.31049865,offset,0.5
TV,43,19.80823138602558,0.5675671422697242,0.4060617,offset,0.5
TV,44,21.053577364799366,0.5890705570177375,0.31325102,offset,0.5
TV,45,18.66191387899968,0.6597062569455059,0.41957787,offset,0.5
TV,46,21.354886711253315,0.5515155894085303,0.29441163,offset,0.5
TV,47,17.604251043655747,0.5537789330744639,0.5314785,offset,0.5
TV,48,19.921310032725707,0.756212898504089,0.24022493,offset,0.5
TV,49,19.60679987029548,0.7320485604341981,0.32645094,offset,0.5
TV,50,19.56903958935316,0.6299538420428366,0.36401793,offset,0.5
TV,51,18.47474154224806,0.8261610293743578,0.29294306,offset,0.5
TV,52,19.231543318918195,0.7262191800564174,0.35300887,offset,0.5
TV,53,18.43764414846779,0.6950190989993328,0.4796515,offset,0.5
TV,54,17.93909594765418,0.7874742353696776,0.33410418,offset,0.5
TV,55,19.23190551484194,0.7163788604709774,0.31664646,offset,0.5
TV,56,21.315649055440026,0.7871112526848543,0.2471265,offset,0.5
TV,57,19.654932378875273,0.3917915717246923,0.50352544,offset,0.5
TV,58,19.423458724506332,0.7009594858497042,0.32090622,offset,0.5
TV,59,19.064287334581287,0.5002563078401895,0.5208724,offset,0.5
TV,60,20.225176076964967,0.6549645293122042,0.28594336,offset,0.5
TV,61,19.179826091371286,0.7509375487315691,0.296718,offset,0.5
TV,62,19.855817206282477,0.5399181447011103,0.45137683,offset,0.5
TV,63,19.690293768176122,0.6524569390818846,0.34272105,offset,0.5
TV,64,19.377629413596114,0.7617006707981745,0.2925236,offset,0.5
TV,65,20.276614366002555,0.5234287890109179,0.42182854,offset,0.5
TV,66,17.820842217081236,0.7095711147888902,0.41733187,offset,0.5
TV,67,19.104737251764647,0.6825968087718183,0.369954,offset,0.5
TV,68,20.24011310704637,0.7560444494424587,0.2414648,offset,0.5
TV,69,18.695501365024757,0.808717841134322,0.33282572,offset,0.5
TV,70,19.937858200767433,0.6522249457655351,0.32306436,offset,0.5
TV,71,19.45329838168274,0.8844811492128113,0.24838403,offset,0.5
TV,72,18.4432700183231,0.7493285291052755,0.35360843,offset,0.5
TV,73,19.34094985977802,0.6552171482635308,0.29701793,offset,0.5
TV,74,22.97533676321212,0.5306421397465535,0.27937564,offset,0.5
TV,75,19.47037810137391,0.644779229217232,0.34077224,offset,0.5
TV,76,18.90499289243774,0.6460758602999013,0.4209831,offset,0.5
TV,77,19.487692483814378,0.7038240414362955,0.39640555,offset,0.5
TV,78,20.960061222466084,0.5785068896606811,0.3043518,offset,0.5
TV,79,19.376429384446997,0.7802330343705055,0.25591034,offset,0.5
TV,80,20.747429845897585,0.5898819892130377,0.30543503,offset,0.5
TV,81,19.740279981730758,0.6887777465422569,0.30510756,offset,0.5
TV,82,19.58942316727226,0.7890575285558397,0.2713612,offset,0.5
TV,83,19.438844692943487,0.5717650056481823,0.39017048,offset,0.5
TV,84,17.81786436377459,0.736604447845054,0.3775752,offset,0.5
TV,85,20.210964689371217,0.7807993082741413,0.24183413,offset,0.5
TV,86,20.553731703774073,0.6568359923207447,0.27734262,offset,0.5
TV,87,19.07491395566306,0.7150614207556609,0.32621834,offset,0.5
TV,88,19.261593459619103,0.733131539777945,0.31861615,offset,0.5
TV,89,20.925377937929383,0.5224949008504252,0.3315252,offset,0.5
TV,90,19.143054594885285,0.7331258797919963,0.3387386,offset,0.5
TV,91,18.647299175729557,0.5918347053427041,0.38898227,offset,0.5
TV,92,17.962845257675987,0.4910160870308611,0.5438099,offset,0.5
TV,93,19.98553391122516,0.7173698343584807,0.24768536,offset,0.5
TV,94,20.670855958077,0.5521586537599267,0.28498513,offset,0.5
TV,95,19.379293356045622,0.7866799421906702,0.25123802,offset,0.5
TV,96,21.17621849115986,0.4606930594035032,0.39432928,offset,0.5
TV,97,21.007606094892633,0.7028219724797513,0.2432084,offset,0.5
TV,98,18.922508761413006,0.7085812910775507,0.36566806,offset,0.5
TV,99,18.598823906073463,0.7148102247901839,0.31998724,offset,0.5
TV,100,17.626031538615774,0.6092620563168033,0.51268226,offset,0.5
TV,101,18.60228539665549,0.7659630051175178,0.35456395,offset,0.5
TV,102,18.256408988722754,0.7762329285461186,0.36128223,offset,0.5
TV,103,20.322961742197087,0.7192936672856511,0.2949881,offset,0.5
TV,104,19.871049952672315,0.7299029407854392,0.33844146,offset,0.5
TV,105,19.626405439008046,0.6752750163307136,0.36260274,offset,0.5
TV,106,18.106310032960703,0.8218653146562375,0.359951,offset,0.5
TV,107,21.597708179620835,0.5471042636281633,0.34524575,offset,0.5
TV,108,19.82100004071611,0.6092038926089275,0.3269169,offset,0.5
TV,109,18.711621753534043,0.6397763228473015,0.40172037,offset,0.5
TV,110,19.085402752240405,0.693738133937105,0.31933245,offset,0.5
TV,111,22.180195263429102,0.5417688737598378,0.27699298,offset,0.5
TV,112,19.637475886298827,0.5878608394327597,0.38022137,offset,0.5
TV,113,20.205885823472784,0.6472383010978541,0.31121492,offset,0.5
TV,114,19.889381019116772,0.5837915855631125,0.36415458,offset,0.5
TV,115,19.967754901598944,0.5733047592114996,0.37697875,offset,0.5
TV,116,19.293882450802286,0.5522676299141878,0.43735912,offset,0.5
TV,117,19.941576254098926,0.7129113597695308,0.30440432,offset,0.5
TV,118,19.06886034495065,0.5693662798662106,0.43349543,offset,0.5
TV,119,18.91159467077131,0.7458064148648957,0.31848815,offset,0.5
TV,120,19.251405747972324,0.8244526359062134,0.27093887,offset,0.5
TV,121,20.275061014086834,0.6777442806277209,0.3376987,offset,0.5
TV,122,21.882725721128537,0.5401903915859774,0.34229204,offset,0.5
TV,123,19.117898624149994,0.7321104485626247,0.3484559,offset,0.5
TV,124,19.57252192626665,0.6197371805242594,0.31938344,offset,0.5
TV,125,19.59549263111059,0.6074126087050223,0.3778663,offset,0.5
TV,126,19.192860129952166,0.8218128004838705,0.3165769,offset,0.5
TV,127,19.86120957125351,0.7213975755624812,0.302278,offset,0.5
TV,128,17.98402609027354,0.736844811445893,0.30707154,offset,0.5
TV,129,19.40287647036699,0.6851289803258428,0.3507579,offset,0.5
TV,130,18.94710080538076,0.7361117899427498,0.28849992,offset,0.5
TV,131,19.58372685036349,0.7899876014427628,0.25079653,offset,0.5
TV,132,19.662251474447313,0.8238927549663315,0.25689575,offset,0.5
TV,133,20.39624354510449,0.7678167365697282,0.2534115,offset,0.5
TV,134,18.94344209261287,0.6918861584031708,0.32399124,offset,0.5
TV,135,22.08292101103978,0.4680890981742943,0.27904308,offset,0.5
TV,136,19.604246935615254,0.7347412249645842,0.32053682,offset,0.5
TV,137,20.175925965340248,0.5083922675319116,0.32405654,offset,0.5
TV,138,17.83523697648662,0.6774694092445699,0.3720468,offset,0.5
TV,139,18.558396414146056,0.6736437668670296,0.35742503,offset,0.5
TV,140,18.546891884916242,0.522635045673983,0.4831899,offset,0.5
TV,141,19.18787671387807,0.5396939951811979,0.3994395,offset,0.5
TV,142,18.600644180587278,0.7436397289414698,0.3879076,offset,0.5
TV,143,21.822659078700646,0.45461945715918367,0.370809,offset,0.5
TV,144,18.76804812744709,0.6437854905911502,0.35517174,offset,0.5
TV,145,20.44849706765126,0.4123766029706756,0.43956512,offset,0.5
TV,146,18.627902330437934,0.7331294803807997,0.31943014,offset,0.5
TV,147,19.39287161908089,0.8384452058110109,0.25988844,offset,0.5
TV,148,19.76538781343431,0.7298809527804352,0.32625183,offset,0.5
TV,149,18.03911449051589,0.6325355607050294,0.49547347,offset,0.5
TV,150,19.301998890602295,0.6707003063662748,0.34658173,offset,0.5
TV,151,17.886725278828667,0.7599183312763483,0.35820195,offset,0.5
TV,152,19.628298616839782,0.6272726168226804,0.36616245,offset,0.5
TV,153,19.132491265960383,0.6728554366729876,0.39714795,offset,0.5
TV,154,20.647959869303243,0.38053119659600854,0.4569323,offset,0.5
TV,155,19.332704484697516,0.7674220311089827,0.2985701,offset,0.5
TV,156,19.854659836309814,0.6396791562284073,0.3396859,offset,0.5
TV,157,19.35620758870722,0.7072388093806957,0.33977258,offset,0.5
TV,158,20.121793618394946,0.6932387302354486,0.3136293,offset,0.5
TV,159,19.634439472688825,0.541540620957255,0.42327812,offset,0.5
TV,160,19.674915490979217,0.6671547290449578,0.31665918,offset,0.5
TV,161,18.512827482882212,0.7524608992961859,0.36345163,offset,0.5
TV,162,19.224585307156737,0.7875417179297194,0.27854276,offset,0.5
TV,163,19.496305172558163,0.7401534963085524,0.28960904,offset,0.5
TV,164,18.101564089445603,0.5981693597720197,0.40583175,offset,0.5
TV,165,19.135921191384444,0.7906166343768859,0.30339816,offset,0.5
TV,166,17.940243148838626,0.6448716408301776,0.4292361,offset,0.5
TV,167,19.798525384544067,0.6158355758871791,0.3796022,offset,0.5
TV,168,22.516470029915613,0.4587609111086065,0.3024617,offset,0.5
TV,169,20.369795767921268,0.6585914127909663,0.33767226,offset,0.5
TV,170,20.226575671843555,0.5806091518219741,0.37477416,offset,0.5
TV,171,19.918584169774658,0.7000245807013159,0.2611896,offset,0.5
TV,172,18.11151596867003,0.8024085506167616,0.33844286,offset,0.5
TV,173,17.877118573350216,0.6953466332686896,0.46669683,offset,0.5
TV,174,19.399119196462987,0.6734705573587182,0.3410292,offset,0.5
TV,175,20.83771174552848,0.4764045999040981,0.54264206,offset,0.5
TV,176,21.894698306840542,0.40212414123903006,0.47782767,offset,0.5
TV,177,19.818445640942755,0.6791849749947875,0.30611023,offset,0.5
TV,178,21.53079562090077,0.4759940989238541,0.34789526,offset,0.5
TV,179,19.02200150741487,0.7109676378958065,0.29641867,offset,0.5
TV,180,22.39305925477077,0.43664636297347714,0.3364872,offset,0.5
TV,181,18.80749887322268,0.6938449594534718,0.31403348,offset,0.5
TV,182,21.118923890907237,0.5952119186611015,0.31916517,offset,0.5
TV,183,18.432593172762793,0.8540282302616887,0.29221883,offset,0.5
TV,184,19.296639591479575,0.6836404610398295,0.3447293,offset,0.5
TV,185,18.746132822293657,0.6549364659047209,0.37653962,offset,0.5
TV,186,19.360968479134318,0.7664872396367887,0.25724617,offset,0.5
TV,187,18.9853633775583,0.7696577202882772,0.32817706,offset,0.5
TV,188,18.739721360738354,0.8131283699854254,0.28334498,offset,0.5
TV,189,20.856267735898996,0.4240713407937822,0.4763533,offset,0.5
TV,190,20.75944927737107,0.5657398572460025,0.29829773,offset,0.5
TV,191,20.99850991569116,0.4789650090789703,0.382118,offset,0.5
TV,192,18.247525362254603,0.753324025026513,0.34542537,offset,0.5
TV,193,18.63659486306806,0.6274133658254026,0.40465978,offset,0.5
TV,194,18.770888496260916,0.8018865356200628,0.3223101,offset,0.5
TV,195,18.899565882025254,0.5048791587762611,0.5443791,offset,0.5
TV,196,20.787238092822363,0.47312624630525957,0.31171128,offset,0.5
TV,197,18.848675562559507,0.6573163863764075,0.30266097,offset,0.5
TV,198,18.99521844921751,0.603415597798803,0.3994943,offset,0.5
TV,199,20.077616256067962,0.7824858170857053,0.23889245,offset,0.5
PnP-DnCNN,0,25.604470767126845,0.9435339144561902,0.1909362,offset,0.5
PnP-DnCNN,1,24.800768093286752,0.971257877867084,0.1634372,offset,0.5
PnP-DnCNN,2,25.922092463338654,0.9608779932595481,0.25554457,offset,0.5
PnP-DnCNN,3,22.605674647089412,0.9506758218092367,0.18205388,offset,0.5
PnP-DnCNN,4,24.613447071541064,0.9443027921759886,0.21037148,offset,0.5
PnP-DnCNN,5,27.791027106491157,0.9775391382373069,0.1674981,offset,0.5
PnP-DnCNN,6,23.511815018479684,0.9403456141633436,0.2275348,offset,0.5
PnP-DnCNN,7,24.162004664728816,0.9479787031665814,0.20776498,offset,0.5
PnP-DnCNN,8,23.5884972241014,0.9577370258894834,0.18113054,offset,0.5
PnP-DnCNN,9,22.230154134290366,0.9469055992143214,0.21025683,offset,0.5
PnP-DnCNN,10,24.112581924959954,0.9504573873498223,0.17641072,offset,0.5
PnP-DnCNN,11,23.356826648775666,0.9514880599069201,0.20359729,offset,0.5
PnP-DnCNN,12,22.61728104767162,0.9433348915916829,0.24014913,offset,0.5
PnP-DnCNN,13,24.83537947367308,0.9602595848177583,0.1622551,offset,0.5
PnP-DnCNN,14,26.186773042045797,0.9644103268207598,0.17973354,offset,0.5
PnP-DnCNN,15,23.025385308790554,0.898322237424614,0.24011323,offset,0.5
PnP-DnCNN,16,23.692980987284372,0.9558686395445146,0.21072918,offset,0.5
PnP-DnCNN,17,26.486196031238208,0.9656738007733644,0.15187955,offset,0.5
PnP-DnCNN,18,21.590388143563004,0.9475686981165705,0.21372929,offset,0.5
PnP-DnCNN,19,25.346466392343462,0.9553735212476786,0.21439537,offset,0.5
PnP-DnCNN,20,21.459568589372946,0.9263604669639272,0.24331711,offset,0.5
PnP-DnCNN,21,24.817683323317578,0.9549875774166801,0.18831916,offset,0.5
PnP-DnCNN,22,22.34836955170057,0.9355069619010795,0.24388686,offset,0.5
PnP-DnCNN,23,22.768251720307752,0.9298673878031328,0.25160265,offset,0.5
PnP-DnCNN,24,21.403778016617856,0.8334091063839006,0.39254904,offset,0.5
PnP-DnCNN,25,22.028773652028445,0.9550072735498759,0.16109283,offset,0.5
PnP-DnCNN,26,22.908579901994234,0.9404060942513391,0.29040724,offset,0.5
PnP-DnCNN,27,24.77344706205573,0.9566496329859269,0.18893269,offset,0.5
PnP-DnCNN,28,24.065833591997826,0.9614855567039537,0.1610522,offset,0.5
PnP-DnCNN,29,27.79111994926069,0.9772844058423003,0.1748308,offset,0.5
PnP-DnCNN,30,25.50972061846563,0.945964537222277,0.16170584,offset,0.5
PnP-DnCNN,31,25.22401583888151,0.9609342901313231,0.25818434,offset,0.5
PnP-DnCNN,32,23.63872528813564,0.942607388700828,0.19608895,offset,0.5
PnP-DnCNN,33,23.632237616498543,0.9263905333278101,0.20635028,offset,0.5
PnP-DnCNN,34,25.272640091093827,0.9542467086152597,0.16074213,offset,0.5
PnP-DnCNN,35,23.239103113354766,0.952210179091362,0.19693884,offset,0.5
PnP-DnCNN,36,22.219135842913413,0.9042931724116514,0.25476202,offset,0.5
PnP-DnCNN,37,30.267960837168623,0.982852800572214,0.12521414,offset,0.5
PnP-DnCNN,38,23.532716275437252,0.9355761108935372,0.24388137,offset,0.5
PnP-DnCNN,39,24.928176890502797,0.9551179231383091,0.1991555,offset,0.5
PnP-DnCNN,40,26.18185132287899,0.9358955257964775,0.299708,offset,0.5
PnP-DnCNN,41,23.160310916753343,0.9228044915636463,0.26710016,offset,0.5
PnP-DnCNN,42,24.874940554619613,0.9617840126772558,0.17786661,offset,0.5
PnP-DnCNN,43,25.4135884956314,0.9380725150820145,0.21297282,offset,0.5
PnP-DnCNN,44,25.85656025346131,0.954833820061989,0.18019527,offset,0.5
PnP-DnCNN,45,23.726447975839278,0.9224544953216206,0.23419943,offset,0.5
PnP-DnCNN,46,26.664302919729362,0.9663679971059492,0.15976591,offset,0.5
PnP-DnCNN,47,21.668972430010832,0.8515612281828133,0.3328508,offset,0.5
PnP-DnCNN,48,23.25243671376846,0.9413546906276182,0.16370492,offset,0.5
PnP-DnCNN,49,23.63297796054954,0.9247650840004121,0.20535676,offset,0.5
PnP-DnCNN,50,22.948009713243952,0.947093284942887,0.24670291,offset,0.5
PnP-DnCNN,51,22.672302181060154,0.9521067716981754,0.18067798,offset,0.5
PnP-DnCNN,52,23.981842064513312,0.9377764212506369,0.20430109,offset,0.5
PnP-DnCNN,53,23.84044156528806,0.9300510325615318,0.25750518,offset,0.5
PnP-DnCNN,54,21.114801607560572,0.9385676089643447,0.23179103,offset,0.5
PnP-DnCNN,55,23.30028396110883,0.9583553820848465,0.19822375,offset,0.5
PnP-DnCNN,56,25.27391828044675,0.9580744872531615,0.15667722,offset,0.5
PnP-DnCNN,57,26.493254289042802,0.9574399687319008,0.22914232,offset,0.5
PnP-DnCNN,58,23.689469707723653,0.9413536867234579,0.19637111,offset,0.5
PnP-DnCNN,59,23.774136021545832,0.932223230538782,0.30285794,offset,0.5
PnP-DnCNN,60,25.098526970712406,0.9617122776713992,0.16315953,offset,0.5
PnP-DnCNN,61,23.334261026540453,0.9575361177202099,0.18391712,offset,0.5
PnP-DnCNN,62,23.69835362104807,0.9308583353730765,0.29000965,offset,0.5
PnP-DnCNN,63,22.93632296050166,0.9421592765172159,0.23585187,offset,0.5
PnP-DnCNN,64,24.266346902557792,0.9640500352771815,0.16661918,offset,0.5
PnP-DnCNN,65,24.195032299964264,0.9451156578157559,0.26866746,offset,0.5
PnP-DnCNN,66,23.082964996208354,0.950459759035879,0.2277065,offset,0.5
PnP-DnCNN,67,22.554012238774632,0.9338048886169087,0.24870467,offset,0.5
PnP-DnCNN,68,22.75496595837264,0.9354905835853136,0.18076366,offset,0.5
PnP-DnCNN,69,25.464706230085877,0.9716514296029225,0.15267102,offset,0.5
PnP-DnCNN,70,26.744116456347975,0.9627247946567772,0.14756255,offset,0.5
PnP-DnCNN,71,23.679943915427906,0.9604219286894995,0.15268324,offset,0.5
PnP-DnCNN,72,22.13380713017575,0.916960249482731,0.23120423,offset,0.5
PnP-DnCNN,73,22.464382466281915,0.9438064221508247,0.20730558,offset,0.5
PnP-DnCNN,74,26.693822984189172,0.9651852998851744,0.18208084,offset,0.5
PnP-DnCNN,75,24.29946919543678,0.9438408025163264,0.19543828,offset,0.5
PnP-DnCNN,76,21.48327543295047,0.8816870942188442,0.31286037,offset,0.5
PnP-DnCNN,77,24.62377131963838,0.9401507005095482,0.2194501,offset,0.5
PnP-DnCNN,78,25.234407338624948,0.9518270220392007,0.18606238,offset,0.5
PnP-DnCNN,79,22.685642966377184,0.9567337792274381,0.1748345,offset,0.5
PnP-DnCNN,80,25.06368990500561,0.9535218154595904,0.18582574,offset,0.5
PnP-DnCNN,81,25.41447365015661,0.966465031435667,0.1587608,offset,0.5
PnP-DnCNN,82,23.85922295513118,0.9475800997831605,0.16598077,offset,0.5
PnP-DnCNN,83,23.171753177187774,0.9177343720370088,0.25386858,offset,0.5
PnP-DnCNN,84,21.572463811160212,0.9279766032580009,0.2450606,offset,0.5
PnP-DnCNN,85,23.043503419182336,0.921036234283281,0.17453828,offset,0.5
PnP-DnCNN,86,24.356321215981467,0.9423428505412803,0.17901407,offset,0.5
PnP-DnCNN,87,22.953809906617447,0.9488443573398039,0.20871976,offset,0.5
PnP-DnCNN,88,24.64120883319425,0.9659987362948331,0.17150904,offset,0.5
PnP-DnCNN,89,25.953546618457437,0.9542794357523445,0.1858267,offset,0.5
PnP-DnCNN,90,25.072715590358293,0.9494251377634273,0.17115186,offset,0.5
PnP-DnCNN,91,23.48885583081483,0.9381202161466041,0.22276759,offset,0.5
PnP-DnCNN,92,22.283237439183587,0.9146986524151131,0.33069488,offset,0.5
PnP-DnCNN,93,23.88476931089858,0.9539493583450632,0.15810244,offset,0.5
PnP-DnCNN,94,25.53795101780296,0.960568098890141,0.16272993,offset,0.5
PnP-DnCNN,95,21.734020748238642,0.9398402297053455,0.19157946,offset,0.5
PnP-DnCNN,96,23.963146759557567,0.9339537165043029,0.28609654,offset,0.5
PnP-DnCNN,97,24.381975158306297,0.9319718715942595,0.16491498,offset,0.5
PnP-DnCNN,98,24.09981648328302,0.9407378134648662,0.20147522,offset,0.5
PnP-DnCNN,99,23.963270450596422,0.9601904626720208,0.17254816,offset,0.5
PnP-DnCNN,100,20.496978584575402,0.9007391455806484,0.36838415,offset,0.5
PnP-DnCNN,101,23.16017572304571,0.9512321572165844,0.20979738,offset,0.5
PnP-DnCNN,102,21.022900201155178,0.8985364038173941,0.26273748,offset,0.5
PnP-DnCNN,103,25.1306734196691,0.949231813022913,0.16959731,offset,0.5
PnP-DnCNN,104,22.922497583681416,0.9401661880499075,0.23818325,offset,0.5
PnP-DnCNN,105,25.22175059134288,0.9664098385505933,0.19039862,offset,0.5
PnP-DnCNN,106,21.17193673170989,0.9369754255556864,0.2529077,offset,0.5
PnP-DnCNN,107,25.10621858123795,0.945553164128676,0.23051694,offset,0.5
PnP-DnCNN,108,23.680288287759584,0.9541907616205945,0.20963942,offset,0.5
PnP-DnCNN,109,24.708027030126885,0.9406740203315069,0.20142046,offset,0.5
PnP-DnCNN,110,22.96740680176648,0.918332539113962,0.20424096,offset,0.5
PnP-DnCNN,111,27.439673535046907,0.9599048127073887,0.1511802,offset,0.5
PnP-DnCNN,112,23.706456707701882,0.9306293201655889,0.23800574,offset,0.5
PnP-DnCNN,113,25.613389826474307,0.9667896337745604,0.16698799,offset,0.5
PnP-DnCNN,114,24.005442409312124,0.9330279006938303,0.22671628,offset,0.5
PnP-DnCNN,115,26.950484841375562,0.9592866869258486,0.16872537,offset,0.5
PnP-DnCNN,116,22.71923860707522,0.9179060419113183,0.29482913,offset,0.5
PnP-DnCNN,117,23.437055886026506,0.9442000251786768,0.20355268,offset,0.5
PnP-DnCNN,118,24.457402767051697,0.9504967744439101,0.2331081,offset,0.5
PnP-DnCNN,119,21.91072280407523,0.9197305057290172,0.22549495,offset,0.5
PnP-DnCNN,120,22.667609672726158,0.9416994602565677,0.18283574,offset,0.5
PnP-DnCNN,121,24.167063271729738,0.933307083446748,0.21573931,offset,0.5
PnP-DnCNN,122,28.44562634814869,0.9641570809397323,0.1607873,offset,0.5
PnP-DnCNN,123,22.874486472786238,0.9282817516845366,0.22610928,offset,0.5
PnP-DnCNN,124,24.46384151869197,0.9537031850662113,0.18186386,offset,0.5
PnP-DnCNN,125,23.764399802187267,0.9398118410228697,0.233826,offset,0.5
PnP-DnCNN,126,22.6393028790077,0.9521532739735832,0.2128909,offset,0.5
PnP-DnCNN,127,25.837353759289382,0.9661764403389506,0.15191454,offset,0.5
PnP-DnCNN,128,21.05383970573637,0.9147802525438553,0.21564971,offset,0.5
PnP-DnCNN,129,25.093229358401658,0.9590161740779877,0.18217541,offset,0.5
PnP-DnCNN,130,21.33860605199928,0.941968802778312,0.2190637,offset,0.5
PnP-DnCNN,131,23.682020348447814,0.9543438484230318,0.15646127,offset,0.5
PnP-DnCNN,132,21.79514155677304,0.9531015214348627,0.20096129,offset,0.5
PnP-DnCNN,133,23.06948988152202,0.94151163210492,0.18627906,offset,0.5
PnP-DnCNN,134,23.208721544077505,0.9346043283874093,0.19827561,offset,0.5
PnP-DnCNN,135,27.17975169627307,0.9709486325602393,0.15517783,offset,0.5
PnP-DnCNN,136,24.845832872048845,0.961266154038512,0.17530675,offset,0.5
PnP-DnCNN,137,22.94004314279716,0.9499281340332564,0.23573004,offset,0.5
PnP-DnCNN,138,21.503691379885627,0.9321535032642775,0.24387923,offset,0.5
PnP-DnCNN,139,21.460622829501727,0.9074109392740941,0.25590196,offset,0.5
PnP-DnCNN,140,20.44391124494944,0.8448697984091599,0.38838896,offset,0.5
PnP-DnCNN,141,22.47180793930965,0.9416908275736265,0.27368718,offset,0.5
PnP-DnCNN,142,22.378914972620187,0.9044694688386661,0.25108153,offset,0.5
PnP-DnCNN,143,26.426749642408254,0.9592637991424927,0.21824571,offset,0.5
PnP-DnCNN,144,23.79532776852451,0.9390350493086763,0.19910145,offset,0.5
PnP-DnCNN,145,26.055688395128374,0.9567389969737077,0.23049612,offset,0.5
PnP-DnCNN,146,22.635118424844368,0.9400025962982789,0.20137942,offset,0.5
PnP-DnCNN,147,23.356791169150696,0.9570453631237519,0.16466108,offset,0.5
PnP-DnCNN,148,24.97659958954893,0.9689149577016672,0.17905742,offset,0.5
PnP-DnCNN,149,22.27490269197828,0.9177441877151323,0.30425027,offset,0.5
PnP-DnCNN,150,23.77003894744191,0.9526093927912476,0.20720662,offset,0.5
PnP-DnCNN,151,20.30176294315156,0.9346828006269517,0.27125397,offset,0.5
PnP-DnCNN,152,23.26386429993965,0.9294628262027236,0.24093257,offset,0.5
PnP-DnCNN,153,22.974210918876214,0.9307564633074871,0.2551916,offset,0.5
PnP-DnCNN,154,27.389097123340406,0.9596940602275951,0.21027857,offset,0.5
PnP-DnCNN,155,23.169887009678472,0.9553667554739586,0.1919496,offset,0.5
PnP-DnCNN,156,25.02321050644445,0.9621348962926668,0.18734838,offset,0.5
PnP-DnCNN,157,23.16652493704261,0.9458951983323767,0.2191152,offset,0.5
PnP-DnCNN,158,25.717733773756333,0.956127528932469,0.16467196,offset,0.5
PnP-DnCNN,159,24.89711989492086,0.9430400993952082,0.2309361,offset,0.5
PnP-DnCNN,160,24.18255929002641,0.9581970593407134,0.18845598,offset,0.5
PnP-DnCNN,161,22.442011466138986,0.9390671561387453,0.23119977,offset,0.5
PnP-DnCNN,162,23.323850701985837,0.9568278566002846,0.17375152,offset,0.5
PnP-DnCNN,163,21.762288423230743,0.9039460809685844,0.22310689,offset,0.5
PnP-DnCNN,164,21.190167983420743,0.9176317632567784,0.284391,offset,0.5
PnP-DnCNN,165,23.264333363180377,0.9277310601073848,0.18862198,offset,0.5
PnP-DnCNN,166,21.413412760310425,0.9085269184275107,0.28776488,offset,0.5
PnP-DnCNN,167,23.665471206192038,0.9450451913020335,0.24320999,offset,0.5
PnP-DnCNN,168,28.04312949945424,0.966634074272203,0.16008013,offset,0.5
PnP-DnCNN,169,24.342866708676762,0.9290132298141964,0.21371838,offset,0.5
PnP-DnCNN,170,23.78800642385525,0.9207752562197279,0.24871276,offset,0.5
PnP-DnCNN,171,23.754433753121415,0.9531541777666935,0.1679436,offset,0.5
PnP-DnCNN,172,23.14623496612112,0.9592778112523812,0.18956119,offset,0.5
PnP-DnCNN,173,20.495488258111592,0.84699847672735,0.34523624,offset,0.5
PnP-DnCNN,174,24.2637578914802,0.9449628965298006,0.19478685,offset,0.5
PnP-DnCNN,175,23.919798394353098,0.9111621088602326,0.3805477,offset,0.5
PnP-DnCNN,176,27.116455012082934,0.9498971963285907,0.26192892,offset,0.5
PnP-DnCNN,177,25.052121283128702,0.9665930176323111,0.16756915,offset,0.5
PnP-DnCNN,178,27.545065990051107,0.9607874024505457,0.17407444,offset,0.5
PnP-DnCNN,179,24.114297484763178,0.9634200981394812,0.16492662,offset,0.5
PnP-DnCNN,180,25.692695941113442,0.9597297697520453,0.23013717,offset,0.5
PnP-DnCNN,181,22.876892722619687,0.9527463479475542,0.19656502,offset,0.5
PnP-DnCNN,182,24.94440045237027,0.9567115342625502,0.2054668,offset,0.5
PnP-DnCNN,183,22.651018244272016,0.9618981322966331,0.17979887,offset,0.5
PnP-DnCNN,184,22.72433844701299,0.9217004387231529,0.23232356,offset,0.5
PnP-DnCNN,185,23.940615823153898,0.9654311839460341,0.20705539,offset,0.5
PnP-DnCNN,186,23.514614527578924,0.938586029139432,0.15946546,offset,0.5
PnP-DnCNN,187,22.64695165453081,0.9278955120624097,0.21529245,offset,0.5
PnP-DnCNN,188,23.73882357005911,0.9586715658218408,0.15935306,offset,0.5
PnP-DnCNN,189,25.975112955166605,0.9513918873815497,0.2642329,offset,0.5
PnP-DnCNN,190,24.798321785682678,0.9559299394734635,0.18737268,offset,0.5
PnP-DnCNN,191,27.758653199425645,0.963330659861407,0.17546493,offset,0.5
PnP-DnCNN,192,23.59566594558784,0.9711405636111566,0.18661529,offset,0.5
PnP-DnCNN,193,20.767947574461324,0.9239472299198473,0.31660837,offset,0.5
PnP-DnCNN,194,23.09553896487771,0.9602124937309706,0.19590311,offset,0.5
PnP-DnCNN,195,21.217331498800913,0.8745021177398056,0.41688204,offset,0.5
PnP-DnCNN,196,25.375273366909777,0.9464470192112706,0.18380222,offset,0.5
PnP-DnCNN,197,23.53921507657669,0.9443172538452898,0.17637192,offset,0.5
PnP-DnCNN,198,22.81741527096816,0.934829385012142,0.2572769,offset,0.5
PnP-DnCNN,199,24.495789125944487,0.9390971911840202,0.14364608,offset,0.5
FBP,0,15.575200594823887,0.49485566958113747,0.6058314,offset,1.0
FBP,1,15.40402130166317,0.6047850762904489,0.48215675,offset,1.0
FBP,2,15.907924755863005,0.31663396978655334,0.8094221,offset,1.0
FBP,3,15.879790638090858,0.7014308580027702,0.3949064,offset,1.0
FBP,4,16.008176232160995,0.5759732880497189,0.5665658,offset,1.0
FBP,5,15.944666908573799,0.3491779597227059,0.6551307,offset,1.0
FBP,6,15.302292481058007,0.5522033128809725,0.58549607,offset,1.0
FBP,7,15.588966697016975,0.47185879896380717,0.55747354,offset,1.0
FBP,8,15.606467307134938,0.6614330069561588,0.45403907,offset,1.0
FBP,9,15.830687697608461,0.5969182567656269,0.4392618,offset,1.0
FBP,10,15.674069043075656,0.7093152879823427,0.46606943,offset,1.0
FBP,11,15.365258667829227,0.6570424095683066,0.51091707,offset,1.0
FBP,12,15.178406984157874,0.5041756560793988,0.5654897,offset,1.0
FBP,13,15.523386749509509,0.6781747374533409,0.4740214,offset,1.0
FBP,14,15.993404428492237,0.3774372698753422,0.58116245,offset,1.0
FBP,15,15.382773131771472,0.611894678809124,0.5788242,offset,1.0
FBP,16,15.154201631021678,0.5742366172012864,0.5632013,offset,1.0
FBP,17,16.342272639076672,0.5440334118037385,0.4883098,offset,1.0
FBP,18,16.05503182495377,0.7241432007991715,0.4042331,offset,1.0
FBP,19,16.089654831691295,0.4821335731817083,0.6223805,offset,1.0
FBP,20,15.867283225599301,0.5421620846209708,0.46321958,offset,1.0
FBP,21,15.675151219051774,0.5345578593031041,0.5395369,offset,1.0
FBP,22,15.093505264841573,0.5898873522203134,0.56225276,offset,1.0
FBP,23,15.86442126915851,0.553437485611261,0.55706614,offset,1.0
FBP,24,15.766074920884726,0.43473979934764023,0.7512406,offset,1.0
FBP,25,15.412561858860263,0.798495702873165,0.3450538,offset,1.0
FBP,26,15.272501777878496,0.41183655947141473,0.69953805,offset,1.0
FBP,27,15.74468187176345,0.5582785574943121,0.534251,offset,1.0
FBP,28,15.314048837375188,0.6855552717440806,0.4411191,offset,1.0
FBP,29,16.162236877480186,0.3442125699134935,0.66690207,offset,1.0
FBP,30,15.958128999003087,0.5609719878616901,0.48562974,offset,1.0
FBP,31,16.552101521504266,0.3300057699717918,0.70068955,offset,1.0
FBP,32,14.960197353640643,0.5666593251208566,0.53257346,offset,1.0
FBP,33,15.712059764646657,0.6207055409331512,0.51358694,offset,1.0
FBP,34,15.994533022336288,0.5884814638247166,0.4677729,offset,1.0
FBP,35,15.239615024984818,0.7225615927171938,0.49465886,offset,1.0
FBP,36,15.66956316023796,0.5506154992948392,0.5415185,offset,1.0
FBP,37,16.197670483780136,0.34670101306802875,0.63265634,offset,1.0
FBP,38,15.140707471279693,0.5034611361780881,0.6408835,offset,1.0
FBP,39,16.53997073452286,0.3950949048939496,0.52312154,offset,1.0
FBP,40,16.089772944122426,0.2592902069851214,0.95786047,offset,1.0
FBP,41,15.440228336786554,0.45977176563309896,0.64964825,offset,1.0
FBP,42,15.898289792400337,0.5639347692940496,0.49995047,offset,1.0
FBP,43,16.000787791396235,0.47344735223726103,0.62945426,offset,1.0
FBP,44,16.06325092457004,0.4673371105241995,0.5564278,offset,1.0
FBP,45,15.691678026944196,0.5677881642334472,0.5906421,offset,1.0
FBP,46,16.3086279876963,0.42836095016933873,0.5263419,offset,1.0
FBP,47,15.17638121314716,0.4603028436781755,0.7028768,offset,1.0
FBP,48,15.632250020488756,0.6427336784271732,0.3936145,offset,1.0
FBP,49,16.172307923526628,0.6151458436462303,0.48477757,offset,1.0
FBP,50,15.72891945690689,0.5070387301414236,0.56640726,offset,1.0
FBP,51,14.950717627935358,0.7150256058972926,0.43952587,offset,1.0
FBP,52,15.994905135904613,0.6202703590895923,0.5124099,offset,1.0
FBP,53,15.751747396420654,0.57812170604723,0.6534625,offset,1.0
FBP,54,15.092896610422471,0.6997818674253046,0.46365172,offset,1.0
FBP,55,15.253082141951928,0.6200463685685358,0.50062877,offset,1.0
FBP,56,16.090189098763716,0.6505022829001402,0.45101637,offset,1.0
FBP,57,15.308005112628882,0.2915060120728059,0.83055377,offset,1.0
FBP,58,15.622210609809029,0.5764876812985571,0.4970963,offset,1.0
FBP,59,15.870156958171657,0.39619771287281524,0.75238115,offset,1.0
FBP,60,15.853774389600293,0.5198788812497298,0.47298798,offset,1.0
FBP,61,15.548020299309396,0.6545978562263816,0.45074835,offset,1.0
FBP,62,16.035484803607797,0.44361919904039204,0.7007384,offset,1.0
FBP,63,15.121307141240552,0.535436331200551,0.5799494,offset,1.0
FBP,64,15.758668843388733,0.6687132032030823,0.4437199,offset,1.0
FBP,65,16.229173879340525,0.3953268693082712,0.6722147,offset,1.0
FBP,66,14.708983791042344,0.6124028519592354,0.59713775,offset,1.0
FBP,67,15.198728621887177,0.5615280913481294,0.5800269,offset,1.0
FBP,68,16.26468995636897,0.6451602240000088,0.38161457,offset,1.0
FBP,69,15.282617382274124,0.7076983632845636,0.49301603,offset,1.0
FBP,70,15.509254734261953,0.5272264262932653,0.5379219,offset,1.0
FBP,71,15.200005525221652,0.7760663974094772,0.40531093,offset,1.0
FBP,72,15.171017521584385,0.6398984419120247,0.5153891,offset,1.0
FBP,73,15.344913006059906,0.5323800927928595,0.47052696,offset,1.0
FBP,74,17.286862292139055,0.36697180523044737,0.5377894,offset,1.0
FBP,75,15.859090291618257,0.5311592415541369,0.51645035,offset,1.0
FBP,76,15.938395621744704,0.5042530347432937,0.592372,offset,1.0
FBP,77,15.611484589682549,0.5722459851034021,0.6193699,offset,1.0
FBP,78,16.292340062152697,0.4544563176917236,0.5209091,offset,1.0
FBP,79,15.85967220620892,0.6608791264545049,0.38364157,offset,1.0
FBP,80,16.00824284259727,0.4820443139851554,0.527082,offset,1.0
FBP,81,15.747365268389686,0.5803421790778809,0.4831686,offset,1.0
FBP,82,15.615725897249778,0.68134137820064,0.4287781,offset,1.0
FBP,83,15.161692736395086,0.4545996107032904,0.6384281,offset,1.0
FBP,84,15.155374899363249,0.630246755616941,0.5130125,offset,1.0
FBP,85,16.16278406257945,0.6791910557304837,0.38541326,offset,1.0
FBP,86,16.525549223821663,0.5358427605705484,0.44098693,offset,1.0
FBP,87,15.755102194560083,0.6124518419185861,0.4780782,offset,1.0
FBP,88,15.866827798148307,0.6130551287453032,0.47098395,offset,1.0
FBP,89,15.757655967977733,0.38438102950999,0.601039,offset,1.0
FBP,90,15.79311654729893,0.6172017364653645,0.49815163,offset,1.0
FBP,91,15.000669850633505,0.4915424741450483,0.59191763,offset,1.0
FBP,92,15.120339102862408,0.4087834462282572,0.7543491,offset,1.0
FBP,93,15.748990912369365,0.6064002354894399,0.4033922,offset,1.0
FBP,94,16.157571993636036,0.43483767447745897,0.47916645,offset,1.0
FBP,95,14.948878916151404,0.6623978277672025,0.41841385,offset,1.0
FBP,96,16.01869201284307,0.33583841937990266,0.714061,offset,1.0
FBP,97,16.194986629253926,0.5949129122940772,0.4232622,offset,1.0
FBP,98,15.630776805219707,0.572749238378695,0.53416276,offset,1.0
FBP,99,15.760993300094121,0.6124171010910799,0.44363335,offset,1.0
FBP,100,15.225171322674322,0.5258867889532073,0.6759139,offset,1.0
FBP,101,15.352388780407843,0.6746716191699472,0.51545334,offset,1.0
FBP,102,15.421235290427823,0.6501442303006492,0.50073195,offset,1.0
FBP,103,15.43237819515973,0.5978875660265891,0.51800466,offset,1.0
FBP,104,15.669634719608814,0.5840649380886683,0.5489772,offset,1.0
FBP,105,16.237710827475652,0.5507392672821759,0.5356311,offset,1.0
FBP,106,15.005916352456463,0.7163521928913806,0.5143551,offset,1.0
FBP,107,16.28438297155226,0.3780860010216307,0.6364944,offset,1.0
FBP,108,15.499940711346465,0.48971611953606015,0.5376385,offset,1.0
FBP,109,15.67448676246958,0.5378122622950444,0.5698763,offset,1.0
FBP,110,15.7412476735824,0.5948534026383716,0.4693003,offset,1.0
FBP,111,16.855572674833354,0.4372981101645384,0.5113284,offset,1.0
FBP,112,15.821791019599573,0.46671810454908086,0.5899575,offset,1.0
FBP,113,16.05643772071462,0.5168372331435354,0.5018025,offset,1.0
FBP,114,15.751210126781405,0.4658829533892601,0.5864005,offset,1.0
FBP,115,15.971470975956748,0.4643837767547335,0.59721553,offset,1.0
FBP,116,15.477723062541012,0.41206005373809723,0.6786505,offset,1.0
FBP,117,16.23928071343815,0.6004556066453772,0.46619284,offset,1.0
FBP,118,15.763115749845173,0.475392793911979,0.63426644,offset,1.0
FBP,119,15.361802556856645,0.6480066857505388,0.4792729,offset,1.0
FBP,120,15.254921902885396,0.7139434811507264,0.42923537,offset,1.0
FBP,121,16.293462469466476,0.5647376406281077,0.53408366,offset,1.0
FBP,122,16.884508248129283,0.4070895276103825,0.6085659,offset,1.0
FBP,123,15.747176923416816,0.5904514830561777,0.51366967,offset,1.0
FBP,124,16.083399646590546,0.5315102960451117,0.47727478,offset,1.0
FBP,125,15.45990681023053,0.47999921783532257,0.6082995,offset,1.0
FBP,126,15.569022446274303,0.7279865753867958,0.4804753,offset,1.0
FBP,127,15.995168214969988,0.5955895600692646,0.4717464,offset,1.0
FBP,128,14.76827843351199,0.638285031145973,0.44465885,offset,1.0
FBP,129,15.872587241775694,0.582398854708726,0.5266498,offset,1.0
FBP,130,15.444007709746577,0.627024233012897,0.4318176,offset,1.0
FBP,131,15.304158979880336,0.6762263705733993,0.4104875,offset,1.0
FBP,132,15.570423182947541,0.7044174570520745,0.41147962,offset,1.0
FBP,133,15.724121175640777,0.65562772558216,0.43394276,offset,1.0
FBP,134,15.379291634935427,0.5835363004987827,0.4883608,offset,1.0
FBP,135,16.391399221747275,0.38783365343224735,0.53733766,offset,1.0
FBP,136,15.613189825399079,0.6284525480819746,0.5074939,offset,1.0
FBP,137,15.730409698702665,0.40746895378878967,0.5406256,offset,1.0
FBP,138,15.090487510403106,0.5859968273046937,0.5103111,offset,1.0
FBP,139,15.398713534690652,0.5676595812257786,0.51424384,offset,1.0
FBP,140,15.234806685152712,0.42116127394438985,0.70749295,offset,1.0
FBP,141,15.336577042731701,0.438302761638925,0.6223233,offset,1.0
FBP,142,15.509200946870145,0.6050022133057917,0.55373305,offset,1.0
FBP,143,16.591704868462564,0.3291641245437062,0.6771704,offset,1.0
FBP,144,15.231370023664626,0.5379102209101629,0.5336694,offset,1.0
FBP,145,15.783899658798195,0.3098510114818776,0.752061,offset,1.0
FBP,146,15.446647796632755,0.6026712820665215,0.4607216,offset,1.0
FBP,147,15.856682727734405,0.744751968527716,0.3904778,offset,1.0
FBP,148,16.038369934709987,0.6323139340014722,0.5010762,offset,1.0
FBP,149,15.36513966234348,0.48713120380071356,0.674092,offset,1.0
FBP,150,15.139201277860483,0.5457151522670817,0.5596874,offset,1.0
FBP,151,15.276556736720154,0.6814763377945435,0.48376715,offset,1.0
FBP,152,16.22293685424879,0.5432163576061755,0.54192835,offset,1.0
FBP,153,15.711697433875042,0.5752937734596194,0.5888328,offset,1.0
FBP,154,15.949179920443548,0.300832342150612,0.7848576,offset,1.0
FBP,155,15.527332837517452,0.6424632988959019,0.46271643,offset,1.0
FBP,156,16.11044638924678,0.5220438357326442,0.52274287,offset,1.0
FBP,157,15.481380647827194,0.6009715162238664,0.5307985,offset,1.0
FBP,158,15.721314279883023,0.5781874454482593,0.5205238,offset,1.0
FBP,159,16.288667184173956,0.44295670639456314,0.6221777,offset,1.0
FBP,160,15.350266650798542,0.5359877190658303,0.52098423,offset,1.0
FBP,161,15.339361415389199,0.6243797703221592,0.52374506,offset,1.0
FBP,162,15.658661577557357,0.6981779102072233,0.41994077,offset,1.0
FBP,163,15.53109976365395,0.6210730456267743,0.4571644,offset,1.0
FBP,164,15.099065815077772,0.5178309651489167,0.57341754,offset,1.0
FBP,165,15.489881552629242,0.7026358838739717,0.4616522,offset,1.0
FBP,166,14.736563606572046,0.5239352789913855,0.62069786,offset,1.0
FBP,167,16.106236071942742,0.4981337502776873,0.5806885,offset,1.0
FBP,168,16.477410796892272,0.3725331127868779,0.6062104,offset,1.0
FBP,169,16.540263531590444,0.5202070275355397,0.52477366,offset,1.0
FBP,170,15.830043761932373,0.45898254022116713,0.621722,offset,1.0
FBP,171,15.760953205289557,0.5886871013106069,0.4215387,offset,1.0
FBP,172,14.972257246215989,0.6968333377588968,0.48578966,offset,1.0
FBP,173,15.498257744472868,0.5996167448126568,0.6137308,offset,1.0
FBP,174,15.479212772359297,0.5517145266900972,0.5355338,offset,1.0
FBP,175,16.556145561212425,0.310040387328717,0.8883656,offset,1.0
FBP,176,16.22022597061504,0.2765653633662826,0.91832185,offset,1.0
FBP,177,15.65138156653279,0.5663669221464585,0.49457368,offset,1.0
FBP,178,16.281855426153882,0.3469447770160416,0.63664234,offset,1.0
FBP,179,16.213793467530238,0.6240135952292736,0.40955848,offset,1.0
FBP,180,16.934409445610417,0.33739243862612417,0.6308136,offset,1.0
FBP,181,15.637556050892998,0.6067391079219712,0.45234844,offset,1.0
FBP,182,16.30111821436635,0.4769945198016757,0.5557836,offset,1.0
FBP,183,15.178353062028705,0.755180594978194,0.42503062,offset,1.0
FBP,184,15.6070597879276,0.5633441071356873,0.5271779,offset,1.0
FBP,185,15.31167954802662,0.536896735651921,0.5591565,offset,1.0
FBP,186,15.234197468590697,0.6690598185991239,0.41370186,offset,1.0
FBP,187,15.822402577817034,0.6743192079557349,0.47234163,offset,1.0
FBP,188,15.065828279025533,0.7145989314305538,0.43252397,offset,1.0
FBP,189,15.536676489522618,0.28502635146071026,0.87883776,offset,1.0
FBP,190,16.22795414904447,0.4272534897378242,0.5026025,offset,1.0
FBP,191,16.23421082990488,0.36241695705011956,0.66132116,offset,1.0
FBP,192,15.030795253509591,0.662752409267717,0.5002542,offset,1.0
FBP,193,15.919587891858644,0.5258557367748783,0.5532742,offset,1.0
FBP,194,15.355487555099911,0.6864467028122923,0.4775776,offset,1.0
FBP,195,16.05064761270159,0.38600798955682447,0.75569636,offset,1.0
FBP,196,15.742769718384924,0.3782706481072013,0.5571549,offset,1.0
FBP,197,15.587614347018112,0.5451319330509738,0.4405645,offset,1.0
FBP,198,15.617533841702539,0.4737272641924234,0.5893792,offset,1.0
FBP,199,15.781543859996672,0.6550810431501966,0.39174733,offset,1.0
Tikhonov,0,17.12011738519156,0.49392132724977816,0.5071144,offset,1.0
Tikhonov,1,16.32172584741417,0.5982769199727346,0.43381345,offset,1.0
Tikhonov,2,18.86761109462326,0.33492680594338536,0.5756927,offset,1.0
Tikhonov,3,16.41128001032608,0.691964773617325,0.37146655,offset,1.0
Tikhonov,4,17.506423937151766,0.587348291227567,0.4768019,offset,1.0
Tikhonov,5,18.315540905159256,0.3590095721676846,0.49863666,offset,1.0
Tikhonov,6,16.53511505743285,0.5533129168252946,0.50802237,offset,1.0
Tikhonov,7,17.30529890434646,0.4853549880857872,0.4575174,offset,1.0
Tikhonov,8,16.95907794713429,0.6680139141380479,0.38856408,offset,1.0
Tikhonov,9,16.613467524527962,0.5931707285719824,0.40140653,offset,1.0
Tikhonov,10,16.118998502640785,0.6896184305525731,0.4427965,offset,1.0
Tikhonov,11,16.031306310387144,0.6292890135233948,0.4732036,offset,1.0
Tikhonov,12,16.67389519980903,0.5085230186872169,0.47604752,offset,1.0
Tikhonov,13,16.10840097504978,0.6665498872107416,0.4431464,offset,1.0
Tikhonov,14,18.252463487963094,0.38465088588322227,0.4480687,offset,1.0
Tikhonov,15,16.477415954770017,0.6161641019561486,0.51028705,offset,1.0
Tikhonov,16,16.709863005331638,0.5819056577651477,0.47084785,offset,1.0
Tikhonov,17,17.157066243856814,0.5403403144975362,0.44458598,offset,1.0
Tikhonov,18,16.27774257381444,0.7002110222714361,0.3940001,offset,1.0
Tikhonov,19,17.794658395303255,0.4878744225653681,0.5114531,offset,1.0
Tikhonov,20,17.311261184096892,0.5576809900437582,0.39227265,offset,1.0
Tikhonov,21,17.2459835165741,0.5367096990851055,0.45027673,offset,1.0
Tikhonov,22,16.43637334778657,0.5941421728814983,0.48171282,offset,1.0
Tikhonov,23,16.837560296190702,0.5449279184714884,0.49802348,offset,1.0
Tikhonov,24,17.614648861557903,0.4416026529564507,0.607226,offset,1.0
Tikhonov,25,15.96862180291247,0.7914322658729632,0.3236561,offset,1.0
Tikhonov,26,16.827004208705493,0.4060637742333395,0.58490616,offset,1.0
Tikhonov,27,17.122857497456284,0.5656413467574964,0.45586532,offset,1.0
Tikhonov,28,16.23699475442563,0.6820856501104903,0.39665103,offset,1.0
Tikhonov,29,18.63432183123817,0.35263696851204956,0.5017159,offset,1.0
Tikhonov,30,17.293548964831487,0.5751962690180733,0.4164226,offset,1.0
Tikhonov,31,18.98618923023522,0.337755381653551,0.5294455,offset,1.0
Tikhonov,32,16.33754986930909,0.576988624862476,0.45447695,offset,1.0
Tikhonov,33,16.817371418531863,0.6241755071916321,0.45221856,offset,1.0
Tikhonov,34,16.781278067868456,0.5846429384142268,0.4272655,offset,1.0
Tikhonov,35,16.107758037951875,0.7191316532043255,0.44760883,offset,1.0
Tikhonov,36,16.75736217531202,0.552568447017515,0.47777498,offset,1.0
Tikhonov,37,18.401893121970833,0.34623926745949907,0.490859,offset,1.0
Tikhonov,38,16.277115014106293,0.4973899363121595,0.56228787,offset,1.0
Tikhonov,39,18.31464530337704,0.40280520408423925,0.42645073,offset,1.0
Tikhonov,40,18.90803479401737,0.25878824455921406,0.6924512,offset,1.0
Tikhonov,41,17.135445909369473,0.4712033326160798,0.5344627,offset,1.0
Tikhonov,42,17.282474901430042,0.5694878904855125,0.4263023,offset,1.0
Tikhonov,43,17.588716543487468,0.4713695242439112,0.5242854,offset,1.0
Tikhonov,44,17.74165428657579,0.4754644373854168,0.45865768,offset,1.0
Tikhonov,45,16.77740709783223,0.5472179719019384,0.5212402,offset,1.0
Tikhonov,46,18.221785380731788,0.43743567346173823,0.42228928,offset,1.0
Tikhonov,47,16.50648119389653,0.45414303821869473,0.603079,offset,1.0
Tikhonov,48,16.64359969808009,0.6564904943413788,0.3503512,offset,1.0
Tikhonov,49,17.150626643943944,0.6186657242497625,0.4331383,offset,1.0
Tikhonov,50,17.361604930656597,0.5218817671459777,0.46934754,offset,1.0
Tikhonov,51,15.69722418691182,0.7024077022446258,0.40332866,offset,1.0
Tikhonov,52,16.747881474204053,0.6033605608491666,0.4698603,offset,1.0
Tikhonov,53,16.891943518939886,0.570990632647025,0.57307416,offset,1.0
Tikhonov,54,15.738081146180017,0.6843217474115967,0.43045983,offset,1.0
Tikhonov,55,16.157486877541665,0.6003688028287181,0.4511236,offset,1.0
Tikhonov,56,17.484046541903993,0.6645909740679997,0.38414875,offset,1.0
Tikhonov,57,17.98711757666876,0.30098697440559236,0.61011565,offset,1.0
Tikhonov,58,17.1620682131343,0.5902292833221915,0.41633955,offset,1.0
Tikhonov,59,17.908126587328383,0.40290977275008644,0.5950307,offset,1.0
Tikhonov,60,17.049838562578373,0.5233351010223081,0.412142,offset,1.0
Tikhonov,61,16.35861785000696,0.6467397869973489,0.41058615,offset,1.0
Tikhonov,62,17.858373031938143,0.4409489640706288,0.5680826,offset,1.0
Tikhonov,63,16.839507178551905,0.5454226570018214,0.47586104,offset,1.0
Tikhonov,64,16.433953446548614,0.6567482954657959,0.4105298,offset,1.0
Tikhonov,65,18.258549915431136,0.39998723483934984,0.5321562,offset,1.0
Tikhonov,66,16.117436052239103,0.609795994999143,0.5077523,offset,1.0
Tikhonov,67,16.95864187660483,0.5728231760156571,0.47364444,offset,1.0
Tikhonov,68,17.01968685574377,0.6442319345463275,0.34984452,offset,1.0
Tikhonov,69,16.18934381517413,0.7060721246849154,0.44414493,offset,1.0
Tikhonov,70,17.021075199877387,0.5363492168253288,0.45198935,offset,1.0
Tikhonov,71,16.15032443476011,0.779618998929812,0.3633058,offset,1.0
Tikhonov,72,16.118859800037107,0.6428714190039222,0.46210763,offset,1.0
Tikhonov,73,16.67995340745742,0.5403736296861744,0.40348974,offset,1.0
Tikhonov,74,19.112182709866033,0.3776138290909142,0.4358592,offset,1.0
Tikhonov,75,16.924389349362695,0.5312431304583765,0.45683947,offset,1.0
Tikhonov,76,16.87276326456158,0.497262091669331,0.5319565,offset,1.0
Tikhonov,77,17.169202858024867,0.579111916633623,0.5176834,offset,1.0
Tikhonov,78,17.678330642148744,0.45369615447890277,0.44408125,offset,1.0
Tikhonov,79,16.82499376612139,0.6661937351421306,0.34328878,offset,1.0
Tikhonov,80,17.452943101842923,0.4871862124255281,0.44631675,offset,1.0
Tikhonov,81,16.650173070071936,0.571548097912455,0.43547007,offset,1.0
Tikhonov,82,16.29346198369564,0.6779701635140487,0.39659372,offset,1.0
Tikhonov,83,17.331068916875036,0.4761951361996437,0.49732828,offset,1.0
Tikhonov,84,15.86581793672585,0.6132619834085542,0.47272193,offset,1.0
Tikhonov,85,16.958321877890135,0.6816610810883278,0.35168168,offset,1.0
Tikhonov,86,17.76361410929858,0.5439896231119363,0.38240406,offset,1.0
Tikhonov,87,16.725331928167442,0.6114934333508704,0.42755055,offset,1.0
Tikhonov,88,16.742732032653215,0.6107923342752047,0.4258051,offset,1.0
Tikhonov,89,17.93767885791347,0.3964787003548608,0.46762908,offset,1.0
Tikhonov,90,16.775435556732354,0.615432481740867,0.4448828,offset,1.0
Tikhonov,91,16.651577119194215,0.5013408818696375,0.48945853,offset,1.0
Tikhonov,92,16.887706769276733,0.4079062101500463,0.61546594,offset,1.0
Tikhonov,93,17.125918347587806,0.6196311575039252,0.3442557,offset,1.0
Tikhonov,94,17.701275117516243,0.43904066248508244,0.4011449,offset,1.0
Tikhonov,95,16.450032645363493,0.6792167623493583,0.35200465,offset,1.0
Tikhonov,96,18.657055214432155,0.35448450641706586,0.52700794,offset,1.0
Tikhonov,97,17.27348569323969,0.5912132479860409,0.37383896,offset,1.0
Tikhonov,98,16.61377003336667,0.5668542660721808,0.4770061,offset,1.0
Tikhonov,99,16.5419438105149,0.6120604551753245,0.4054867,offset,1.0
Tikhonov,100,16.383550558381042,0.5026666014739082,0.591524,offset,1.0
Tikhonov,101,16.335937330407234,0.662947751950157,0.46026924,offset,1.0
Tikhonov,102,16.164373177309436,0.6425188688161082,0.45967236,offset,1.0
Tikhonov,103,17.294236018770853,0.6169270279645065,0.41806212,offset,1.0
Tikhonov,104,16.918777563795697,0.5856423873306649,0.47544163,offset,1.0
Tikhonov,105,17.193739102760887,0.5447448497558252,0.47980458,offset,1.0
Tikhonov,106,15.887263928674626,0.7060898822993964,0.46472463,offset,1.0
Tikhonov,107,18.83769676617138,0.403194815126317,0.4743828,offset,1.0
Tikhonov,108,17.390539600056265,0.5050712460743394,0.43247437,offset,1.0
Tikhonov,109,16.493786937143923,0.5205278143292478,0.51857984,offset,1.0
Tikhonov,110,16.636346471812217,0.5858023387316446,0.4233464,offset,1.0
Tikhonov,111,18.37519068225417,0.4403068859107053,0.4292586,offset,1.0
Tikhonov,112,17.32595632923933,0.46958349721553383,0.4961494,offset,1.0
Tikhonov,113,17.395290696113683,0.5198695274192093,0.43012053,offset,1.0
Tikhonov,114,17.495286734165138,0.4750296955284555,0.47972292,offset,1.0
Tikhonov,115,17.506335250929766,0.4591649771511193,0.5004813,offset,1.0
Tikhonov,116,17.60810137581184,0.4245671245701465,0.53104,offset,1.0
Tikhonov,117,17.14923495823968,0.5951526118023899,0.41982463,offset,1.0
Tikhonov,118,17.499197134208536,0.4819050586306392,0.519359,offset,1.0
Tikhonov,119,16.42666569214554,0.6485725907673328,0.42397445,offset,1.0
Tikhonov,120,16.377160301125727,0.7257815935766355,0.37721032,offset,1.0
Tikhonov,121,17.55360852761601,0.5540682635739569,0.46195745,offset,1.0
Tikhonov,122,18.77744752049828,0.41890798852065086,0.48939636,offset,1.0
Tikhonov,123,16.57550371918567,0.5793024373018522,0.46694693,offset,1.0
Tikhonov,124,16.959190865238313,0.5259121932716625,0.43149814,offset,1.0
Tikhonov,125,17.128539103275855,0.4820022037457713,0.50197935,offset,1.0
Tikhonov,126,16.273125247600618,0.7055583270940129,0.44306347,offset,1.0
Tikhonov,127,16.838554129532138,0.5971256397368218,0.42809418,offset,1.0
Tikhonov,128,15.90855159671435,0.6413843154347759,0.3899539,offset,1.0
Tikhonov,129,16.833839941822912,0.5780669706495968,0.47147566,offset,1.0
Tikhonov,130,16.73119898664815,0.638208739033781,0.37234095,offset,1.0
Tikhonov,131,16.391919687068878,0.6735382904216825,0.3621695,offset,1.0
Tikhonov,132,16.098367759813677,0.6978794101530432,0.38721403,offset,1.0
Tikhonov,133,16.933436121815465,0.664524092043852,0.37754327,offset,1.0
Tikhonov,134,16.094360818106722,0.5657023191627611,0.44976676,offset,1.0
Tikhonov,135,18.447723491866988,0.39280683339971756,0.42406368,offset,1.0
Tikhonov,136,16.62540897567987,0.6194732103892218,0.45166856,offset,1.0
Tikhonov,137,17.442752913866787,0.4200036254437729,0.44389415,offset,1.0
Tikhonov,138,16.101526169446572,0.5771069124517558,0.4542376,offset,1.0
Tikhonov,139,16.489977963462074,0.568741014578321,0.45352983,offset,1.0
Tikhonov,140,16.92442304303257,0.4256181823564039,0.5824267,offset,1.0
Tikhonov,141,16.88626813596403,0.43946192649309523,0.5206327,offset,1.0
Tikhonov,142,16.370352016886393,0.6014093794722364,0.50146765,offset,1.0
Tikhonov,143,18.978698220878254,0.34157252088713475,0.51445603,offset,1.0
Tikhonov,144,16.543193438234862,0.5459737465437886,0.45886096,offset,1.0
Tikhonov,145,18.380894360241914,0.31979118606791457,0.5577035,offset,1.0
Tikhonov,146,16.383656389927143,0.5975331739199728,0.4136073,offset,1.0
Tikhonov,147,16.219090621998117,0.7260137780060537,0.37452084,offset,1.0
Tikhonov,148,16.857664897191963,0.6186125257607138,0.45597294,offset,1.0
Tikhonov,149,16.91604406055471,0.4974970124938048,0.56386346,offset,1.0
Tikhonov,150,16.966333352320163,0.563944767901774,0.45351216,offset,1.0
Tikhonov,151,15.788234981705864,0.658547127862078,0.45609206,offset,1.0
Tikhonov,152,17.090383080558965,0.5258005327121297,0.49042156,offset,1.0
Tikhonov,153,16.94909503310725,0.5641359619364289,0.51064855,offset,1.0
Tikhonov,154,18.66566935467867,0.3065249298120491,0.57407206,offset,1.0
Tikhonov,155,16.778314022005524,0.6543699518807736,0.40065068,offset,1.0
Tikhonov,156,17.221725855191355,0.5183796308855796,0.45996436,offset,1.0
Tikhonov,157,16.552333699102938,0.5902794308682388,0.46922597,offset,1.0
Tikhonov,158,17.352868507838714,0.5920466030312871,0.43138286,offset,1.0
Tikhonov,159,17.803260358645666,0.43952682314725394,0.52261853,offset,1.0
Tikhonov,160,16.78044423667078,0.5428636146989297,0.44189152,offset,1.0
Tikhonov,161,16.26149351486798,0.6131661904712153,0.4709918,offset,1.0
Tikhonov,162,16.260480276093688,0.6904646963437188,0.3918295,offset,1.0
Tikhonov,163,16.823125709195427,0.6353998160981169,0.3939772,offset,1.0
Tikhonov,164,16.53968777498769,0.519471970830817,0.48578027,offset,1.0
Tikhonov,165,16.518832311932382,0.6963081318971197,0.41007885,offset,1.0
Tikhonov,166,16.20079251657789,0.5336996043891807,0.5244074,offset,1.0
Tikhonov,167,17.32620330335274,0.49645561794173126,0.5045972,offset,1.0
Tikhonov,168,19.063586720597442,0.3811305249675104,0.45010582,offset,1.0
Tikhonov,169,18.067314602230443,0.5310992709308582,0.440169,offset,1.0
Tikhonov,170,17.784722757836278,0.4749580077649708,0.4964349,offset,1.0
Tikhonov,171,17.084773389877544,0.6059447206277304,0.36194822,offset,1.0
Tikhonov,172,15.57217285410643,0.6843605996946581,0.4533697,offset,1.0
Tikhonov,173,16.42339260618237,0.5865152770704359,0.5517231,offset,1.0
Tikhonov,174,16.889348746417646,0.5552935233307917,0.45528156,offset,1.0
Tikhonov,175,19.254344813342897,0.33617459626941487,0.6511511,offset,1.0
Tikhonov,176,19.699971648546782,0.2985450236173924,0.61518764,offset,1.0
Tikhonov,177,16.623895067059347,0.5533363458052016,0.4421864,offset,1.0
Tikhonov,178,18.525261450530117,0.34986652249940825,0.49172834,offset,1.0
Tikhonov,179,16.413422964479423,0.6037633983766629,0.40025288,offset,1.0
Tikhonov,180,19.028734359885085,0.3419079049235433,0.49566108,offset,1.0
Tikhonov,181,16.352708121760372,0.5948774119938169,0.41659638,offset,1.0
Tikhonov,182,17.83817567829344,0.4869676813086849,0.46564284,offset,1.0
Tikhonov,183,15.361815709507617,0.7316014626383789,0.4161473,offset,1.0
Tikhonov,184,17.190071994191904,0.5736155806326746,0.43934593,offset,1.0
Tikhonov,185,16.589252954853087,0.5355692703114757,0.4826749,offset,1.0
Tikhonov,186,16.301187253872975,0.6732288840114262,0.36587942,offset,1.0
Tikhonov,187,16.3068475354473,0.6570933704506914,0.44671857,offset,1.0
Tikhonov,188,15.990480815739922,0.7150964999996214,0.38884592,offset,1.0
Tikhonov,189,18.504113623518744,0.2951868689647387,0.6245064,offset,1.0
Tikhonov,190,18.04948518411362,0.44453224464976765,0.40751925,offset,1.0
Tikhonov,191,18.61611817889288,0.372104860205311,0.50270945,offset,1.0
Tikhonov,192,15.988485084908643,0.6481843471146104,0.4480291,offset,1.0
Tikhonov,193,16.903000759705932,0.5132737067890785,0.49404866,offset,1.0
Tikhonov,194,15.94585470399891,0.6698084100109163,0.4461959,offset,1.0
Tikhonov,195,17.633058275340364,0.38292430842719577,0.62983507,offset,1.0
Tikhonov,196,17.788987949158628,0.3890106829855262,0.4402152,offset,1.0
Tikhonov,197,16.57386992505608,0.5493220669912051,0.39327532,offset,1.0
Tikhonov,198,17.038548353728945,0.4776004775603348,0.5004309,offset,1.0
Tikhonov,199,16.90697050213062,0.6708456188149765,0.34413964,offset,1.0
TV,0,19.504404935537515,0.5894004255364849,0.3853821,offset,1.0
TV,1,19.838111283461195,0.7043830022843139,0.28939015,offset,1.0
TV,2,19.578802962743367,0.39819744969083165,0.5304337,offset,1.0
TV,3,19.37522947691552,0.7965117482110581,0.2640719,offset,1.0
TV,4,19.942050143563826,0.6895899648695399,0.36021075,offset,1.0
TV,5,20.869470439753957,0.469277224865692,0.37161025,offset,1.0
TV,6,18.62255966272362,0.6608325026377128,0.39949432,offset,1.0
TV,7,19.667490070609524,0.5856183196739332,0.3485765,offset,1.0
TV,8,19.8893855636859,0.7664432738847985,0.27729836,offset,1.0
TV,9,19.465600348156002,0.7129466391047309,0.2890532,offset,1.0
TV,10,18.909462173351137,0.8055650262818248,0.32113007,offset,1.0
TV,11,18.09084006726951,0.736840501030299,0.37331146,offset,1.0
TV,12,18.776876192046842,0.6075800272562996,0.3736812,offset,1.0
TV,13,18.360956313912748,0.774436940513128,0.34191605,offset,1.0
TV,14,21.670025072593916,0.4679658947876185,0.30231977,offset,1.0
TV,15,18.659355430194317,0.7384942793191126,0.39693335,offset,1.0
TV,16,18.721860795179797,0.6921692310547656,0.3734915,offset,1.0
TV,17,20.350816956427202,0.6564939087761897,0.30779976,offset,1.0
TV,18,18.490048463206787,0.7954859334344336,0.30540842,offset,1.0
TV,19,20.214286302417726,0.6203896944376944,0.3871011,offset,1.0
TV,20,19.803410348758085,0.6577796452257336,0.294429,offset,1.0
TV,21,19.980664601671354,0.635418540582615,0.32865897,offset,1.0
TV,22,18.171526069240706,0.7206797504861077,0.3944851,offset,1.0
TV,23,18.783886652461497,0.6528250087872302,0.3980462,offset,1.0
TV,24,18.804379098757735,0.542245297988565,0.5294974,offset,1.0
TV,25,18.78296696361554,0.8779274885704326,0.2340812,offset,1.0
TV,26,18.787353765181635,0.5005144282529893,0.4667333,offset,1.0
TV,27,19.417108771052906,0.6940714966357601,0.3500451,offset,1.0
TV,28,18.879485903202756,0.7923200593920702,0.29260653,offset,1.0
TV,29,21.889875993368562,0.43737355989119236,0.3448896,offset,1.0
TV,30,20.36587490108191,0.6825826203533302,0.29236004,offset,1.0
TV,31,21.64859963030839,0.43763548485484466,0.3896734,offset,1.0
TV,32,18.975012663577733,0.7025035970136215,0.33545846,offset,1.0
TV,33,19.1151153008924,0.7425186121643883,0.34710526,offset,1.0
TV,34,20.20267148446948,0.6954157922290889,0.28815633,offset,1.0
TV,35,18.75337486592237,0.8388346078014771,0.33007893,offset,1.0
TV,36,19.270445338151287,0.662608270342404,0.35774142,offset,1.0
TV,37,21.691728646668782,0.46072792651685923,0.33609727,offset,1.0
TV,38,17.8144428497836,0.611256108647174,0.47107747,offset,1.0
TV,39,21.441096654105294,0.511655696782703,0.29754063,offset,1.0
TV,40,21.247092126570717,0.4057231981062892,0.5289764,offset,1.0
TV,41,18.59172414486149,0.5569355743141048,0.4519636,offset,1.0
TV,42,19.838134790727754,0.6721136454210909,0.31763965,offset,1.0
TV,43,19.721825060200615,0.565006936790156,0.41012132,offset,1.0
TV,44,20.912819197299434,0.5904432945665403,0.31836873,offset,1.0
TV,45,18.744117638614853,0.6619373871276178,0.4156257,offset,1.0
TV,46,21.2506236601897,0.5508630714102163,0.29796696,offset,1.0
TV,47,17.513589894553498,0.5488903668943854,0.53705496,offset,1.0
TV,48,19.85441236797764,0.7544785584255761,0.24208225,offset,1.0
TV,49,19.504386206515253,0.7276921208898829,0.33032286,offset,1.0
TV,50,19.48108361772239,0.6276045790485016,0.3677228,offset,1.0
TV,51,18.313201964850098,0.8216187816982982,0.29844218,offset,1.0
TV,52,19.207071874692183,0.7218561570438141,0.35400483,offset,1.0
TV,53,18.460691145544356,0.6956892376967652,0.4783805,offset,1.0
TV,54,18.007305370725582,0.7891840719991202,0.33149076,offset,1.0
TV,55,19.05949769589234,0.7147703929631085,0.3229944,offset,1.0
TV,56,21.095621661135652,0.7812515629536264,0.25346655,offset,1.0
TV,57,19.674132954743524,0.3886909714384266,0.5024136,offset,1.0
TV,58,19.41604706081479,0.7000688825847489,0.32118016,offset,1.0
TV,59,18.83152140381294,0.49481717102212275,0.5350196,offset,1.0
TV,60,20.129109778471054,0.6505312807451499,0.28912345,offset,1.0
TV,61,19.086175229913287,0.749497406286657,0.2999345,offset,1.0
TV,62,19.666490537740376,0.5370290541091995,0.46132353,offset,1.0
TV,63,19.60791753894133,0.6498125601475212,0.34598687,offset,1.0
TV,64,19.033749052742273,0.7596936030298941,0.30433708,offset,1.0
TV,65,20.31002429821544,0.5218662013153522,0.4202091,offset,1.0
TV,66,17.801729701258797,0.7103262686118683,0.41825122,offset,1.0
TV,67,19.110333446034446,0.6838578908696524,0.3697157,offset,1.0
TV,68,20.0393650068159,0.7531588024128814,0.2471105,offset,1.0
TV,69,18.755949976194692,0.8094682685798996,0.33051747,offset,1.0
TV,70,19.97457130338997,0.6598767166262616,0.32170174,offset,1.0
TV,71,19.33521332870225,0.882761919838742,0.25178388,offset,1.0
TV,72,18.38268195722686,0.7469128911582607,0.35608366,offset,1.0
TV,73,19.11294031734705,0.6535720573911398,0.30491805,offset,1.0
TV,74,22.611601253535113,0.5264771878180549,0.29132336,offset,1.0
TV,75,19.481165182139595,0.6472198763585164,0.3403493,offset,1.0
TV,76,18.88226575390234,0.6438109282152111,0.42208606,offset,1.0
TV,77,19.439461534891358,0.7049104034999762,0.3986128,offset,1.0
TV,78,20.68748419348242,0.5747301047013627,0.3140543,offset,1.0
TV,79,19.11660649307034,0.777306078265956,0.26368108,offset,1.0
TV,80,20.74320965526605,0.5909217674264007,0.30558348,offset,1.0
TV,81,19.522721941072763,0.6842367127749391,0.31284618,offset,1.0
TV,82,19.519771138754717,0.7856970390936068,0.27354598,offset,1.0
TV,83,19.303752728128188,0.5707958791032626,0.39628625,offset,1.0
TV,84,17.785721304045556,0.7351899819433196,0.37897503,offset,1.0
TV,85,20.090865541654107,0.7785671762968144,0.24520119,offset,1.0
TV,86,20.514402662867166,0.6571201627317831,0.27860126,offset,1.0
TV,87,19.05715667471145,0.7145682320341252,0.3268859,offset,1.0
TV,88,19.28595227836215,0.7339078018375411,0.31772387,offset,1.0
TV,89,20.832279703902966,0.5226091256111183,0.3350977,offset,1.0
TV,90,19.056658274478746,0.7328815011238806,0.34212476,offset,1.0
TV,91,18.612238379270583,0.5933696422894286,0.3905556,offset,1.0
TV,92,17.82874214989704,0.4850879049867638,0.552271,offset,1.0
TV,93,19.825879111545234,0.7147842232187949,0.25228012,offset,1.0
TV,94,20.684361491221324,0.552284250433474,0.28454235,offset,1.0
TV,95,19.345523286757416,0.7858521880770548,0.2522167,offset,1.0
TV,96,21.08522886249068,0.45968354926713983,0.3984818,offset,1.0
TV,97,20.854277886028953,0.7013559256206952,0.24753976,offset,1.0
TV,98,18.766659064316645,0.7029639299269111,0.3722884,offset,1.0
TV,99,18.418186371896518,0.7126936484133047,0.32671157,offset,1.0
TV,100,17.530982406874003,0.6027898802787589,0.51832336,offset,1.0
TV,101,18.56297928246755,0.7657365088556962,0.3561721,offset,1.0
TV,102,18.265463759562948,0.778000160875203,0.3609058,offset,1.0
TV,103,20.176457009411337,0.7179414972437792,0.30000588,offset,1.0
TV,104,19.83854187417075,0.7276550699670006,0.33971053,offset,1.0
TV,105,19.63298232855599,0.6746510390783006,0.36232826,offset,1.0
TV,106,17.985860833829324,0.8197680915145912,0.3649773,offset,1.0
TV,107,21.551772764909167,0.5473685941027769,0.34707642,offset,1.0
TV,108,19.586756402865337,0.6047572357443446,0.33585325,offset,1.0
TV,109,18.728377314529016,0.6420510389239812,0.4009462,offset,1.0
TV,110,18.975626961141327,0.6896134302364508,0.3233939,offset,1.0
TV,111,22.18364962421365,0.5379788356511815,0.27688283,offset,1.0
TV,112,19.519368838385795,0.5832114737054664,0.38542673,offset,1.0
TV,113,20.059034247682522,0.6472126532996396,0.31652135,offset,1.0
TV,114,19.897898368841503,0.5824700716723233,0.36379766,offset,1.0
TV,115,19.98634787994458,0.5760155771214377,0.3761727,offset,1.0
TV,116,19.20732954111228,0.5577814058130819,0.44173908,offset,1.0
TV,117,19.76971332844744,0.7088277536119173,0.31048742,offset,1.0
TV,118,19.077964652353124,0.5702957895562516,0.43304127,offset,1.0
TV,119,18.99434106030329,0.7493546461082287,0.31546846,offset,1.0
TV,120,19.14944755662501,0.8221436407367029,0.274138,offset,1.0
TV,121,20.171582907368624,0.6754624529785962,0.34174588,offset,1.0
TV,122,21.58623341074626,0.5373482132000533,0.35417786,offset,1.0
TV,123,18.998653952800744,0.7285561466845492,0.35327268,offset,1.0
TV,124,19.444130875614213,0.616846776912797,0.32413948,offset,1.0
TV,125,19.455963430940354,0.5992477227027397,0.3839853,offset,1.0
TV,126,19.329119952856395,0.8248830896798398,0.31164935,offset,1.0
TV,127,19.815995024548876,0.7229426019932798,0.3038556,offset,1.0
TV,128,17.993842474182372,0.7361699423063854,0.30672467,offset,1.0
TV,129,19.280801016832548,0.6839849953087478,0.3557224,offset,1.0
TV,130,18.8222267223053,0.7354557344224304,0.29267755,offset,1.0
TV,131,19.506717488144982,0.7860921917123381,0.25303,offset,1.0
TV,132,19.546032378863444,0.8201687192536644,0.2603562,offset,1.0
TV,133,20.3610524108037,0.7666523762428287,0.2544403,offset,1.0
TV,134,18.75830076123145,0.6887590348680142,0.3309713,offset,1.0
TV,135,21.90722890782044,0.4642611774173373,0.28474483,offset,1.0
TV,136,19.60879212486391,0.7334658414845101,0.32036915,offset,1.0
TV,137,20.095057155490608,0.5064752734360508,0.32708767,offset,1.0
TV,138,17.77619627753088,0.6765222853085234,0.37458432,offset,1.0
TV,139,18.547923544558696,0.6753338259316005,0.35785624,offset,1.0
TV,140,18.529737162771063,0.5236728347733055,0.48414516,offset,1.0
TV,141,18.95702761432005,0.5363873307798096,0.4101979,offset,1.0
TV,142,18.496515560978086,0.738316077483079,0.39258593,offset,1.0
TV,143,21.90512577935896,0.45970231291721575,0.36730507,offset,1.0
TV,144,18.794694700790362,0.6442139557789346,0.3540838,offset,1.0
TV,145,20.23059051484738,0.40869326269531175,0.45073217,offset,1.0
TV,146,18.69314141150238,0.7348695539860709,0.3170399,offset,1.0
TV,147,19.268075179312262,0.8347101971999673,0.26364937,offset,1.0
TV,148,19.78931139687535,0.7304117688716751,0.32535446,offset,1.0
TV,149,17.961459170916946,0.6303928536035829,0.49992305,offset,1.0
TV,150,19.171335348476312,0.6683528934747812,0.35183483,offset,1.0
TV,151,17.937443483719022,0.7595317152652058,0.35611647,offset,1.0
TV,152,19.5054426957411,0.6259461265198756,0.37137833,offset,1.0
TV,153,19.01012313780444,0.6687878014997017,0.40278262,offset,1.0
TV,154,20.573041057078303,0.37733371550321176,0.46089056,offset,1.0
TV,155,19.34459839935437,0.7679126659323546,0.29816157,offset,1.0
TV,156,19.657456959554608,0.6369767848764015,0.34748626,offset,1.0
TV,157,19.404363903167543,0.7059488523162686,0.33789405,offset,1.0
TV,158,19.967123575368525,0.6894427018888556,0.31926414,offset,1.0
TV,159,19.612479213591474,0.5432009521798685,0.42434964,offset,1.0
TV,160,19.56454378257137,0.663396589250173,0.32070866,offset,1.0
TV,161,18.556707551041846,0.7548762375896811,0.36162016,offset,1.0
TV,162,19.07073824726282,0.78535445938695,0.2835203,offset,1.0
TV,163,19.342616662992654,0.736778034274909,0.294779,offset,1.0
TV,164,18.027309438145704,0.5967924008424941,0.40931603,offset,1.0
TV,165,19.185878334175975,0.7911336618852763,0.30165812,offset,1.0
TV,166,17.848571840630367,0.6418696246898833,0.43379033,offset,1.0
TV,167,19.65093923325795,0.6091585332096732,0.3861073,offset,1.0
TV,168,22.51799196455607,0.4579301882604491,0.30240873,offset,1.0
TV,169,20.320450277675533,0.6596236537424232,0.3395961,offset,1.0
TV,170,20.114327748818653,0.5777920477300563,0.37964877,offset,1.0
TV,171,19.749401363683372,0.6970929162089005,0.2663269,offset,1.0
TV,172,18.05668464398839,0.8035790466175277,0.34058613,offset,1.0
TV,173,17.841726398208905,0.6941600977539369,0.46860233,offset,1.0
TV,174,19.362103256243852,0.6719315399524991,0.34248564,offset,1.0
TV,175,20.79829893165276,0.47728002356357624,0.5451099,offset,1.0
TV,176,21.720929265004155,0.3978857541810875,0.4874833,offset,1.0
TV,177,19.81544358478326,0.6806097110687208,0.30621603,offset,1.0
TV,178,21.445215556550103,0.47493348919357414,0.35133997,offset,1.0
TV,179,19.031283743064765,0.7122359875121062,0.29610208,offset,1.0
TV,180,22.38282959072725,0.43599284316647857,0.33688375,offset,1.0
TV,181,18.64863426809741,0.6901506980571296,0.31982997,offset,1.0
TV,182,20.978385524967088,0.5910647300828233,0.3243713,offset,1.0
TV,183,18.415974377609295,0.8538635779828341,0.2927785,offset,1.0
TV,184,19.270742962358177,0.6823985410146107,0.34575865,offset,1.0
TV,185,18.628359788641507,0.6519429706694165,0.38167992,offset,1.0
TV,186,19.220780556924378,0.7626235580725079,0.26143175,offset,1.0
TV,187,18.92325819133528,0.7686186707078302,0.33053198,offset,1.0
TV,188,18.60989265375445,0.8142374398077122,0.287612,offset,1.0
TV,189,20.650236698530307,0.4198941204661777,0.48778757,offset,1.0
TV,190,20.533754636491214,0.5660362293359762,0.3061503,offset,1.0
TV,191,20.997729029304992,0.47689859632379566,0.38215235,offset,1.0
TV,192,18.12400590316695,0.7516736850796233,0.35037264,offset,1.0
TV,193,18.6285612556847,0.6260750040985367,0.4050342,offset,1.0
TV,194,18.65577744158859,0.7990080950683568,0.32660994,offset,1.0
TV,195,18.860667223984034,0.49832555267349854,0.5468225,offset,1.0
TV,196,20.626348960910505,0.4721705052835197,0.31753892,offset,1.0
TV,197,18.63235303338287,0.6515808900806683,0.3102934,offset,1.0
TV,198,18.877523645733696,0.6016862095277833,0.40494436,offset,1.0
TV,199,19.87389992563503,0.7794998200679552,0.2445616,offset,1.0
PnP-DnCNN,0,24.679558032763673,0.9341085327188831,0.21238992,offset,1.0
PnP-DnCNN,1,24.88286667112567,0.9680089494906181,0.16189967,offset,1.0
PnP-DnCNN,2,25.523680677582593,0.9552610782552357,0.26753908,offset,1.0
PnP-DnCNN,3,22.415502757868584,0.947932920918977,0.18608381,offset,1.0
PnP-DnCNN,4,24.364364872406995,0.9410199837928469,0.21649155,offset,1.0
PnP-DnCNN,5,27.846803609744022,0.977884420309185,0.16642597,offset,1.0
PnP-DnCNN,6,22.98076602905581,0.9353459983571502,0.24188018,offset,1.0
PnP-DnCNN,7,23.741675161140158,0.9437306246851102,0.21806642,offset,1.0
PnP-DnCNN,8,23.412783396102586,0.9544520857166653,0.1848321,offset,1.0
PnP-DnCNN,9,22.016127222887416,0.9434837015453449,0.21550207,offset,1.0
PnP-DnCNN,10,23.91370088581425,0.9466025561463735,0.18049659,offset,1.0
PnP-DnCNN,11,23.424382213744927,0.9515716241103066,0.20201993,offset,1.0
PnP-DnCNN,12,22.314083245416448,0.9335859639585511,0.24868,offset,1.0
PnP-DnCNN,13,24.626582117597763,0.9585131299643477,0.16620274,offset,1.0
PnP-DnCNN,14,25.59260036264768,0.9583377115859473,0.1924588,offset,1.0
PnP-DnCNN,15,22.64864064107662,0.8928304204547947,0.25075716,offset,1.0
PnP-DnCNN,16,23.55247622665268,0.9534492565334336,0.2141657,offset,1.0
PnP-DnCNN,17,25.764717225951046,0.9607160417132141,0.16503392,offset,1.0
PnP-DnCNN,18,21.19254219350851,0.9428364625123661,0.22374654,offset,1.0
PnP-DnCNN,19,25.09999899728074,0.9515863010459695,0.2205661,offset,1.0
PnP-DnCNN,20,21.412462605880137,0.9229217767753939,0.24464028,offset,1.0
PnP-DnCNN,21,24.940020596839858,0.9554061337936023,0.18568537,offset,1.0
PnP-DnCNN,22,22.133722521105966,0.933575386489349,0.24998893,offset,1.0
PnP-DnCNN,23,22.46578628969061,0.9266465199141463,0.26051843,offset,1.0
PnP-DnCNN,24,21.451169891974203,0.8343488280757615,0.39041305,offset,1.0
PnP-DnCNN,25,21.86918653780674,0.9533150054452834,0.16407996,offset,1.0
PnP-DnCNN,26,22.74086247289582,0.9425448753586239,0.29606926,offset,1.0
PnP-DnCNN,27,24.226205590380086,0.9499011786023447,0.20121908,offset,1.0
PnP-DnCNN,28,24.135301269299617,0.9629314591692499,0.15976927,offset,1.0
PnP-DnCNN,29,27.704924494396952,0.9772512695390331,0.17657438,offset,1.0
PnP-DnCNN,30,25.914988516280168,0.9504137810412024,0.15433425,offset,1.0
PnP-DnCNN,31,24.965975127339348,0.9603847745067078,0.2659696,offset,1.0
PnP-DnCNN,32,23.64383156626104,0.944530141131937,0.19597371,offset,1.0
PnP-DnCNN,33,23.078085428678094,0.9210905998575786,0.21994428,offset,1.0
PnP-DnCNN,34,24.440382771515054,0.9398953159424391,0.17690599,offset,1.0
PnP-DnCNN,35,22.705592506761526,0.9469150215818369,0.2094146,offset,1.0
PnP-DnCNN,36,21.814982278881843,0.894762956753781,0.26689616,offset,1.0
PnP-DnCNN,37,29.535462028183336,0.9788738426344454,0.13623174,offset,1.0
PnP-DnCNN,38,23.087731703771265,0.9323392873091146,0.2567012,offset,1.0
PnP-DnCNN,39,24.45670003475324,0.9495327273799368,0.21026456,offset,1.0
PnP-DnCNN,40,25.72196205402956,0.9322506639613839,0.31600416,offset,1.0
PnP-DnCNN,41,22.890411397160932,0.9203559660529794,0.27553016,offset,1.0
PnP-DnCNN,42,24.25970058541314,0.9535189230333675,0.19092219,offset,1.0
PnP-DnCNN,43,25.464087970699584,0.9415479212198868,0.21173818,offset,1.0
PnP-DnCNN,44,25.65211742168364,0.9538788845962729,0.18448688,offset,1.0
PnP-DnCNN,45,23.75971399428169,0.9216491411293833,0.2333042,offset,1.0
PnP-DnCNN,46,26.244447446579162,0.9652786349092634,0.16767833,offset,1.0
PnP-DnCNN,47,21.496222504766006,0.8484965798999221,0.33953702,offset,1.0
PnP-DnCNN,48,23.071906398976672,0.9383314668762782,0.16714302,offset,1.0
PnP-DnCNN,49,22.95060638150416,0.917996032532951,0.22214043,offset,1.0
PnP-DnCNN,50,22.76723205389272,0.9445276981419768,0.2518913,offset,1.0
PnP-DnCNN,51,22.25518873689775,0.9485154380359926,0.18956618,offset,1.0
PnP-DnCNN,52,23.126607997213892,0.9263419738916818,0.22544074,offset,1.0
PnP-DnCNN,53,24.152241263857146,0.9320268523840864,0.24842538,offset,1.0
PnP-DnCNN,54,21.04292276464828,0.9349862001528425,0.23371713,offset,1.0
PnP-DnCNN,55,23.056730432824647,0.9557570203030405,0.20386064,offset,1.0
PnP-DnCNN,56,25.022864949292114,0.9586042952685316,0.16127183,offset,1.0
PnP-DnCNN,57,26.659115664142558,0.9566034065821201,0.22480825,offset,1.0
PnP-DnCNN,58,23.505564067800666,0.9379085824817173,0.20057318,offset,1.0
PnP-DnCNN,59,23.47214689014197,0.9270930750803514,0.3135728,offset,1.0
PnP-DnCNN,60,24.697255625208573,0.9585034591569142,0.17087403,offset,1.0
PnP-DnCNN,61,23.14604385881928,0.958969208696657,0.18794596,offset,1.0
PnP-DnCNN,62,23.189591082373568,0.9256070944950108,0.30750388,offset,1.0
PnP-DnCNN,63,22.34922238730215,0.9354977281995056,0.2523448,offset,1.0
PnP-DnCNN,64,23.316656652958887,0.95746051273809,0.18587008,offset,1.0
PnP-DnCNN,65,23.775967304133022,0.9383499055238794,0.28194755,offset,1.0
PnP-DnCNN,66,22.872599721870067,0.9485823458507041,0.2332887,offset,1.0
PnP-DnCNN,67,22.37439042712808,0.935840972568378,0.2539014,offset,1.0
PnP-DnCNN,68,22.511178590334545,0.9307243176697453,0.18590905,offset,1.0
PnP-DnCNN,69,25.64711682231776,0.9723361890670682,0.14949824,offset,1.0
PnP-DnCNN,70,26.153730362327003,0.9612781365425134,0.1579412,offset,1.0
PnP-DnCNN,71,23.536860326825064,0.9594452341418128,0.15521924,offset,1.0
PnP-DnCNN,72,21.937762697341107,0.91181198567102,0.23648193,offset,1.0
PnP-DnCNN,73,21.837532435864794,0.9363919638774612,0.22281969,offset,1.0
PnP-DnCNN,74,26.03190129244465,0.9590656778906003,0.19649899,offset,1.0
PnP-DnCNN,75,23.99165031322174,0.9400237971716676,0.2024886,offset,1.0
PnP-DnCNN,76,21.40962766503314,0.8794465534685348,0.31552437,offset,1.0
PnP-DnCNN,77,24.432718757321954,0.9395152358723081,0.22433056,offset,1.0
PnP-DnCNN,78,24.500703668360533,0.9452750315843534,0.2024621,offset,1.0
PnP-DnCNN,79,22.137973547235376,0.9461789870065106,0.18621327,offset,1.0
PnP-DnCNN,80,24.761098266177648,0.9462642944302441,0.19241346,offset,1.0
PnP-DnCNN,81,24.919637736155398,0.962642167348507,0.168068,offset,1.0
PnP-DnCNN,82,23.76186047061555,0.9437565902663656,0.16785176,offset,1.0
PnP-DnCNN,83,22.607333194871,0.9123768163306162,0.2709131,offset,1.0
PnP-DnCNN,84,21.39766975942466,0.9242884882163903,0.2500421,offset,1.0
PnP-DnCNN,85,22.487542770258667,0.9091894643877687,0.1860753,offset,1.0
PnP-DnCNN,86,23.965628824492953,0.9362394403943346,0.18724997,offset,1.0
PnP-DnCNN,87,23.011291072230875,0.9483909964068862,0.20734306,offset,1.0
PnP-DnCNN,88,24.60690599036601,0.9660636280193802,0.17218773,offset,1.0
PnP-DnCNN,89,25.665566467832583,0.9515946153089527,0.19209105,offset,1.0
PnP-DnCNN,90,25.052737800816832,0.9466630115119878,0.17154597,offset,1.0
PnP-DnCNN,91,23.41705927507007,0.9379819325702495,0.22461657,offset,1.0
PnP-DnCNN,92,21.97131907294754,0.9083183930324744,0.34278622,offset,1.0
PnP-DnCNN,93,23.655352525576305,0.9436407156350198,0.16233397,offset,1.0
PnP-DnCNN,94,25.4378857340484,0.9622281614906532,0.16461551,offset,1.0
PnP-DnCNN,95,21.755882136691366,0.9400936902985593,0.1910979,offset,1.0
PnP-DnCNN,96,23.903116158408423,0.9336859672984554,0.2880807,offset,1.0
PnP-DnCNN,97,23.89748656104485,0.9247218568709271,0.17437512,offset,1.0
PnP-DnCNN,98,23.42045045798287,0.9306392137669335,0.21786624,offset,1.0
PnP-DnCNN,99,23.71571563501361,0.9564533531050051,0.17753667,offset,1.0
PnP-DnCNN,100,20.279949890871706,0.8961340003023462,0.3777047,offset,1.0
PnP-DnCNN,101,23.145363992629207,0.9502204124592553,0.21015544,offset,1.0
PnP-DnCNN,102,21.04280891865045,0.8985552184143265,0.26213598,offset,1.0
PnP-DnCNN,103,24.399163481202606,0.9368729418959499,0.18449917,offset,1.0
PnP-DnCNN,104,22.678029850706857,0.9413136784141222,0.24498223,offset,1.0
PnP-DnCNN,105,25.25708159952679,0.9660932368113975,0.18962573,offset,1.0
PnP-DnCNN,106,21.0026035380726,0.933228762435519,0.25788656,offset,1.0
PnP-DnCNN,107,25.037093839058905,0.9450040934684355,0.23235878,offset,1.0
PnP-DnCNN,108,22.922467710536772,0.9466465996224279,0.2287515,offset,1.0
PnP-DnCNN,109,24.487914889127392,0.9419320951993307,0.20658995,offset,1.0
PnP-DnCNN,110,22.666381648573726,0.913160823839755,0.2114434,offset,1.0
PnP-DnCNN,111,26.990815396124482,0.9557827704947842,0.15919806,offset,1.0
PnP-DnCNN,112,23.698681604978322,0.9314774088715473,0.23821889,offset,1.0
PnP-DnCNN,113,25.03929405561138,0.9614696497143793,0.17839801,offset,1.0
PnP-DnCNN,114,23.755060195628662,0.9299303035844456,0.23334678,offset,1.0
PnP-DnCNN,115,26.33520902176961,0.9559429548372907,0.18111074,offset,1.0
PnP-DnCNN,116,22.382050638567197,0.9098918159330679,0.3064995,offset,1.0
PnP-DnCNN,117,22.979213769921518,0.9386180862168635,0.21456996,offset,1.0
PnP-DnCNN,118,24.036543266510538,0.9451185421140726,0.24468106,offset,1.0
PnP-DnCNN,119,22.131701360723515,0.9246037067337469,0.21983048,offset,1.0
PnP-DnCNN,120,22.501423537621484,0.9359352841265192,0.18636762,offset,1.0
PnP-DnCNN,121,23.809182180782393,0.930761577607679,0.224814,offset,1.0
PnP-DnCNN,122,27.668357462387966,0.960793933069164,0.17583899,offset,1.0
PnP-DnCNN,123,22.226981149460432,0.9206468940997297,0.2436092,offset,1.0
PnP-DnCNN,124,23.78018596200436,0.9461566033688459,0.19675654,offset,1.0
PnP-DnCNN,125,23.237076683932727,0.9337329618201768,0.24846143,offset,1.0
PnP-DnCNN,126,22.685196600111844,0.9524968163041044,0.211769,offset,1.0
PnP-DnCNN,127,25.51352578467484,0.9617708505493058,0.15768512,offset,1.0
PnP-DnCNN,128,20.991616100904103,0.9111259506692079,0.2172001,offset,1.0
PnP-DnCNN,129,24.962956890577004,0.9605563329763649,0.18492831,offset,1.0
PnP-DnCNN,130,21.14292119495201,0.940495159831052,0.22405502,offset,1.0
PnP-DnCNN,131,23.53506997744857,0.9513816821181085,0.15913084,offset,1.0
PnP-DnCNN,132,21.711117349343493,0.9491474071810068,0.20291476,offset,1.0
PnP-DnCNN,133,22.989256909293925,0.939094867634256,0.18800771,offset,1.0
PnP-DnCNN,134,22.713812449387397,0.9206636443056844,0.20990111,offset,1.0
PnP-DnCNN,135,27.05473847698087,0.9678310057348456,0.1574274,offset,1.0
PnP-DnCNN,136,24.918251129750118,0.9598453762856397,0.17385122,offset,1.0
PnP-DnCNN,137,22.927898637897954,0.9497106223682726,0.23605986,offset,1.0
PnP-DnCNN,138,21.377664828793442,0.9315568084928615,0.24744356,offset,1.0
PnP-DnCNN,139,21.243508212826697,0.905287859992178,0.26237917,offset,1.0
PnP-DnCNN,140,20.37403229714171,0.845876807958361,0.3915262,offset,1.0
PnP-DnCNN,141,21.95403991627385,0.9395351963471775,0.2904978,offset,1.0
PnP-DnCNN,142,22.48038493533234,0.90500578562121,0.24816541,offset,1.0
PnP-DnCNN,143,26.11217037097007,0.9537739040068358,0.22629485,offset,1.0
PnP-DnCNN,144,23.51259706790369,0.9350186713532476,0.20568894,offset,1.0
PnP-DnCNN,145,25.269414948994434,0.9537749158079959,0.2523349,offset,1.0
PnP-DnCNN,146,22.49323690945608,0.9376842871862502,0.2046959,offset,1.0
PnP-DnCNN,147,23.04604923352138,0.9539552247228701,0.17065854,offset,1.0
PnP-DnCNN,148,25.05833225555619,0.9694363710062563,0.17738043,offset,1.0
PnP-DnCNN,149,21.681247519114457,0.9089512447249298,0.325772,offset,1.0
PnP-DnCNN,150,23.62936748962561,0.9530072540414235,0.21058975,offset,1.0
PnP-DnCNN,151,20.247291544863085,0.9291574084931169,0.2729604,offset,1.0
PnP-DnCNN,152,23.010923917134086,0.927381176470725,0.24805187,offset,1.0
PnP-DnCNN,153,22.452855447150213,0.9205989638759084,0.27097803,offset,1.0
PnP-DnCNN,154,27.193570848112643,0.9600318133030549,0.2150658,offset,1.0
PnP-DnCNN,155,23.023740215787534,0.9504720101610196,0.19520663,offset,1.0
PnP-DnCNN,156,24.530914474837623,0.9588628440233301,0.19827354,offset,1.0
PnP-DnCNN,157,23.04373624420502,0.9447402955025188,0.22223473,offset,1.0
PnP-DnCNN,158,25.608807848158335,0.9570081761060667,0.16675003,offset,1.0
PnP-DnCNN,159,24.543477785562345,0.9378736452622847,0.24053259,offset,1.0
PnP-DnCNN,160,23.77761261859261,0.9545686367498941,0.19745006,offset,1.0
PnP-DnCNN,161,22.25584496090665,0.9375112834732887,0.23620863,offset,1.0
PnP-DnCNN,162,22.98840512392171,0.9520186429058225,0.18059298,offset,1.0
PnP-DnCNN,163,21.513280018994564,0.8985556227189666,0.22959551,offset,1.0
PnP-DnCNN,164,21.035583244273255,0.9144574599109652,0.28949767,offset,1.0
PnP-DnCNN,165,23.15092005960441,0.9261823327488397,0.191101,offset,1.0
PnP-DnCNN,166,20.96893882832479,0.9032180934436311,0.30287367,offset,1.0
PnP-DnCNN,167,23.282222538462072,0.9384483750370786,0.25418144,offset,1.0
PnP-DnCNN,168,27.992657775254028,0.9663067756543967,0.16101305,offset,1.0
PnP-DnCNN,169,24.101064387909375,0.926527250419594,0.21975157,offset,1.0
PnP-DnCNN,170,23.544493657816176,0.9149811765379157,0.2557842,offset,1.0
PnP-DnCNN,171,23.06038351565896,0.9437898229961553,0.18191391,offset,1.0
PnP-DnCNN,172,22.985983807632273,0.9576451237782959,0.19309096,offset,1.0
PnP-DnCNN,173,20.381052310059648,0.8475214336567736,0.34981477,offset,1.0
PnP-DnCNN,174,23.84414999804679,0.9407599315909315,0.20442782,offset,1.0
PnP-DnCNN,175,23.40155195131473,0.9069919551699615,0.40394425,offset,1.0
PnP-DnCNN,176,26.655114177252223,0.9455952139278828,0.27621704,offset,1.0
PnP-DnCNN,177,24.735860293921938,0.9670959988162537,0.17378293,offset,1.0
PnP-DnCNN,178,26.839741079555118,0.9540733407474746,0.1887997,offset,1.0
PnP-DnCNN,179,24.02700352913749,0.963333513926376,0.16659251,offset,1.0
PnP-DnCNN,180,25.26562207170306,0.9540660607605433,0.24173552,offset,1.0
PnP-DnCNN,181,22.431638795777005,0.9488018094754416,0.20690402,offset,1.0
PnP-DnCNN,182,24.474154383426146,0.9530670385834692,0.21689722,offset,1.0
PnP-DnCNN,183,22.525071796795363,0.9619272095728512,0.18242498,offset,1.0
PnP-DnCNN,184,22.477040637757714,0.918920308913389,0.23903316,offset,1.0
PnP-DnCNN,185,23.795000428150548,0.9637547847160624,0.21055584,offset,1.0
PnP-DnCNN,186,23.144340920496926,0.9352112260978084,0.16641033,offset,1.0
PnP-DnCNN,187,22.59381606642275,0.9255115736260517,0.21661353,offset,1.0
PnP-DnCNN,188,23.41740671973781,0.9557368577388693,0.16536032,offset,1.0
PnP-DnCNN,189,25.06845921315634,0.9444006783002603,0.29330507,offset,1.0
PnP-DnCNN,190,24.27780589342455,0.9500048857582503,0.19894457,offset,1.0
PnP-DnCNN,191,27.550867121775834,0.9634618197590852,0.17971304,offset,1.0
PnP-DnCNN,192,23.087980695077853,0.9681652042983977,0.19784792,offset,1.0
PnP-DnCNN,193,20.62876106535851,0.9222718838386792,0.32172272,offset,1.0
PnP-DnCNN,194,22.926711495147,0.9574297035405458,0.19974813,offset,1.0
PnP-DnCNN,195,21.12209634182914,0.8680680801299178,0.421478,offset,1.0
PnP-DnCNN,196,24.61127908184361,0.9383662414914073,0.20070143,offset,1.0
PnP-DnCNN,197,22.92743465725088,0.9380342638320174,0.18924241,offset,1.0
PnP-DnCNN,198,22.352353230801697,0.92038938634036,0.2714275,offset,1.0
PnP-DnCNN,199,24.070012792058524,0.937320187872599,0.15086295,offset,1.0
FBP,0,15.48030437113016,0.48850016246325134,0.6124866,offset,2.0
FBP,1,15.273044181067501,0.5979520316217201,0.4894824,offset,2.0
FBP,2,15.834288300003452,0.31137039141484374,0.8163132,offset,2.0
FBP,3,16.069726081583,0.7038191670611066,0.38636467,offset,2.0
FBP,4,16.021559952025285,0.572919831311158,0.56569356,offset,2.0
FBP,5,15.950662116760348,0.34625408083154396,0.6546786,offset,2.0
FBP,6,15.12983848789019,0.5396944766195273,0.59723693,offset,2.0
FBP,7,15.487184206755582,0.46517711433129577,0.5640445,offset,2.0
FBP,8,15.658192344421671,0.6588652926575453,0.45134324,offset,2.0
FBP,9,15.83287040337073,0.5931585195966446,0.4391514,offset,2.0
FBP,10,15.862497542576348,0.7126418993458843,0.45606756,offset,2.0
FBP,11,15.494461311962272,0.6590049029917522,0.5033734,offset,2.0
FBP,12,15.170037954662504,0.5014014201686012,0.56603485,offset,2.0
FBP,13,15.55096470275274,0.6770481750273342,0.47251877,offset,2.0
FBP,14,16.131354573004504,0.3740055227377029,0.57200533,offset,2.0
FBP,15,15.276213877000908,0.6049116448465468,0.58596903,offset,2.0
FBP,16,15.30229444305638,0.5806599522577979,0.55368024,offset,2.0
FBP,17,16.271698338110507,0.5424303137249297,0.49229357,offset,2.0
FBP,18,15.7684702600028,0.713306321218429,0.4177918,offset,2.0
FBP,19,16.106961825170625,0.47640197988497796,0.6211416,offset,2.0
FBP,20,15.924766138114181,0.5397846485263644,0.46016413,offset,2.0
FBP,21,15.668249027503098,0.5329267487728084,0.5399658,offset,2.0
FBP,22,15.217449051008956,0.5901361098056005,0.55428666,offset,2.0
FBP,23,15.855455299844767,0.5494279390239938,0.55764145,offset,2.0
FBP,24,16.007540211853495,0.4374980119673111,0.730644,offset,2.0
FBP,25,15.35449331494698,0.7957173772679386,0.34736833,offset,2.0
FBP,26,15.33669229298291,0.41353093662293444,0.6943874,offset,2.0
FBP,27,15.687180278625732,0.5527081399596674,0.53779954,offset,2.0
FBP,28,15.54777672221215,0.6884599777838372,0.42940736,offset,2.0
FBP,29,16.26500022034622,0.34332157846188804,0.6590584,offset,2.0
FBP,30,16.098441024093447,0.563392766217919,0.47784793,offset,2.0
FBP,31,16.467217528478297,0.3276331782993314,0.70757073,offset,2.0
FBP,32,15.184972495165434,0.5673198396587035,0.5189682,offset,2.0
FBP,33,15.661742104059947,0.6149411499351147,0.5165708,offset,2.0
FBP,34,15.7739717930534,0.5780953304991362,0.47980312,offset,2.0
FBP,35,15.1794695401959,0.7216480590538016,0.49809602,offset,2.0
FBP,36,15.680594850953188,0.5481604444327733,0.54083115,offset,2.0
FBP,37,16.172167716410808,0.3439133230362026,0.63451666,offset,2.0
FBP,38,15.157345121553938,0.502534496434387,0.639657,offset,2.0
FBP,39,16.39225153699219,0.39153426053511914,0.5320942,offset,2.0
FBP,40,16.193768825584346,0.25201274682956504,0.9464605,offset,2.0
FBP,41,15.514214612392635,0.458708101832629,0.64413804,offset,2.0
FBP,42,15.90375275798279,0.5603261437389253,0.49963614,offset,2.0
FBP,43,16.054538020572735,0.47115844822843983,0.6255711,offset,2.0
FBP,44,16.152361718415516,0.4665841743252495,0.5507484,offset,2.0
FBP,45,15.834151770929441,0.5662386302182846,0.5810329,offset,2.0
FBP,46,16.324557543152288,0.4250151923954923,0.52537745,offset,2.0
FBP,47,15.30293877836199,0.4580814167354468,0.6927098,offset,2.0
FBP,48,15.70254881253618,0.6422593255353175,0.39044166,offset,2.0
FBP,49,16.007376352135378,0.6030190017373562,0.4940707,offset,2.0
FBP,50,15.715171315212608,0.5074982341286144,0.5673045,offset,2.0
FBP,51,15.031587112615606,0.7119197958004219,0.43545264,offset,2.0
FBP,52,15.964887975854836,0.6112917356354459,0.51418376,offset,2.0
FBP,53,15.912554630909453,0.5803414377534698,0.6414758,offset,2.0
FBP,54,15.21981793957502,0.7037358373302046,0.45692593,offset,2.0
FBP,55,15.476102066329641,0.6208982327305962,0.48793817,offset,2.0
FBP,56,16.22288248697256,0.6500699145056515,0.4441786,offset,2.0
FBP,57,15.400132262393772,0.2896153656831362,0.82179105,offset,2.0
FBP,58,15.701237912486981,0.573643128828096,0.49259406,offset,2.0
FBP,59,15.927398463904492,0.39140863183449015,0.747439,offset,2.0
FBP,60,15.762468544422353,0.5149015599983447,0.47798622,offset,2.0
FBP,61,15.634065652165553,0.6558459878490019,0.4463052,offset,2.0
FBP,62,15.931150093012763,0.43596059264749154,0.70920634,offset,2.0
FBP,63,15.108615724878335,0.5304501743054918,0.5807975,offset,2.0
FBP,64,15.507431566552675,0.6597567319138551,0.45674184,offset,2.0
FBP,65,16.267778138098585,0.39288588600295254,0.6692337,offset,2.0
FBP,66,14.718979302370933,0.6141414426790656,0.596451,offset,2.0
FBP,67,15.192536259368854,0.5538058000499954,0.5804406,offset,2.0
FBP,68,16.329580459354855,0.6453792568204072,0.3787742,offset,2.0
FBP,69,15.511925968166038,0.7147408349786222,0.48017067,offset,2.0
FBP,70,15.608853188853697,0.528048994112832,0.53178895,offset,2.0
FBP,71,15.30782582342135,0.7760142140647407,0.40031078,offset,2.0
FBP,72,15.092865689082943,0.6355036189984088,0.5200473,offset,2.0
FBP,73,15.312934202006245,0.5285620026509056,0.4722625,offset,2.0
FBP,74,17.127840542101072,0.3621546101938233,0.547726,offset,2.0
FBP,75,15.837384623962258,0.5278878261802178,0.5177425,offset,2.0
FBP,76,16.020229388799702,0.5015952670687549,0.5868172,offset,2.0
FBP,77,15.614805623369595,0.5658758055080307,0.6191332,offset,2.0
FBP,78,16.27947316261547,0.4478273420093253,0.5216813,offset,2.0
FBP,79,15.780161509939479,0.6512302857940205,0.38716954,offset,2.0
FBP,80,16.09431494198607,0.4799933191341341,0.52188474,offset,2.0
FBP,81,15.84739508892569,0.5761205725588192,0.47763616,offset,2.0
FBP,82,15.681948749045683,0.6794056899017343,0.42552146,offset,2.0
FBP,83,15.368643029436148,0.4525322642714682,0.6233967,offset,2.0
FBP,84,15.317599715965917,0.6295224292337758,0.50351995,offset,2.0
FBP,85,16.04765614482756,0.6742595868402961,0.39055574,offset,2.0
FBP,86,16.423994493932774,0.5308001777777147,0.4461732,offset,2.0
FBP,87,15.75315030090758,0.6103715265743639,0.47818568,offset,2.0
FBP,88,15.98547367096705,0.6144303665643732,0.46459422,offset,2.0
FBP,89,15.898235289168793,0.38452370170973366,0.5913896,offset,2.0
FBP,90,15.823096339725575,0.6149000836726786,0.49643523,offset,2.0
FBP,91,15.040470572863704,0.4906520302714898,0.5892115,offset,2.0
FBP,92,15.31363662399471,0.4032298116207363,0.7377471,offset,2.0
FBP,93,15.706657899232344,0.6019596290798817,0.40536305,offset,2.0
FBP,94,16.24027685040993,0.43374614337373096,0.47462562,offset,2.0
FBP,95,15.099308554543871,0.6671959859770201,0.4112298,offset,2.0
FBP,96,16.05285523845908,0.3352173711596565,0.711258,offset,2.0
FBP,97,16.198353004429425,0.5918895395431516,0.42309824,offset,2.0
FBP,98,15.650362180169726,0.5706799323148621,0.53295964,offset,2.0
FBP,99,15.783006041396245,0.6105717974153905,0.44251046,offset,2.0
FBP,100,15.249929781905365,0.5233063097176222,0.6739899,offset,2.0
FBP,101,15.683878770431338,0.6819817042235905,0.4961522,offset,2.0
FBP,102,15.53304767616054,0.650602735569513,0.49432737,offset,2.0
FBP,103,15.400114172775222,0.594035458267803,0.5199324,offset,2.0
FBP,104,15.62521453245905,0.5827304731043295,0.5517919,offset,2.0
FBP,105,16.426376845911733,0.5526566450029019,0.5241221,offset,2.0
FBP,106,15.004835409399071,0.7103645699850355,0.51441914,offset,2.0
FBP,107,16.371031298952776,0.37614926794915,0.63017654,offset,2.0
FBP,108,15.427318010361263,0.48468076377922586,0.5421525,offset,2.0
FBP,109,15.738402450010366,0.5377307841030535,0.5656982,offset,2.0
FBP,110,15.762788847732194,0.5915742799670248,0.46813786,offset,2.0
FBP,111,16.731216199678244,0.4355710961922454,0.51870173,offset,2.0
FBP,112,15.84617896152042,0.46080432646992775,0.5883034,offset,2.0
FBP,113,16.02417705908308,0.5151191886809914,0.50366974,offset,2.0
FBP,114,15.853555918056443,0.462482313715111,0.5795315,offset,2.0
FBP,115,16.105999261847227,0.4629370528474125,0.588037,offset,2.0
FBP,116,15.524158821663349,0.4095304055812418,0.6750321,offset,2.0
FBP,117,16.11006298987835,0.5921908907765115,0.47318012,offset,2.0
FBP,118,15.723399928426161,0.47341651640989246,0.63717324,offset,2.0
FBP,119,15.427560507820942,0.6485688545976136,0.4756582,offset,2.0
FBP,120,15.36489451896866,0.713161559616964,0.42383507,offset,2.0
FBP,121,16.243304481642404,0.5616141657132371,0.5371767,offset,2.0
FBP,122,16.799545966416392,0.40291041922661736,0.61454797,offset,2.0
FBP,123,15.700128863160733,0.5823543007538003,0.5164595,offset,2.0
FBP,124,15.848543756378099,0.5247988793191987,0.49035576,offset,2.0
FBP,125,15.42688957983739,0.47379784248112045,0.6106162,offset,2.0
FBP,126,15.87840820503661,0.7345938670689727,0.46366233,offset,2.0
FBP,127,16.02213297912521,0.596553349992838,0.47028416,offset,2.0
FBP,128,14.817514526280808,0.6363423571995607,0.4421454,offset,2.0
FBP,129,15.826148512576651,0.5794447221591371,0.529473,offset,2.0
FBP,130,15.480982050002963,0.6269286442643045,0.42998335,offset,2.0
FBP,131,15.465621130213137,0.6743679501987948,0.4029274,offset,2.0
FBP,132,15.593143270561276,0.7012830653784927,0.4104047,offset,2.0
FBP,133,15.764408556893663,0.6549257691927959,0.43193474,offset,2.0
FBP,134,15.258521058586549,0.574564286175182,0.4951985,offset,2.0
FBP,135,16.447290988396183,0.3868806319547459,0.53389114,offset,2.0
FBP,136,15.697633026260291,0.625790553452247,0.502584,offset,2.0
FBP,137,15.668400649579343,0.4041572663434726,0.5444989,offset,2.0
FBP,138,15.089126785948457,0.584809400361803,0.51039106,offset,2.0
FBP,139,15.558149252654264,0.5688351613736948,0.5048907,offset,2.0
FBP,140,15.230446465715383,0.4182908417377886,0.7078482,offset,2.0
FBP,141,15.210667963979468,0.4306521018872505,0.63141,offset,2.0
FBP,142,15.557067911215618,0.6037592083764838,0.5506899,offset,2.0
FBP,143,16.86175354226789,0.3306187817377141,0.65644073,offset,2.0
FBP,144,15.217744329718352,0.5362510612226776,0.5345073,offset,2.0
FBP,145,15.738454328026512,0.30420635080871544,0.75600624,offset,2.0
FBP,146,15.450903434545893,0.5999825997446764,0.46049592,offset,2.0
FBP,147,15.846002613458896,0.7393723852600044,0.39095825,offset,2.0
FBP,148,16.19702943558574,0.6358764941805554,0.49200654,offset,2.0
FBP,149,15.276474993664586,0.4821669819173937,0.6810083,offset,2.0
FBP,150,15.376292757557351,0.5490201166959038,0.5446167,offset,2.0
FBP,151,15.409832266160187,0.683320747180178,0.47640094,offset,2.0
FBP,152,16.054553344774543,0.5371325478464156,0.55253667,offset,2.0
FBP,153,15.816934189495594,0.5714352399133403,0.5817417,offset,2.0
FBP,154,15.85745577436496,0.2969887238102597,0.7931897,offset,2.0
FBP,155,15.671401814889155,0.6447350756009783,0.45510486,offset,2.0
FBP,156,16.022083838318245,0.5154607182231294,0.528088,offset,2.0
FBP,157,15.624636267127862,0.5998562187905166,0.5221159,offset,2.0
FBP,158,15.804886763682012,0.5762852273657986,0.5155395,offset,2.0
FBP,159,16.339123450001477,0.4386952575162671,0.61857396,offset,2.0
FBP,160,15.389313976858121,0.5334642209056241,0.5186474,offset,2.0
FBP,161,15.546782400561078,0.627013338244956,0.51138604,offset,2.0
FBP,162,15.637710121063037,0.6940963125240716,0.42095494,offset,2.0
FBP,163,15.661193689718932,0.6204070898563282,0.4503682,offset,2.0
FBP,164,15.215325581027436,0.5152086530906371,0.5657935,offset,2.0
FBP,165,15.658235857387044,0.7035805653821708,0.45279038,offset,2.0
FBP,166,14.594481165557232,0.5117626472682719,0.63093466,offset,2.0
FBP,167,15.987966915704725,0.49195432302557424,0.5886493,offset,2.0
FBP,168,16.517212798231764,0.3685050703436201,0.60343885,offset,2.0
FBP,169,16.56335572602077,0.5152052282405034,0.52338034,offset,2.0
FBP,170,15.879628884189952,0.45615628672069664,0.6181829,offset,2.0
FBP,171,15.66732415887132,0.5825437030145607,0.42610723,offset,2.0
FBP,172,15.025458311981088,0.6995105220350133,0.4828233,offset,2.0
FBP,173,15.494424655383188,0.5956465680055245,0.61400163,offset,2.0
FBP,174,15.410157750221396,0.5447654765072558,0.5398084,offset,2.0
FBP,175,16.65014689551127,0.3089836433447233,0.8788033,offset,2.0
FBP,176,16.330638638471598,0.273398964797068,0.90672225,offset,2.0
FBP,177,15.767274550574006,0.5651682885646317,0.48801857,offset,2.0
FBP,178,16.370320123109323,0.3431805452176279,0.6301912,offset,2.0
FBP,179,16.25997304490175,0.6232733791012149,0.4073868,offset,2.0
FBP,180,17.015644020740954,0.3361093741390024,0.62494147,offset,2.0
FBP,181,15.566785528361208,0.6020020279356385,0.45604908,offset,2.0
FBP,182,16.22575811339741,0.4727347880389738,0.5606267,offset,2.0
FBP,183,15.187855413125726,0.7534723742023179,0.42456585,offset,2.0
FBP,184,15.702767621334628,0.5637850768661871,0.5214009,offset,2.0
FBP,185,15.360647335533926,0.5349627938195519,0.55601305,offset,2.0
FBP,186,15.29050915060231,0.6665688172667787,0.41102844,offset,2.0
FBP,187,16.015479590309365,0.6749949525141692,0.46195793,offset,2.0
FBP,188,15.150916325822184,0.7155416193116343,0.4283076,offset,2.0
FBP,189,15.73342010927429,0.2813272178613531,0.85915506,offset,2.0
FBP,190,16.255008653544635,0.4242675155903331,0.50103945,offset,2.0
FBP,191,16.297374442538594,0.3599375262889556,0.65652955,offset,2.0
FBP,192,14.9889915284243,0.6593203069604002,0.5026676,offset,2.0
FBP,193,15.870773519993993,0.5230351972675349,0.5563923,offset,2.0
FBP,194,15.39322845167445,0.6848393664727793,0.47550696,offset,2.0
FBP,195,16.025959235178103,0.37823652855552586,0.7578474,offset,2.0
FBP,196,15.836629835612605,0.3732405083614109,0.55116665,offset,2.0
FBP,197,15.569434717394797,0.5435147024071747,0.44148758,offset,2.0
FBP,198,15.636407898475678,0.4728367221033588,0.5880999,offset,2.0
FBP,199,15.694071012791117,0.6503462513124263,0.3957124,offset,2.0
Tikhonov,0,16.940754862024892,0.48596880080280364,0.5176951,offset,2.0
Tikhonov,1,16.230726027611272,0.5943134974845596,0.43838233,offset,2.0
Tikhonov,2,18.7349591468497,0.3293316940298835,0.5845522,offset,2.0
Tikhonov,3,16.400615528872436,0.6911983556933855,0.3719229,offset,2.0
Tikhonov,4,17.35925371004407,0.5796509376329693,0.48494947,offset,2.0
Tikhonov,5,18.192789880659756,0.3556943235186233,0.50573355,offset,2.0
Tikhonov,6,16.37679556662783,0.542566954756198,0.5173671,offset,2.0
Tikhonov,7,17.13670033424957,0.47889253993187686,0.46648484,offset,2.0
Tikhonov,8,16.771609450032912,0.6615337667352239,0.39704165,offset,2.0
Tikhonov,9,16.494427928087507,0.5889005720510035,0.40694562,offset,2.0
Tikhonov,10,16.1018485769186,0.687825214725338,0.44367164,offset,2.0
Tikhonov,11,16.03016980857835,0.6294870077570311,0.4732655,offset,2.0
Tikhonov,12,16.567771858174602,0.5036654232234852,0.48189953,offset,2.0
Tikhonov,13,16.053652166279576,0.6645664197196972,0.44594848,offset,2.0
Tikhonov,14,18.1317524558754,0.3799290919995363,0.45433915,offset,2.0
Tikhonov,15,16.363412995917933,0.6076712503217253,0.51702875,offset,2.0
Tikhonov,16,16.598944758859677,0.5785265274106309,0.47689912,offset,2.0
Tikhonov,17,17.02603969193097,0.5366604891143862,0.4513434,offset,2.0
Tikhonov,18,16.034088949287643,0.6902112901693764,0.40520895,offset,2.0
Tikhonov,19,17.69495415689811,0.48161770894927214,0.5173578,offset,2.0
Tikhonov,20,17.15376187548976,0.55145678315735,0.3994505,offset,2.0
Tikhonov,21,17.202524379660883,0.5343152702490661,0.4525353,offset,2.0
Tikhonov,22,16.361435794637337,0.5895523450569219,0.48588678,offset,2.0
Tikhonov,23,16.68738107310471,0.5382125284056148,0.50670916,offset,2.0
Tikhonov,24,17.59048477964853,0.4397259719967111,0.60891765,offset,2.0
Tikhonov,25,15.900162505558495,0.7886211467610503,0.32621711,offset,2.0
Tikhonov,26,16.749940874792934,0.4049785132224052,0.5901187,offset,2.0
Tikhonov,27,17.00481325707385,0.5592507031618248,0.46210298,offset,2.0
Tikhonov,28,16.271966250235977,0.6816063364828198,0.39505723,offset,2.0
Tikhonov,29,18.507867597706667,0.34912841299078273,0.50907356,offset,2.0
Tikhonov,30,17.269631261801955,0.5739328902311458,0.4175709,offset,2.0
Tikhonov,31,18.843921083656223,0.33366469686710437,0.5381889,offset,2.0
Tikhonov,32,16.307362081024447,0.5744324893578079,0.4560593,offset,2.0
Tikhonov,33,16.674784610109995,0.6160982732253615,0.45970342,offset,2.0
Tikhonov,34,16.631999158476624,0.5782815235039634,0.4346721,offset,2.0
Tikhonov,35,15.912092250318786,0.711784252268647,0.4578065,offset,2.0
Tikhonov,36,16.633921189566856,0.5482817949392363,0.4846134,offset,2.0
Tikhonov,37,18.329502097885857,0.3444122545972413,0.49496704,offset,2.0
Tikhonov,38,16.22499232176936,0.4957626134499692,0.5656722,offset,2.0
Tikhonov,39,18.168087859101703,0.3990684239114904,0.43370733,offset,2.0
Tikhonov,40,18.809234962049594,0.25277574596039504,0.7003727,offset,2.0
Tikhonov,41,17.013552759707874,0.4657345354857216,0.54201597,offset,2.0
Tikhonov,42,17.160299841037492,0.5639952869259864,0.43234104,offset,2.0
Tikhonov,43,17.490884799340783,0.46666689113663773,0.53022397,offset,2.0
Tikhonov,44,17.670501717834043,0.47307329368176254,0.4624303,offset,2.0
Tikhonov,45,16.7557138656614,0.5432780839977612,0.52254367,offset,2.0
Tikhonov,46,18.08837153004285,0.43378584481263915,0.42882565,offset,2.0
Tikhonov,47,16.43532519713719,0.4476508953847176,0.6080398,offset,2.0
Tikhonov,48,16.540709644785597,0.6522371123765195,0.354526,offset,2.0
Tikhonov,49,16.954194195951853,0.608797478389398,0.44304535,offset,2.0
Tikhonov,50,17.282070289547406,0.5189062115223501,0.47366497,offset,2.0
Tikhonov,51,15.578143507841123,0.695757652924652,0.40889627,offset,2.0
Tikhonov,52,16.59739821946973,0.5931208168963655,0.47807157,offset,2.0
Tikhonov,53,16.875874098611252,0.5681683900395662,0.5741354,offset,2.0
Tikhonov,54,15.721564527863801,0.6837113057518155,0.43127918,offset,2.0
Tikhonov,55,16.104261556071847,0.5968049989540846,0.4538965,offset,2.0
Tikhonov,56,17.27716713431005,0.6570922066616318,0.39340818,offset,2.0
Tikhonov,57,17.929734114337876,0.29770669047138654,0.6141597,offset,2.0
Tikhonov,58,17.054238133216533,0.5867372231749425,0.42154038,offset,2.0
Tikhonov,59,17.770044821634922,0.39583140880654544,0.6045657,offset,2.0
Tikhonov,60,16.86106238065255,0.5168251559036795,0.4211974,offset,2.0
Tikhonov,61,16.23201984477561,0.6418666914817377,0.41661432,offset,2.0
Tikhonov,62,17.701105779535848,0.43337411963532885,0.578462,offset,2.0
Tikhonov,63,16.62721310930518,0.5366537416000727,0.48763493,offset,2.0
Tikhonov,64,16.195848451962316,0.648146489382556,0.42193925,offset,2.0
Tikhonov,65,18.167137303100283,0.3949979016901771,0.5377864,offset,2.0
Tikhonov,66,16.065091669766524,0.6083800147202401,0.5108214,offset,2.0
Tikhonov,67,16.846689148393644,0.5660282578579081,0.47978878,offset,2.0
Tikhonov,68,16.921252589722048,0.6412690635106704,0.35383177,offset,2.0
Tikhonov,69,16.207723548850538,0.706758759872173,0.4432061,offset,2.0
Tikhonov,70,16.922776804905958,0.5326138703560953,0.45713356,offset,2.0
Tikhonov,71,16.10605414814655,0.7768807772141477,0.36516225,offset,2.0
Tikhonov,72,16.00173882697818,0.6368650657587592,0.46838093,offset,2.0
Tikhonov,73,16.48971953371436,0.5348636819887232,0.41242424,offset,2.0
Tikhonov,74,18.919005545229584,0.37152384192377813,0.44566146,offset,2.0
Tikhonov,75,16.794701885330163,0.527502203320994,0.46371165,offset,2.0
Tikhonov,76,16.85394061033299,0.49356331835955014,0.53311056,offset,2.0
Tikhonov,77,17.05810816359946,0.5721590210806794,0.5243472,offset,2.0
Tikhonov,78,17.549823897651663,0.4486799181312946,0.4507002,offset,2.0
Tikhonov,79,16.626902311198332,0.6572213026947267,0.3512078,offset,2.0
Tikhonov,80,17.348814177751404,0.4833649622448643,0.45169953,offset,2.0
Tikhonov,81,16.58040141751536,0.5674842443357584,0.43898222,offset,2.0
Tikhonov,82,16.21794635404021,0.6729203614681452,0.40005672,offset,2.0
Tikhonov,83,17.231917367472793,0.4725659176656035,0.503038,offset,2.0
Tikhonov,84,15.796042445389782,0.6084015492093942,0.4765347,offset,2.0
Tikhonov,85,16.848844938670165,0.6771657244920007,0.3561423,offset,2.0
Tikhonov,86,17.59848322705763,0.5398016680899839,0.38974366,offset,2.0
Tikhonov,87,16.624300901773474,0.6077918088109779,0.4325527,offset,2.0
Tikhonov,88,16.665814488250746,0.6085252685704238,0.42959255,offset,2.0
Tikhonov,89,17.854495607981605,0.3930151755349087,0.47212902,offset,2.0
Tikhonov,90,16.711342410420674,0.6119372350960385,0.44817773,offset,2.0
Tikhonov,91,16.60747679149239,0.4996885519156286,0.49194995,offset,2.0
Tikhonov,92,16.777197465942596,0.39818526677208116,0.62334645,offset,2.0
Tikhonov,93,17.028060255474312,0.6151804510604548,0.3481561,offset,2.0
Tikhonov,94,17.623032852227208,0.4364770492656668,0.4047747,offset,2.0
Tikhonov,95,16.38584943899399,0.6769743008840462,0.35461536,offset,2.0
Tikhonov,96,18.472303512246363,0.34956352551917985,0.53833765,offset,2.0
Tikhonov,97,17.194531165614965,0.5893720922044436,0.37725264,offset,2.0
Tikhonov,98,16.522210682571647,0.5619426711745299,0.4820609,offset,2.0
Tikhonov,99,16.46614361042589,0.608736301270556,0.4090408,offset,2.0
Tikhonov,100,16.307479427726786,0.49820308178645933,0.5967273,offset,2.0
Tikhonov,101,16.385294633131,0.6641802582858527,0.4576612,offset,2.0
Tikhonov,102,16.108526327497053,0.6389498901250388,0.46263736,offset,2.0
Tikhonov,103,17.098848767806352,0.6102714000119681,0.4275729,offset,2.0
Tikhonov,104,16.84093522104076,0.5825260028246432,0.47972164,offset,2.0
Tikhonov,105,17.13894700037435,0.54216465748022,0.48284084,offset,2.0
Tikhonov,106,15.76524831025406,0.6986444749169952,0.47129896,offset,2.0
Tikhonov,107,18.69878426672554,0.39815145049990763,0.4820305,offset,2.0
Tikhonov,108,17.226851556014495,0.49964265979577266,0.44070175,offset,2.0
Tikhonov,109,16.458461987391686,0.5194653469019508,0.5206931,offset,2.0
Tikhonov,110,16.50720228853922,0.5781810717620648,0.42968786,offset,2.0
Tikhonov,111,18.25010976069134,0.4377325912497357,0.43548483,offset,2.0
Tikhonov,112,17.229558928802163,0.4640406387011917,0.5016864,offset,2.0
Tikhonov,113,17.264563883460134,0.516889500751137,0.436643,offset,2.0
Tikhonov,114,17.45741707192967,0.4724298095145871,0.48181906,offset,2.0
Tikhonov,115,17.48438845258513,0.45640733697324654,0.5017475,offset,2.0
Tikhonov,116,17.564726111651176,0.4209286836560427,0.53369856,offset,2.0
Tikhonov,117,16.96249371098098,0.5858292385179564,0.42894828,offset,2.0
Tikhonov,118,17.36025653341531,0.4762698999917075,0.52773356,offset,2.0
Tikhonov,119,16.431633492353996,0.6490795229420196,0.42373204,offset,2.0
Tikhonov,120,16.312687386010015,0.7213548445671966,0.38002068,offset,2.0
Tikhonov,121,17.41564830290798,0.5489808857659347,0.46935347,offset,2.0
Tikhonov,122,18.576128203216086,0.4127843355269783,0.5008719,offset,2.0
Tikhonov,123,16.460616620344084,0.5741291838488349,0.47316426,offset,2.0
Tikhonov,124,16.737987426398313,0.5194379399385792,0.44262823,offset,2.0
Tikhonov,125,17.001320515916913,0.4759265631256906,0.5093857,offset,2.0
Tikhonov,126,16.317270755983937,0.7071419322746806,0.44081736,offset,2.0
Tikhonov,127,16.77090428811767,0.5946019902471299,0.4314414,offset,2.0
Tikhonov,128,15.832123053715277,0.6372582639816741,0.39340028,offset,2.0
Tikhonov,129,16.744221180018577,0.5746735871299498,0.47636542,offset,2.0
Tikhonov,130,16.65221837864006,0.6348382486222881,0.37574208,offset,2.0
Tikhonov,131,16.36589360562138,0.6703005810489508,0.3632563,offset,2.0
Tikhonov,132,15.979122695564792,0.6917044570614691,0.3925666,offset,2.0
Tikhonov,133,16.832141103925757,0.6605142999446685,0.38197196,offset,2.0
Tikhonov,134,15.934489608846874,0.5560326055995928,0.45812172,offset,2.0
Tikhonov,135,18.406356497017537,0.3912860165356874,0.42608812,offset,2.0
Tikhonov,136,16.57352255774841,0.6165134176067827,0.45437476,offset,2.0
Tikhonov,137,17.304059566534725,0.4156606245590162,0.451039,offset,2.0
Tikhonov,138,16.074904447989773,0.5764082351363695,0.45563197,offset,2.0
Tikhonov,139,16.40431816827649,0.5635276724378028,0.45802468,offset,2.0
Tikhonov,140,16.875420534733344,0.4228908415613908,0.58572185,offset,2.0
Tikhonov,141,16.64179324939838,0.4304159390446653,0.53549474,offset,2.0
Tikhonov,142,16.318648080857102,0.5980195184906921,0.5044616,offset,2.0
Tikhonov,143,18.905949353003034,0.33887463714037486,0.518783,offset,2.0
Tikhonov,144,16.422054359757997,0.5426796980366719,0.46530542,offset,2.0
Tikhonov,145,18.222369415324913,0.3140466448510343,0.56797546,offset,2.0
Tikhonov,146,16.333448105722226,0.5954125250281029,0.41600502,offset,2.0
Tikhonov,147,16.136135095907864,0.7217640206578557,0.37811488,offset,2.0
Tikhonov,148,16.859780583088654,0.618941581321684,0.45586193,offset,2.0
Tikhonov,149,16.730954871572536,0.4894068482214554,0.57600784,offset,2.0
Tikhonov,150,16.93282332435003,0.5618828075614658,0.4552652,offset,2.0
Tikhonov,151,15.782369692436847,0.6573714755638118,0.45640013,offset,2.0
Tikhonov,152,16.96970593605666,0.5219377908946596,0.49728277,offset,2.0
Tikhonov,153,16.866280337646803,0.5589187530168593,0.5155406,offset,2.0
Tikhonov,154,18.532160622338004,0.3027027540463542,0.5829641,offset,2.0
Tikhonov,155,16.679693179022955,0.6500214203263244,0.40522566,offset,2.0
Tikhonov,156,17.098138211081707,0.513620183076748,0.46655577,offset,2.0
Tikhonov,157,16.534663361265608,0.5879125608316976,0.4701815,offset,2.0
Tikhonov,158,17.271284777760613,0.5880321707135867,0.4354538,offset,2.0
Tikhonov,159,17.69912807308156,0.43291351899902974,0.5289217,offset,2.0
Tikhonov,160,16.671227532219866,0.5381558849293477,0.44748297,offset,2.0
Tikhonov,161,16.230047153037344,0.6113641411821312,0.47270003,offset,2.0
Tikhonov,162,16.1395753798388,0.6849275931984394,0.39732176,offset,2.0
Tikhonov,163,16.733479210295503,0.6292257173403458,0.39806452,offset,2.0
Tikhonov,164,16.470120040575903,0.515038516636782,0.4896866,offset,2.0
Tikhonov,165,16.47490913610454,0.693870458823113,0.4121578,offset,2.0
Tikhonov,166,15.996479639539416,0.5218559113311416,0.53688896,offset,2.0
Tikhonov,167,17.166215185643342,0.4884188766042848,0.51397765,offset,2.0
Tikhonov,168,18.92680486353069,0.3777471068755373,0.45724997,offset,2.0
Tikhonov,169,17.90367203866255,0.5231906015721529,0.44854045,offset,2.0
Tikhonov,170,17.60075636463721,0.46686591461545224,0.5070615,offset,2.0
Tikhonov,171,16.87345755641654,0.598986220813774,0.37086192,offset,2.0
Tikhonov,172,15.523848970937946,0.6819857682331373,0.45589906,offset,2.0
Tikhonov,173,16.383781674157014,0.5844318575638515,0.5542449,offset,2.0
Tikhonov,174,16.703858095521884,0.5458656804254163,0.46510884,offset,2.0
Tikhonov,175,19.118721473412055,0.3308835472663372,0.6613981,offset,2.0
Tikhonov,176,19.47754756667525,0.2912865300804246,0.6311445,offset,2.0
Tikhonov,177,16.547880658084026,0.5510590598963717,0.44607314,offset,2.0
Tikhonov,178,18.40242383595237,0.34596720539526016,0.49873185,offset,2.0
Tikhonov,179,16.371098809330746,0.6013319266980229,0.40220797,offset,2.0
Tikhonov,180,18.920004400652118,0.3384803856255425,0.5019048,offset,2.0
Tikhonov,181,16.262307631435654,0.5900512118289856,0.42095482,offset,2.0
Tikhonov,182,17.724313012142673,0.4818885839748204,0.4717871,offset,2.0
Tikhonov,183,15.346445109480056,0.7299352189249836,0.4168844,offset,2.0
Tikhonov,184,17.113507518510318,0.5708182791160412,0.44323578,offset,2.0
Tikhonov,185,16.50903097121546,0.5317802394589713,0.48715344,offset,2.0
Tikhonov,186,16.23607024363111,0.67067416110254,0.36863267,offset,2.0
Tikhonov,187,16.274842521695778,0.6536237541725667,0.44836763,offset,2.0
Tikhonov,188,15.872762303118717,0.7113548821405496,0.39415178,offset,2.0
Tikhonov,189,18.401401704571022,0.2891434539667011,0.63193506,offset,2.0
Tikhonov,190,17.874836964648605,0.4390553324367882,0.4157962,offset,2.0
Tikhonov,191,18.532240770382572,0.3686343714717991,0.50758755,offset,2.0
Tikhonov,192,15.826929698598466,0.6418053936458593,0.45644033,offset,2.0
Tikhonov,193,16.81484245834612,0.5088757461019645,0.49908862,offset,2.0
Tikhonov,194,15.903790051732582,0.6666011883081553,0.448362,offset,2.0
Tikhonov,195,17.522537845393984,0.37752809796952796,0.63790035,offset,2.0
Tikhonov,196,17.640407495722226,0.3840280875848887,0.44781026,offset,2.0
Tikhonov,197,16.428378957151065,0.5437512588384177,0.39991832,offset,2.0
Tikhonov,198,16.906158728550828,0.4730057372112204,0.50811684,offset,2.0
Tikhonov,199,16.789484831582186,0.6659962145812724,0.34882614,offset,2.0
TV,0,19.01995296387154,0.5760359019276778,0.4074874,offset,2.0
TV,1,19.466003226507286,0.6980011206195297,0.30205715,offset,2.0
TV,2,19.42939530849831,0.3920699379234652,0.53963673,offset,2.0
TV,3,19.212142615491764,0.7879523189982769,0.269077,offset,2.0
TV,4,19.59463588733968,0.6809911201910062,0.37491032,offset,2.0
TV,5,20.717021852334717,0.47492011832814157,0.3781901,offset,2.0
TV,6,17.9840312340802,0.6403547861672984,0.4299689,offset,2.0
TV,7,19.250866549393713,0.5785385821003097,0.3657036,offset,2.0
TV,8,19.46439887612106,0.7578293366015173,0.29120353,offset,2.0
TV,9,18.949999407290324,0.7024870387909642,0.3067311,offset,2.0
TV,10,18.915527382841745,0.8054220220747534,0.32090592,offset,2.0
TV,11,18.054487567553227,0.7346545396120603,0.37487715,offset,2.0
TV,12,18.412214959804786,0.5968391467439018,0.3897035,offset,2.0
TV,13,18.27935915444528,0.772490750236989,0.34514323,offset,2.0
TV,14,21.11038099971902,0.46321862284623255,0.32243988,offset,2.0
TV,15,18.23165962132319,0.7288947362012099,0.41696766,offset,2.0
TV,16,18.37564068614881,0.6868733832384614,0.38867956,offset,2.0
TV,17,19.888918868818045,0.6518944105388854,0.32461092,offset,2.0
TV,18,17.912328533887134,0.7841275905486011,0.32641268,offset,2.0
TV,19,19.99062614529678,0.6085884774383735,0.39719832,offset,2.0
TV,20,19.271748499462248,0.6418346275714003,0.31301394,offset,2.0
TV,21,19.94474997370642,0.6311226152701396,0.3300207,offset,2.0
TV,22,18.039623329315603,0.71660122881097,0.40052137,offset,2.0
TV,23,18.603164828331163,0.6495128773683913,0.40641484,offset,2.0
TV,24,18.67982548860619,0.5436372019173501,0.537145,offset,2.0
TV,25,18.640728902511768,0.8749630267708755,0.237946,offset,2.0
TV,26,18.6248709115992,0.506769211393731,0.47554642,offset,2.0
TV,27,19.03496846321899,0.674760076659924,0.3657893,offset,2.0
TV,28,19.08754448577455,0.797211652771716,0.28568083,offset,2.0
TV,29,21.352523690748523,0.4377544261298666,0.3669,offset,2.0
TV,30,20.21448701470525,0.6817470341608167,0.29750028,offset,2.0
TV,31,21.293996768197005,0.4288408161835622,0.40591106,offset,2.0
TV,32,18.76468797707044,0.7015020526100858,0.3436806,offset,2.0
TV,33,18.526223450177767,0.7310273817765396,0.37145466,offset,2.0
TV,34,19.653972107836115,0.6867768071569725,0.30694678,offset,2.0
TV,35,18.174164212730048,0.8285378343464176,0.35284042,offset,2.0
TV,36,18.874627403480247,0.6578765323809886,0.3744209,offset,2.0
TV,37,21.61377107439695,0.4579494119331256,0.33912736,offset,2.0
TV,38,17.640993111596593,0.6091132982685,0.48057902,offset,2.0
TV,39,21.009828818656878,0.5091803675110467,0.3126869,offset,2.0
TV,40,20.951464611513103,0.4053266413436725,0.5472902,offset,2.0
TV,41,18.28651601930072,0.5505087710379417,0.46812722,offset,2.0
TV,42,19.44925078872148,0.6644590447987776,0.33218414,offset,2.0
TV,43,19.498885612833345,0.5560288498089611,0.4207841,offset,2.0
TV,44,20.534275992771335,0.5846496841592198,0.33255047,offset,2.0
TV,45,18.743984841960163,0.6610632551774337,0.41563204,offset,2.0
TV,46,20.83808121371099,0.5438778426821443,0.31246057,offset,2.0
TV,47,17.415134596804695,0.5413362397725717,0.5431772,offset,2.0
TV,48,19.280323170210774,0.7456432424677143,0.25862315,offset,2.0
TV,49,19.037089017871427,0.7130728367444759,0.3485808,offset,2.0
TV,50,19.17587477483208,0.6257744429575054,0.38087374,offset,2.0
TV,51,17.89877627056229,0.8146734233957154,0.3130268,offset,2.0
TV,52,18.839469480519398,0.7048657031976118,0.3693085,offset,2.0
TV,53,18.314707234759226,0.6911503619298893,0.48648858,offset,2.0
TV,54,17.97443840442162,0.7915884315994499,0.3327475,offset,2.0
TV,55,18.765974772150887,0.7101634543337128,0.3340959,offset,2.0
TV,56,20.34713796163398,0.7691249568592603,0.27627707,offset,2.0
TV,57,19.714825892229726,0.38373794300459546,0.5000653,offset,2.0
TV,58,19.118480038337175,0.6896090214140713,0.33237404,offset,2.0
TV,59,18.556235139926617,0.49145828749770915,0.55224776,offset,2.0
TV,60,19.462997341605917,0.6362806283416658,0.3121684,offset,2.0
TV,61,18.67724055609656,0.7410363257450845,0.3143932,offset,2.0
TV,62,19.35835266161879,0.5300049502441029,0.47798303,offset,2.0
TV,63,18.999188570545602,0.6375040914853727,0.37110433,offset,2.0
TV,64,18.292034896443617,0.749355941923568,0.33146724,offset,2.0
TV,65,20.163422329065305,0.5068267881889512,0.42736167,offset,2.0
TV,66,17.733333457262795,0.7098858500912608,0.42155772,offset,2.0
TV,67,19.11864211511078,0.6801765155112601,0.36936218,offset,2.0
TV,68,19.67571885898809,0.747006056122174,0.2576757,offset,2.0
TV,69,18.82345443935099,0.8082058574857136,0.32795873,offset,2.0
TV,70,19.65874488358413,0.6612238522690205,0.33361432,offset,2.0
TV,71,19.14942407609429,0.8788871032359995,0.2572275,offset,2.0
TV,72,18.038589897077845,0.7346517876952825,0.37047306,offset,2.0
TV,73,18.53228824046844,0.6458729420276743,0.3259986,offset,2.0
TV,74,21.45791782544945,0.5072840446575491,0.3327051,offset,2.0
TV,75,19.09039369882151,0.643689432600898,0.35601103,offset,2.0
TV,76,18.778170433661042,0.6379652516598898,0.427175,offset,2.0
TV,77,19.191751329415816,0.6983586794125255,0.4101444,offset,2.0
TV,78,20.001132304012003,0.566825291582514,0.33987743,offset,2.0
TV,79,18.747062084596735,0.7664297447197835,0.27514157,offset,2.0
TV,80,20.431074957018843,0.5896345429360089,0.31676456,offset,2.0
TV,81,18.97195997324449,0.6741961894743529,0.33332583,offset,2.0
TV,82,19.13162018203464,0.7729814182264607,0.2860473,offset,2.0
TV,83,19.168914443455556,0.5701475649528986,0.40248612,offset,2.0
TV,84,17.69944969623901,0.7258671054266362,0.38275793,offset,2.0
TV,85,19.738001108368803,0.7725859584704364,0.25536758,offset,2.0
TV,86,20.251282459695787,0.654353202055574,0.28717002,offset,2.0
TV,87,18.86727295493486,0.7053534750824733,0.33411074,offset,2.0
TV,88,19.000100776177995,0.7364159895694999,0.32835412,offset,2.0
TV,89,20.486779798227687,0.5246954240753462,0.34869558,offset,2.0
TV,90,18.83650736936407,0.7232422147745705,0.350907,offset,2.0
TV,91,18.56435244804435,0.5938923786113361,0.3927147,offset,2.0
TV,92,17.661222487465555,0.4734264564284793,0.5630257,offset,2.0
TV,93,19.629164090369756,0.7089422085122321,0.25805888,offset,2.0
TV,94,20.39114345330255,0.5510701323411531,0.2943119,offset,2.0
TV,95,18.993516995889756,0.7816929473139514,0.26264802,offset,2.0
TV,96,20.656810713881605,0.45141097926919554,0.41862908,offset,2.0
TV,97,20.47995751539874,0.6948273058332242,0.25844073,offset,2.0
TV,98,18.44942211011404,0.6922331963591701,0.38613695,offset,2.0
TV,99,18.04524719173113,0.7104273228410608,0.34104484,offset,2.0
TV,100,17.30416762317619,0.5920492974263886,0.5320366,offset,2.0
TV,101,18.47784929466117,0.7642892254564588,0.3596801,offset,2.0
TV,102,18.218404948926864,0.7748531558404653,0.36286646,offset,2.0
TV,103,19.704100578298934,0.7063427586911808,0.31677258,offset,2.0
TV,104,19.696992835321353,0.722915679986073,0.34529194,offset,2.0
TV,105,19.26955301897602,0.6671094010278106,0.37781024,offset,2.0
TV,106,17.638087019447752,0.8086952703431526,0.37988707,offset,2.0
TV,107,21.242677136872892,0.5447352339305784,0.35964987,offset,2.0
TV,108,19.089915216746252,0.5980358954878863,0.35562447,offset,2.0
TV,109,18.580468611644587,0.6430638317472863,0.4078322,offset,2.0
TV,110,18.537267843395245,0.6745912678518586,0.3401338,offset,2.0
TV,111,21.850075499125513,0.529555405985587,0.28772312,offset,2.0
TV,112,19.29350555743595,0.5741900900616465,0.39558062,offset,2.0
TV,113,19.7575913953738,0.638069919352843,0.327699,offset,2.0
TV,114,19.742699665779007,0.57717078594945,0.37035638,offset,2.0
TV,115,19.944680869154784,0.5787772970891766,0.37798154,offset,2.0
TV,116,19.078873144261166,0.5396206161692307,0.4483206,offset,2.0
TV,117,19.327415308345216,0.6981973391490958,0.3267073,offset,2.0
TV,118,18.804899414347812,0.5651631825973957,0.44687143,offset,2.0
TV,119,19.063496059451612,0.7558291781701394,0.31296673,offset,2.0
TV,120,18.706394836065584,0.8119615162395649,0.2884841,offset,2.0
TV,121,19.833928188008276,0.6669635486207933,0.3552925,offset,2.0
TV,122,20.917304000370272,0.5263302817426945,0.3825321,offset,2.0
TV,123,18.551494489768167,0.7164492855783675,0.37193584,offset,2.0
TV,124,18.851818416504898,0.6083572053154238,0.34701446,offset,2.0
TV,125,18.9884768844486,0.5901231544076904,0.40521818,offset,2.0
TV,126,19.590132898949555,0.8303146772760097,0.3024235,offset,2.0
TV,127,19.425387053332297,0.7175828717160231,0.31783202,offset,2.0
TV,128,17.659641270972035,0.7276823278006612,0.3187563,offset,2.0
TV,129,18.94955697602745,0.681616794258791,0.36955017,offset,2.0
TV,130,18.524395344314172,0.7341454695079914,0.30288723,offset,2.0
TV,131,19.365873756494373,0.7786241030524492,0.2571664,offset,2.0
TV,132,19.089085992582767,0.8159188527598484,0.27441964,offset,2.0
TV,133,19.961086269682962,0.7623512787053608,0.26643068,offset,2.0
TV,134,18.285626428844864,0.6755025949668763,0.34948137,offset,2.0
TV,135,21.51285151460488,0.4625051483340669,0.29797146,offset,2.0
TV,136,19.40682165522442,0.7295227598686114,0.3279059,offset,2.0
TV,137,19.706496860780497,0.4974364995415715,0.34205207,offset,2.0
TV,138,17.663933451008486,0.6747036368638077,0.37945715,offset,2.0
TV,139,18.339036048643315,0.6708471519330879,0.36656666,offset,2.0
TV,140,18.412816223837734,0.5222825406269317,0.4907063,offset,2.0
TV,141,18.32774319903503,0.5262722909159012,0.44101942,offset,2.0
TV,142,18.268679083210145,0.7300005216105294,0.40301996,offset,2.0
TV,143,21.635962812252618,0.463048253314712,0.37886548,offset,2.0
TV,144,18.582841905563818,0.6415450387273065,0.36282623,offset,2.0
TV,145,19.775865014984173,0.4029581753627497,0.4749576,offset,2.0
TV,146,18.6433576849401,0.7427535357198116,0.31886223,offset,2.0
TV,147,18.829386015743296,0.8243383577878564,0.27730727,offset,2.0
TV,148,19.730953589674506,0.7316602002468522,0.32754776,offset,2.0
TV,149,17.598293970589953,0.6163590086416211,0.5212684,offset,2.0
TV,150,18.92930722823558,0.6655025082377694,0.3617764,offset,2.0
TV,151,17.894745859734137,0.7567277700382415,0.35787135,offset,2.0
TV,152,19.06559947481207,0.6203962243514468,0.3906688,offset,2.0
TV,153,18.709166917878672,0.6619223603692044,0.41698316,offset,2.0
TV,154,20.3831994855835,0.3751826530788094,0.47107482,offset,2.0
TV,155,19.21345908724185,0.7693968303347668,0.30269733,offset,2.0
TV,156,19.23714246799643,0.6336008740159922,0.36471474,offset,2.0
TV,157,19.361997440873814,0.705538969104032,0.3395462,offset,2.0
TV,158,19.493429510381123,0.6853320208331954,0.33715907,offset,2.0
TV,159,19.51123548919877,0.5413782506967579,0.42932487,offset,2.0
TV,160,19.310401028029712,0.6520592558172662,0.330231,offset,2.0
TV,161,18.351160118569418,0.7518135427255838,0.37027976,offset,2.0
TV,162,18.595469049530607,0.777696639974794,0.2994661,offset,2.0
TV,163,18.856974271580444,0.726352254837734,0.31173006,offset,2.0
TV,164,17.83660575230291,0.5924117846880108,0.41840222,offset,2.0
TV,165,19.087066704246507,0.7892790411479679,0.30510944,offset,2.0
TV,166,17.51827533267944,0.6291055215430285,0.4506036,offset,2.0
TV,167,19.143912188948534,0.5927865449358394,0.40931663,offset,2.0
TV,168,22.28696091271333,0.45470453682211265,0.31056026,offset,2.0
TV,169,20.070043700292768,0.6570408802136994,0.34952885,offset,2.0
TV,170,19.806829919661087,0.57030855799801,0.39332986,offset,2.0
TV,171,19.163519118960355,0.6904904349675317,0.28491095,offset,2.0
TV,172,17.829612487005825,0.7999417196616746,0.34960735,offset,2.0
TV,173,17.708048545312348,0.690337383657817,0.47587,offset,2.0
TV,174,19.01176526590857,0.6630513570276243,0.35658187,offset,2.0
TV,175,20.50112841230199,0.47168799458035027,0.56408244,offset,2.0
TV,176,21.082430542419374,0.3827406985296537,0.5246681,offset,2.0
TV,177,19.513392099446605,0.6795086456839888,0.317052,offset,2.0
TV,178,21.082649156090696,0.47100236203159734,0.366316,offset,2.0
TV,179,18.79376134320552,0.7042254419595172,0.30431095,offset,2.0
TV,180,21.981042594352175,0.43572306009500156,0.35283318,offset,2.0
TV,181,18.403826623098684,0.6822047354489919,0.32897246,offset,2.0
TV,182,20.351318638028634,0.585980307532105,0.3486549,offset,2.0
TV,183,18.343953927360364,0.8510402423735662,0.2952162,offset,2.0
TV,184,18.954373218924573,0.6683394029930865,0.3585845,offset,2.0
TV,185,18.379956909231467,0.6505334642446361,0.39275298,offset,2.0
TV,186,18.868737903494214,0.7525186877965173,0.27224535,offset,2.0
TV,187,18.713665075151408,0.7600019969265477,0.33860484,offset,2.0
TV,188,18.380926276037574,0.8115908309407456,0.29529446,offset,2.0
TV,189,20.479719476676294,0.4132429471197115,0.49745816,offset,2.0
TV,190,20.01836559369555,0.5630249255009704,0.3248659,offset,2.0
TV,191,20.81648649865234,0.47161556454880493,0.3902102,offset,2.0
TV,192,17.805959445000582,0.7452456871644605,0.36343986,offset,2.0
TV,193,18.612169949550314,0.6261400226888455,0.4057993,offset,2.0
TV,194,18.570787589952356,0.7919508662605889,0.32982147,offset,2.0
TV,195,18.80812285707575,0.49261425163049427,0.55014044,offset,2.0
TV,196,20.25929109437898,0.46944251448259505,0.33124542,offset,2.0
TV,197,18.286415820629802,0.645918417453558,0.32290104,offset,2.0
TV,198,18.45121828840805,0.5922371712691258,0.42531493,offset,2.0
TV,199,19.584270682350702,0.773702040049132,0.25285393,offset,2.0
PnP-DnCNN,0,22.482391981832023,0.9049963607676019,0.27352196,offset,2.0
PnP-DnCNN,1,23.32299992397345,0.9497459642281217,0.19374892,offset,2.0
PnP-DnCNN,2,23.342294243953216,0.9300849461573953,0.3439193,offset,2.0
PnP-DnCNN,3,22.118675942772978,0.9434498396417326,0.19255282,offset,2.0
PnP-DnCNN,4,23.262926028755007,0.9224868355365086,0.24576095,offset,2.0
PnP-DnCNN,5,26.662806751227613,0.9708494506468458,0.19073083,offset,2.0
PnP-DnCNN,6,21.30815392096295,0.9091969936593505,0.2932452,offset,2.0
PnP-DnCNN,7,22.16006852160801,0.9274228997528553,0.2616189,offset,2.0
PnP-DnCNN,8,22.276961135700258,0.9413539514961567,0.21065342,offset,2.0
PnP-DnCNN,9,21.21025666620937,0.9321501891105628,0.23645306,offset,2.0
PnP-DnCNN,10,23.085799283238877,0.9352031639538521,0.19854735,offset,2.0
PnP-DnCNN,11,23.011712754351066,0.9477747090099272,0.21184961,offset,2.0
PnP-DnCNN,12,21.630957190143384,0.9194155180872965,0.26902783,offset,2.0
PnP-DnCNN,13,23.946363980854734,0.9523670223872523,0.1797418,offset,2.0
PnP-DnCNN,14,24.15300460799589,0.9370596510134945,0.22715253,offset,2.0
PnP-DnCNN,15,21.694092046835593,0.8783001563211611,0.27988574,offset,2.0
PnP-DnCNN,16,22.89674703351704,0.9441007019813396,0.23095979,offset,2.0
PnP-DnCNN,17,23.751472133048907,0.9454881881386781,0.20808245,offset,2.0
PnP-DnCNN,18,20.16555816696602,0.9297714149348499,0.25182888,offset,2.0
PnP-DnCNN,19,23.942961395534663,0.9331668556844892,0.25199425,offset,2.0
PnP-DnCNN,20,20.86568885638879,0.9095014721378376,0.26053533,offset,2.0
PnP-DnCNN,21,24.7819627780733,0.9536582173102282,0.18909523,offset,2.0
PnP-DnCNN,22,21.588257183469022,0.9267907347530127,0.26619142,offset,2.0
PnP-DnCNN,23,21.31126950740385,0.9098892991762023,0.297553,offset,2.0
PnP-DnCNN,24,21.389207596157902,0.831111076293698,0.39320812,offset,2.0
PnP-DnCNN,25,21.387590259219927,0.9484141767332869,0.17343445,offset,2.0
PnP-DnCNN,26,21.900184430846103,0.9394422907705519,0.32615742,offset,2.0
PnP-DnCNN,27,23.2048361448474,0.9366342785252519,0.22632766,offset,2.0
PnP-DnCNN,28,24.13456402441527,0.9634288045123589,0.15978284,offset,2.0
PnP-DnCNN,29,26.343976172152765,0.9683094810971544,0.20652618,offset,2.0
PnP-DnCNN,30,25.424973232686156,0.9500075657505634,0.16329134,offset,2.0
PnP-DnCNN,31,24.133644146796946,0.9537678110405556,0.2927174,offset,2.0
PnP-DnCNN,32,23.197387823122384,0.9431656442644182,0.20630987,offset,2.0
PnP-DnCNN,33,21.845788341222338,0.9036961646119425,0.25347057,offset,2.0
PnP-DnCNN,34,22.634734361033317,0.9105268518540485,0.2177835,offset,2.0
PnP-DnCNN,35,21.168479450913242,0.9287946424331547,0.24995545,offset,2.0
PnP-DnCNN,36,20.899382678320887,0.8696355935771111,0.29656667,offset,2.0
PnP-DnCNN,37,26.451100582813748,0.9541036359011388,0.19431053,offset,2.0
PnP-DnCNN,38,22.25471774819997,0.9253642178517728,0.2825391,offset,2.0
PnP-DnCNN,39,23.359827080098302,0.9314894428368935,0.23856667,offset,2.0
PnP-DnCNN,40,23.91820811911506,0.9159156440426249,0.38893813,offset,2.0
PnP-DnCNN,41,21.970383613396557,0.908957046972326,0.30631658,offset,2.0
PnP-DnCNN,42,22.974640244537557,0.9359341302563337,0.22136524,offset,2.0
PnP-DnCNN,43,24.574443133146396,0.9357247360296979,0.23457485,offset,2.0
PnP-DnCNN,44,24.678433928007692,0.944933341154136,0.20637149,offset,2.0
PnP-DnCNN,45,23.4542380013087,0.9131783179415405,0.24165532,offset,2.0
PnP-DnCNN,46,24.959353947083226,0.9584582735561142,0.19441582,offset,2.0
PnP-DnCNN,47,20.78785142672745,0.8349047014739919,0.36838818,offset,2.0
PnP-DnCNN,48,22.021722979437705,0.9208177941705077,0.1886242,offset,2.0
PnP-DnCNN,49,21.32857387157147,0.891656865233032,0.26774988,offset,2.0
PnP-DnCNN,50,22.100167564065863,0.928143164219935,0.27199844,offset,2.0
PnP-DnCNN,51,21.214347185183165,0.9347208734016773,0.21369922,offset,2.0
PnP-DnCNN,52,21.41743984811213,0.9009734006302262,0.27446744,offset,2.0
PnP-DnCNN,53,24.405357176429057,0.9306879271714648,0.24129046,offset,2.0
PnP-DnCNN,54,20.615808339778052,0.9274048203032864,0.24549705,offset,2.0
PnP-DnCNN,55,22.336554333739013,0.9477205942115507,0.22148389,offset,2.0
PnP-DnCNN,56,23.612156600459553,0.9461324896571065,0.18971162,offset,2.0
PnP-DnCNN,57,25.937288665768065,0.946487333048289,0.24428882,offset,2.0
PnP-DnCNN,58,22.77998291101003,0.9301030493518414,0.2180479,offset,2.0
PnP-DnCNN,59,21.908130755591365,0.9035035115012453,0.3754388,offset,2.0
PnP-DnCNN,60,23.167716186226368,0.9467134994208382,0.20377597,offset,2.0
PnP-DnCNN,61,22.19183801710763,0.9531202084762006,0.20976995,offset,2.0
PnP-DnCNN,62,21.90202771646081,0.9087442323134458,0.3566389,offset,2.0
PnP-DnCNN,63,21.072996083966615,0.9170139735056595,0.29228443,offset,2.0
PnP-DnCNN,64,21.08434789963894,0.9322675491321432,0.2403394,offset,2.0
PnP-DnCNN,65,22.693053743281265,0.9173165118275595,0.3193846,offset,2.0
PnP-DnCNN,66,22.011270756737332,0.9407369081885362,0.2576085,offset,2.0
PnP-DnCNN,67,21.328331211000812,0.9228447143080806,0.28639668,offset,2.0
PnP-DnCNN,68,21.80342637772421,0.9248766347858285,0.20169173,offset,2.0
PnP-DnCNN,69,25.66026783992493,0.9715970512017731,0.14927207,offset,2.0
PnP-DnCNN,70,23.7316804653555,0.9420858991663318,0.20873627,offset,2.0
PnP-DnCNN,71,23.083174859880984,0.955930208987441,0.16354221,offset,2.0
PnP-DnCNN,72,21.76160189200585,0.9002700639303681,0.24132705,offset,2.0
PnP-DnCNN,73,20.291268618930545,0.916822798673279,0.26623595,offset,2.0
PnP-DnCNN,74,24.09541654859346,0.9428748585714781,0.24557523,offset,2.0
PnP-DnCNN,75,22.545930479968067,0.92951809251604,0.23915891,offset,2.0
PnP-DnCNN,76,21.15724496562523,0.8722916088944439,0.32482696,offset,2.0
PnP-DnCNN,77,23.453126412093333,0.9319717380379843,0.25111234,offset,2.0
PnP-DnCNN,78,22.883298812235864,0.931512583278058,0.24390124,offset,2.0
PnP-DnCNN,79,20.833554821770264,0.911519510275107,0.2163872,offset,2.0
PnP-DnCNN,80,23.132790382690878,0.9286440441862118,0.232087,offset,2.0
PnP-DnCNN,81,23.60414360137209,0.9488224452746309,0.19555089,offset,2.0
PnP-DnCNN,82,23.148023653707742,0.9316248491344866,0.18014313,offset,2.0
PnP-DnCNN,83,21.612728221563028,0.899808868380987,0.3037807,offset,2.0
PnP-DnCNN,84,20.72578574071478,0.9114187248205105,0.27015153,offset,2.0
PnP-DnCNN,85,21.466236083725583,0.8918335601179437,0.2092927,offset,2.0
PnP-DnCNN,86,22.552907248890968,0.9202679275142506,0.22032198,offset,2.0
PnP-DnCNN,87,22.255856559801398,0.9313288182943813,0.22618367,offset,2.0
PnP-DnCNN,88,23.81112961356863,0.9593144695251441,0.18870829,offset,2.0
PnP-DnCNN,89,24.70667722399428,0.9439940411936153,0.214512,offset,2.0
PnP-DnCNN,90,24.244517330763546,0.9332783805622049,0.18827452,offset,2.0
PnP-DnCNN,91,22.910123183702197,0.9344758899066566,0.23811601,offset,2.0
PnP-DnCNN,92,20.897294651716408,0.8859223938346956,0.38790432,offset,2.0
PnP-DnCNN,93,23.05280490739173,0.9233464380833974,0.173995,offset,2.0
PnP-DnCNN,94,24.522988099461852,0.9526087532728171,0.1829008,offset,2.0
PnP-DnCNN,95,21.460449234235796,0.9367602227394246,0.1977095,offset,2.0
PnP-DnCNN,96,23.44224421813059,0.9239007132628179,0.30377898,offset,2.0
PnP-DnCNN,97,22.33535152490517,0.9086484661064118,0.20873308,offset,2.0
PnP-DnCNN,98,21.983365188818404,0.9025843723807946,0.2570657,offset,2.0
PnP-DnCNN,99,22.735516756380104,0.9442696722208961,0.19874583,offset,2.0
PnP-DnCNN,100,19.817514759550477,0.8863164101042285,0.39835858,offset,2.0
PnP-DnCNN,101,23.030589171524465,0.9474748657200455,0.21295086,offset,2.0
PnP-DnCNN,102,20.709360198521164,0.8927764201946633,0.27239493,offset,2.0
PnP-DnCNN,103,22.464818173087032,0.9121574054449058,0.23052163,offset,2.0
PnP-DnCNN,104,21.877893373536985,0.9361514648006968,0.2686219,offset,2.0
PnP-DnCNN,105,24.8349755318152,0.960091404924708,0.19906852,offset,2.0
PnP-DnCNN,106,20.267523630894374,0.9132619100538167,0.28066143,offset,2.0
PnP-DnCNN,107,24.392291681016385,0.9379919322961865,0.25026447,offset,2.0
PnP-DnCNN,108,21.521385093137045,0.9265650912411203,0.2687931,offset,2.0
PnP-DnCNN,109,23.028750891655797,0.9302077715800814,0.24438098,offset,2.0
PnP-DnCNN,110,21.744299070401382,0.9007722306534771,0.23512469,offset,2.0
PnP-DnCNN,111,25.810922895651572,0.9469695620946894,0.18236117,offset,2.0
PnP-DnCNN,112,23.12874422895206,0.9226182717676005,0.2543742,offset,2.0
PnP-DnCNN,113,23.20887656826262,0.9468151568011804,0.22024743,offset,2.0
PnP-DnCNN,114,22.854497997777315,0.9180582382462241,0.2588391,offset,2.0
PnP-DnCNN,115,24.718042116153068,0.9457868541752504,0.21817377,offset,2.0
PnP-DnCNN,116,21.654034535445046,0.896090061211389,0.3332964,offset,2.0
PnP-DnCNN,117,21.49343921281951,0.9191925000584076,0.25459957,offset,2.0
PnP-DnCNN,118,22.827338592923976,0.9295904412403826,0.28122932,offset,2.0
PnP-DnCNN,119,21.976696941383643,0.936479369717196,0.22378868,offset,2.0
PnP-DnCNN,120,21.876833363204366,0.9157155494875282,0.20026262,offset,2.0
PnP-DnCNN,121,22.735665530674908,0.9192744412359374,0.25438946,offset,2.0
PnP-DnCNN,122,25.400268958135307,0.9432823978795493,0.2283072,offset,2.0
PnP-DnCNN,123,20.75982678192281,0.8980403403743855,0.28843728,offset,2.0
PnP-DnCNN,124,21.987691585532943,0.9226824755449433,0.24185434,offset,2.0
PnP-DnCNN,125,22.00232009867758,0.911622669301496,0.28641567,offset,2.0
PnP-DnCNN,126,22.660005569315462,0.9516777977470524,0.21238409,offset,2.0
PnP-DnCNN,127,23.289801692716754,0.9327677568682462,0.20369339,offset,2.0
PnP-DnCNN,128,20.48686171661864,0.9024088022506926,0.23019598,offset,2.0
PnP-DnCNN,129,23.991963808508395,0.9568899607609126,0.20680122,offset,2.0
PnP-DnCNN,130,20.587916358818177,0.9322084993708971,0.23883884,offset,2.0
PnP-DnCNN,131,22.913671840290256,0.9401505859491747,0.17093238,offset,2.0
PnP-DnCNN,132,21.063825840825785,0.9244532353313993,0.2186141,offset,2.0
PnP-DnCNN,133,22.05243805792909,0.9192494918122764,0.20941927,offset,2.0
PnP-DnCNN,134,21.247580095164192,0.8897648048625628,0.24849997,offset,2.0
PnP-DnCNN,135,26.08587405938612,0.954131721896081,0.17600441,offset,2.0
PnP-DnCNN,136,24.354489132599568,0.9471490091898225,0.18550937,offset,2.0
PnP-DnCNN,137,22.41447392795243,0.9417661462933564,0.25043404,offset,2.0
PnP-DnCNN,138,21.057030763861167,0.9269401122746636,0.25674847,offset,2.0
PnP-DnCNN,139,20.35634833079651,0.8884784821882721,0.2905945,offset,2.0
PnP-DnCNN,140,20.023799406327463,0.8459904152651756,0.40763596,offset,2.0
PnP-DnCNN,141,19.968422020784196,0.9117414059102043,0.36511,offset,2.0
PnP-DnCNN,142,22.363870637901613,0.9033577159616696,0.25151676,offset,2.0
PnP-DnCNN,143,25.00186669414036,0.9368306415979096,0.257152,offset,2.0
PnP-DnCNN,144,22.2322243845063,0.9201255528456416,0.2383579,offset,2.0
PnP-DnCNN,145,23.251520475247254,0.9351389913642703,0.31832594,offset,2.0
PnP-DnCNN,146,21.71191920040806,0.9283285956552698,0.22396235,offset,2.0
PnP-DnCNN,147,21.66810602365109,0.9372171634608064,0.1999978,offset,2.0
PnP-DnCNN,148,25.055718579896578,0.9684226541233457,0.17743382,offset,2.0
PnP-DnCNN,149,20.00621076443338,0.8785678118713631,0.3950623,offset,2.0
PnP-DnCNN,150,23.116072549305752,0.9497395628247379,0.22340967,offset,2.0
PnP-DnCNN,151,19.89733917731447,0.9109616116120303,0.28418246,offset,2.0
PnP-DnCNN,152,22.102344821760482,0.912934052365378,0.27540478,offset,2.0
PnP-DnCNN,153,21.594208696808685,0.9033657852252407,0.29913443,offset,2.0
PnP-DnCNN,154,26.185428206469446,0.9518071772946306,0.24153411,offset,2.0
PnP-DnCNN,155,22.081983337825708,0.9322071593285592,0.21756168,offset,2.0
PnP-DnCNN,156,22.866479210154814,0.9426830058132322,0.24015217,offset,2.0
PnP-DnCNN,157,22.688597211376273,0.940374944297489,0.23150954,offset,2.0
PnP-DnCNN,158,24.793663346715746,0.9496600600498274,0.18315686,offset,2.0
PnP-DnCNN,159,23.63579822741327,0.9208897426185653,0.26702866,offset,2.0
PnP-DnCNN,160,22.646830633296666,0.9419508782669532,0.22490358,offset,2.0
PnP-DnCNN,161,21.675741640660313,0.9307501583306257,0.252523,offset,2.0
PnP-DnCNN,162,21.96514563996424,0.9376756385861595,0.20317201,offset,2.0
PnP-DnCNN,163,20.82539206482185,0.8821587554075224,0.24851796,offset,2.0
PnP-DnCNN,164,20.564712444980362,0.9062073400228723,0.3056248,offset,2.0
PnP-DnCNN,165,22.608980238374862,0.9222546612443633,0.20340422,offset,2.0
PnP-DnCNN,166,20.090202387369605,0.884531791468174,0.33511844,offset,2.0
PnP-DnCNN,167,21.877287323070746,0.9151396624135885,0.2988069,offset,2.0
PnP-DnCNN,168,26.667954027998615,0.9479452950864538,0.18754101,offset,2.0
PnP-DnCNN,169,23.23049932470358,0.9128630634027818,0.2429183,offset,2.0
PnP-DnCNN,170,22.69788301215435,0.9024204291895894,0.2819709,offset,2.0
PnP-DnCNN,171,21.426607521418525,0.916038539707045,0.21956076,offset,2.0
PnP-DnCNN,172,22.025117372985928,0.9449772626038425,0.21567774,offset,2.0
PnP-DnCNN,173,19.968799954566894,0.8441058965399861,0.3668181,offset,2.0
PnP-DnCNN,174,22.21922272627868,0.9207333271230055,0.24648266,offset,2.0
PnP-DnCNN,175,22.155928240169303,0.9042982575945433,0.46623257,offset,2.0
PnP-DnCNN,176,25.339061866407366,0.930580919854774,0.32140535,offset,2.0
PnP-DnCNN,177,23.67877768899193,0.9612576233700287,0.1962733,offset,2.0
PnP-DnCNN,178,24.903740754326805,0.9369073324598187,0.23593985,offset,2.0
PnP-DnCNN,179,23.293744853156234,0.9531875189917147,0.18126684,offset,2.0
PnP-DnCNN,180,24.0884585217608,0.942533587898351,0.27682075,offset,2.0
PnP-DnCNN,181,21.29500154732821,0.9341620111391564,0.23583095,offset,2.0
PnP-DnCNN,182,23.14000192601377,0.9365740761291698,0.25290743,offset,2.0
PnP-DnCNN,183,22.02094128988197,0.9595819210464304,0.19332625,offset,2.0
PnP-DnCNN,184,21.832311196639928,0.9085416303224061,0.25745103,offset,2.0
PnP-DnCNN,185,23.197777039965498,0.9562527113093817,0.22554255,offset,2.0
PnP-DnCNN,186,22.072655490171144,0.9232567105719374,0.18826282,offset,2.0
PnP-DnCNN,187,22.265165757437686,0.9156452069628583,0.22496663,offset,2.0
PnP-DnCNN,188,22.332559387475683,0.9412494092286865,0.18735859,offset,2.0
PnP-DnCNN,189,23.30570145176744,0.9250321234153076,0.35930023,offset,2.0
PnP-DnCNN,190,23.185750238959532,0.9349326923612721,0.2255978,offset,2.0
PnP-DnCNN,191,26.253316114477773,0.9519034520037903,0.20866863,offset,2.0
PnP-DnCNN,192,21.753673477433423,0.9560718741421858,0.2306996,offset,2.0
PnP-DnCNN,193,19.955204005119956,0.9103731166971617,0.34766388,offset,2.0
PnP-DnCNN,194,22.35796989060766,0.9489060640950834,0.2132651,offset,2.0
PnP-DnCNN,195,20.699214705169084,0.8448950855122986,0.44250584,offset,2.0
PnP-DnCNN,196,22.610313121821246,0.9147473068846282,0.25269625,offset,2.0
PnP-DnCNN,197,21.656826923212996,0.9201353269298215,0.21905284,offset,2.0
PnP-DnCNN,198,21.424565663613336,0.9031845807628937,0.30202523,offset,2.0
PnP-DnCNN,199,22.664566408667497,0.9212573826667075,0.1773597,offset,2.0
FBP,0,14.711647973404451,0.4575908755903298,0.6691592,offset,4.0
FBP,1,14.481814224427467,0.5703694743518227,0.5361652,offset,4.0
FBP,2,15.526417935393969,0.29512768249143606,0.8457663,offset,4.0
FBP,3,15.883842684062689,0.7002041359017853,0.3947222,offset,4.0
FBP,4,15.502592983413955,0.5470188653746222,0.6005229,offset,4.0
FBP,5,15.599777165138653,0.33241879332024477,0.6816672,offset,4.0
FBP,6,14.487454887376039,0.5047141188046796,0.6430813,offset,4.0
FBP,7,14.895134412501815,0.44160556962556297,0.60383165,offset,4.0
FBP,8,15.033662676229353,0.6394272106089908,0.48499075,offset,4.0
FBP,9,15.26121688833735,0.5725039634246871,0.46902606,offset,4.0
FBP,10,15.589588365335638,0.7046005329961912,0.47062463,offset,4.0
FBP,11,15.2305894686895,0.6486530790916881,0.5189002,offset,4.0
FBP,12,14.580974770406307,0.4861824553546954,0.605754,offset,4.0
FBP,13,15.247431130372426,0.6676365108521942,0.4893231,offset,4.0
FBP,14,15.39508421700148,0.3519867044025195,0.62260634,offset,4.0
FBP,15,14.634795191290547,0.5750533857859439,0.6308783,offset,4.0
FBP,16,15.020129812023871,0.5751129161629154,0.57196206,offset,4.0
FBP,17,15.571570424631656,0.5224329483458289,0.53361815,offset,4.0
FBP,18,14.715901241086906,0.6756316606885723,0.47161582,offset,4.0
FBP,19,15.347587265558305,0.44347137008659676,0.6778902,offset,4.0
FBP,20,15.186187782191759,0.5184806214982484,0.5010046,offset,4.0
FBP,21,15.382413554030121,0.5240733839922886,0.55803055,offset,4.0
FBP,22,14.843977663817196,0.5720672292357878,0.5786394,offset,4.0
FBP,23,15.245468725067674,0.5277908207819625,0.598211,offset,4.0
FBP,24,15.740415863188577,0.41627977097340596,0.75346315,offset,4.0
FBP,25,14.956660302539683,0.7854611497947971,0.36364856,offset,4.0
FBP,26,14.894430676668573,0.39998545586614975,0.7306593,offset,4.0
FBP,27,14.993187661332092,0.5271734014742894,0.58253235,offset,4.0
FBP,28,15.34266635612623,0.6815230000900871,0.43966815,offset,4.0
FBP,29,15.80831647254878,0.32909252413891643,0.6946373,offset,4.0
FBP,30,15.58068375148663,0.5490508965339967,0.50719804,offset,4.0
FBP,31,16.11324513444437,0.31074416661756027,0.7370017,offset,4.0
FBP,32,14.649155250424144,0.5510238904201942,0.5519905,offset,4.0
FBP,33,14.825919949984975,0.5807488514648025,0.5687494,offset,4.0
FBP,34,14.772879425027515,0.5419391557186242,0.53841573,offset,4.0
FBP,35,14.466635810837843,0.6913102919075634,0.540698,offset,4.0
FBP,36,15.049375789917125,0.5286329673902754,0.58159775,offset,4.0
FBP,37,15.570321969500512,0.3252495084212449,0.6800413,offset,4.0
FBP,38,14.76683882626112,0.4851238410666148,0.66907144,offset,4.0
FBP,39,15.848658524144883,0.37548093871045846,0.56645864,offset,4.0
FBP,40,15.490270895187606,0.2158266311369005,1.0263071,offset,4.0
FBP,41,15.084025456172103,0.44348840290595865,0.67684376,offset,4.0
FBP,42,15.473982371383645,0.5402695980906287,0.5249795,offset,4.0
FBP,43,15.374898560106269,0.43992255432229377,0.6764857,offset,4.0
FBP,44,15.813921267384883,0.4530490545526725,0.5726316,offset,4.0
FBP,45,15.223309989083425,0.5450316856030523,0.62336546,offset,4.0
FBP,46,15.7039184674493,0.4089544293557752,0.56429136,offset,4.0
FBP,47,14.784027542796066,0.426403922052291,0.73535466,offset,4.0
FBP,48,15.010403832478211,0.6202822868083688,0.42282763,offset,4.0
FBP,49,14.932844534952753,0.5576583692660384,0.55913377,offset,4.0
FBP,50,15.276032031719604,0.4931141100262548,0.59672356,offset,4.0
FBP,51,14.180176725063012,0.6804201858610837,0.4802988,offset,4.0
FBP,52,15.17987972615979,0.5703140869924282,0.56281906,offset,4.0
FBP,53,15.533455275063616,0.5599193121146647,0.6700933,offset,4.0
FBP,54,14.793298906135611,0.6912059275714718,0.47992322,offset,4.0
FBP,55,14.924949512359278,0.6039854057762418,0.5199031,offset,4.0
FBP,56,15.076344301718338,0.6104193421257857,0.5068559,offset,4.0
FBP,57,15.232036433902278,0.2775089491838154,0.83784986,offset,4.0
FBP,58,14.991562509960781,0.5575720625356027,0.53453106,offset,4.0
FBP,59,15.141415165177472,0.3567317299397969,0.81822914,offset,4.0
FBP,60,15.106642333306189,0.4925762602663984,0.51547396,offset,4.0
FBP,61,14.834949990807647,0.6305493221974576,0.48931405,offset,4.0
FBP,62,15.094629133399657,0.4058572849240019,0.78090584,offset,4.0
FBP,63,14.477440196684533,0.5031470342927462,0.62457335,offset,4.0
FBP,64,14.2546618072251,0.6140122234224571,0.5276054,offset,4.0
FBP,65,15.754900567181897,0.368397424438709,0.7099401,offset,4.0
FBP,66,14.629468242405519,0.6079518495693159,0.60262936,offset,4.0
FBP,67,14.620707584335424,0.518450356238728,0.61993927,offset,4.0
FBP,68,15.718586107499277,0.6315109815755435,0.40637794,offset,4.0
FBP,69,15.310230610927784,0.7091361956612793,0.49145117,offset,4.0
FBP,70,14.691474631137186,0.5015294727074268,0.5910282,offset,4.0
FBP,71,15.055694351150706,0.7707113347551809,0.41210118,offset,4.0
FBP,72,14.62396917217687,0.6144337581871328,0.548893,offset,4.0
FBP,73,14.678175906641025,0.5112045390211158,0.5080674,offset,4.0
FBP,74,16.470471039701323,0.3418642316031133,0.59078825,offset,4.0
FBP,75,14.928928155502613,0.49653726566467704,0.5748264,offset,4.0
FBP,76,15.512148194733443,0.4827026374758224,0.6221669,offset,4.0
FBP,77,15.084997690718831,0.542834219108225,0.6580736,offset,4.0
FBP,78,15.760198279157077,0.42573557203180346,0.5538205,offset,4.0
FBP,79,15.022692490845257,0.6201733793371257,0.42244935,offset,4.0
FBP,80,15.367190489823814,0.46168954373170284,0.56745416,offset,4.0
FBP,81,15.274890220723565,0.5578802637717988,0.51017886,offset,4.0
FBP,82,15.014171899490226,0.6461735301233926,0.45952624,offset,4.0
FBP,83,14.997125599260428,0.44371943677184345,0.65063936,offset,4.0
FBP,84,14.644144061054014,0.6042901599596443,0.5441135,offset,4.0
FBP,85,15.403031805294013,0.6525035854932311,0.42064357,offset,4.0
FBP,86,15.544637493702254,0.5109804762165473,0.49370933,offset,4.0
FBP,87,15.102113819172898,0.5831528362740012,0.51540464,offset,4.0
FBP,88,15.617248962963043,0.6008738681418684,0.48471338,offset,4.0
FBP,89,15.61406880985224,0.37466434809572424,0.6110574,offset,4.0
FBP,90,15.183434727439789,0.5924483589108356,0.5343744,offset,4.0
FBP,91,14.752268495296057,0.4801499411582919,0.6090898,offset,4.0
FBP,92,14.6398869942512,0.3667575788635122,0.7972508,offset,4.0
FBP,93,15.085265279432223,0.5793333314069352,0.43542537,offset,4.0
FBP,94,15.770809407174252,0.41963588362545845,0.5009848,offset,4.0
FBP,95,14.830539253996331,0.6566613508630852,0.42415348,offset,4.0
FBP,96,15.659425549874088,0.3175504718783787,0.7442154,offset,4.0
FBP,97,15.253843159238459,0.5619516432392825,0.47170088,offset,4.0
FBP,98,15.335108930991,0.5566824753682753,0.5526587,offset,4.0
FBP,99,15.357707526432112,0.597461153041862,0.4647169,offset,4.0
FBP,100,14.912150625866595,0.5011270844572043,0.70071656,offset,4.0
FBP,101,15.509542510471434,0.6789800197576887,0.50621116,offset,4.0
FBP,102,15.006046419982912,0.627850350788299,0.5252484,offset,4.0
FBP,103,14.729701383404814,0.5604746660287035,0.5616523,offset,4.0
FBP,104,15.0492069574989,0.5664265001858229,0.58962476,offset,4.0
FBP,105,15.971710033137601,0.5406730262472916,0.5522883,offset,4.0
FBP,106,14.341020198871256,0.6796393909687388,0.5552747,offset,4.0
FBP,107,15.877028136893012,0.36190422153823637,0.6670561,offset,4.0
FBP,108,14.59340589457653,0.45773351417078967,0.5967838,offset,4.0
FBP,109,15.133457445548313,0.5097655556837558,0.60650176,offset,4.0
FBP,110,15.003798508484266,0.5622244346468956,0.5108852,offset,4.0
FBP,111,16.2589428084547,0.4229641751200899,0.5476857,offset,4.0
FBP,112,15.210088233614293,0.4392449656670804,0.6330031,offset,4.0
FBP,113,15.370391067156389,0.5046936286408776,0.54304415,offset,4.0
FBP,114,15.4277542354349,0.4496423612170264,0.60864925,offset,4.0
FBP,115,15.387350853455764,0.447077481329036,0.6387591,offset,4.0
FBP,116,15.141689603651695,0.39010756374162997,0.70542014,offset,4.0
FBP,117,15.205275529914864,0.5561277375998257,0.52512884,offset,4.0
FBP,118,15.22649776239975,0.4543703520971313,0.67468745,offset,4.0
FBP,119,15.03131627305277,0.6351484793415971,0.49785995,offset,4.0
FBP,120,14.912492301470445,0.6951084031617247,0.4464954,offset,4.0
FBP,121,15.665928514566316,0.5387293987131527,0.57409793,offset,4.0
FBP,122,15.808422274170244,0.3737834779173328,0.6888298,offset,4.0
FBP,123,14.980589047151769,0.5560847666341987,0.56106514,offset,4.0
FBP,124,14.73898597696111,0.4918115291163476,0.5571719,offset,4.0
FBP,125,14.997530813358988,0.45001455110967764,0.64155847,offset,4.0
FBP,126,15.776723111899537,0.7315830988188905,0.4691223,offset,4.0
FBP,127,15.506202772414266,0.5844607312156008,0.49906474,offset,4.0
FBP,128,14.353332008712933,0.616894932963431,0.4664169,offset,4.0
FBP,129,14.89450074232474,0.5477590557156948,0.58942187,offset,4.0
FBP,130,15.264043329023734,0.6154938525347566,0.44085786,offset,4.0
FBP,131,15.166224625908795,0.6605530146083435,0.41705817,offset,4.0
FBP,132,14.97408991487873,0.6765591979873692,0.4407223,offset,4.0
FBP,133,15.023857949928306,0.6256160152584955,0.47037652,offset,4.0
FBP,134,14.234608857356342,0.5321350098183155,0.5571535,offset,4.0
FBP,135,15.98414368441312,0.3734803347812156,0.5631318,offset,4.0
FBP,136,15.046354421907393,0.6105641908026642,0.5417172,offset,4.0
FBP,137,15.136749399609798,0.3867495682889433,0.5788681,offset,4.0
FBP,138,14.684858439300692,0.5684995517650718,0.5347078,offset,4.0
FBP,139,14.972330068938614,0.5457679918041277,0.54011756,offset,4.0
FBP,140,14.927803779133722,0.4052371506509227,0.7329465,offset,4.0
FBP,141,14.138975515341174,0.38442043623094346,0.7143254,offset,4.0
FBP,142,15.026094093021916,0.5803567542336002,0.5854041,offset,4.0
FBP,143,16.398307330809963,0.3160682876285527,0.69241714,offset,4.0
FBP,144,14.430551098366099,0.5184865658548382,0.58521205,offset,4.0
FBP,145,15.096923231576966,0.28014699593070924,0.81395787,offset,4.0
FBP,146,14.760272631716333,0.5811099774437627,0.49860582,offset,4.0
FBP,147,14.924496913342672,0.7047726149872342,0.43471605,offset,4.0
FBP,148,15.93605642943702,0.6286368629983424,0.50701344,offset,4.0
FBP,149,14.61072341954342,0.445316607875303,0.7352583,offset,4.0
FBP,150,15.262220419034296,0.5455060666160632,0.5518164,offset,4.0
FBP,151,15.082894807692997,0.6759067459658754,0.49467447,offset,4.0
FBP,152,15.371432235754659,0.5157923077234098,0.59774655,offset,4.0
FBP,153,15.260691060987687,0.5422694055928294,0.62021506,offset,4.0
FBP,154,15.46731530305949,0.27578322010988865,0.8296293,offset,4.0
FBP,155,15.113519164872466,0.6268180618708432,0.48529476,offset,4.0
FBP,156,15.327512199417225,0.4963125385387203,0.5720511,offset,4.0
FBP,157,15.47225475195357,0.5933012454118074,0.5313565,offset,4.0
FBP,158,15.230418191377211,0.5590334131259376,0.55078924,offset,4.0
FBP,159,15.725127530871179,0.40792166734382956,0.6638828,offset,4.0
FBP,160,14.752363000753341,0.5100240349879754,0.55810994,offset,4.0
FBP,161,15.14073921359746,0.6119847491487942,0.5358596,offset,4.0
FBP,162,14.958724897150269,0.6717092251963865,0.45518178,offset,4.0
FBP,163,15.131555308532844,0.597819013347715,0.47868478,offset,4.0
FBP,164,14.80810403813921,0.4998442481469095,0.5929513,offset,4.0
FBP,165,15.27688168330502,0.6901044443841761,0.473113,offset,4.0
FBP,166,14.018549850653041,0.47442071330809366,0.67418784,offset,4.0
FBP,167,15.198963855788625,0.4605595645234268,0.6446245,offset,4.0
FBP,168,16.10634632725574,0.3531675996926439,0.6326691,offset,4.0
FBP,169,15.783795749068704,0.4920493971001949,0.5725263,offset,4.0
FBP,170,15.311412546370038,0.42782344955818447,0.65997547,offset,4.0
FBP,171,15.048811994441394,0.5587271571222261,0.45755625,offset,4.0
FBP,172,14.320536259218828,0.6740711458367228,0.5236419,offset,4.0
FBP,173,15.149000491370545,0.5759631877541128,0.63891155,offset,4.0
FBP,174,14.838921216305925,0.513309474146147,0.5765028,offset,4.0
FBP,175,16.02209174281158,0.2880877820701672,0.94470114,offset,4.0
FBP,176,15.7871848084006,0.24554007323556204,0.96526587,offset,4.0
FBP,177,15.251816183579576,0.5472465368530863,0.51785636,offset,4.0
FBP,178,15.722616698791889,0.3182123569249823,0.6789808,offset,4.0
FBP,179,15.641802740428677,0.605751757440013,0.437437,offset,4.0
FBP,180,16.492595514610926,0.3156644271102552,0.6637305,offset,4.0
FBP,181,15.078447403994108,0.5792336102470674,0.48242357,offset,4.0
FBP,182,15.667457405671287,0.4529338141781574,0.5978453,offset,4.0
FBP,183,14.963680089862075,0.7459209725253038,0.4356662,offset,4.0
FBP,184,15.273488599696767,0.5495347988345345,0.54781735,offset,4.0
FBP,185,14.967731060036618,0.5200068270795414,0.58174247,offset,4.0
FBP,186,14.66571583255162,0.6477335610944457,0.4416839,offset,4.0
FBP,187,15.533406711306277,0.6541614555219797,0.48832172,offset,4.0
FBP,188,14.787389740117746,0.7024787817159254,0.4466138,offset,4.0
FBP,189,15.294518980948444,0.26695402252312495,0.90368396,offset,4.0
FBP,190,15.718420986862569,0.40745849314684285,0.5329682,offset,4.0
FBP,191,15.89289489986935,0.34612401282242333,0.68782544,offset,4.0
FBP,192,14.449989160875546,0.6409043919843235,0.5348488,offset,4.0
FBP,193,15.157360212372899,0.497422470723198,0.60402066,offset,4.0
FBP,194,15.03304826873072,0.6698483537910468,0.49563944,offset,4.0
FBP,195,15.382853488034062,0.35315212314769967,0.8160881,offset,4.0
FBP,196,15.396431793496214,0.3581288174391375,0.57981956,offset,4.0
FBP,197,14.97999673473574,0.5259952458839484,0.47248757,offset,4.0
FBP,198,15.168055267563457,0.45661327833803333,0.62068146,offset,4.0
FBP,199,15.264589341921265,0.6349539375129879,0.4157706,offset,4.0
Tikhonov,0,16.40335325540885,0.4616215051099377,0.5507369,offset,4.0
Tikhonov,1,15.7393364961115,0.5737858611776702,0.46389797,offset,4.0
Tikhonov,2,18.28448020391653,0.31148579505739793,0.61566895,offset,4.0
Tikhonov,3,16.21223226969199,0.6838766025559214,0.38007745,offset,4.0
Tikhonov,4,16.906671034586672,0.5547758711356197,0.5108879,offset,4.0
Tikhonov,5,17.90831955102683,0.34546616457475826,0.52257097,offset,4.0
Tikhonov,6,15.822414841546106,0.5075826439079261,0.55146486,offset,4.0
Tikhonov,7,16.644802295798424,0.4572364299433991,0.49366513,offset,4.0
Tikhonov,8,16.181580911467172,0.640269082225763,0.42494968,offset,4.0
Tikhonov,9,16.0416714477029,0.5713517666050648,0.4287205,offset,4.0
Tikhonov,10,15.939210586035008,0.6789466573511374,0.45205736,offset,4.0
Tikhonov,11,15.86727696519218,0.6212392807089097,0.48222473,offset,4.0
Tikhonov,12,16.117741815427017,0.48403131142561706,0.50752556,offset,4.0
Tikhonov,13,15.914450282882452,0.6582057602903931,0.45315292,offset,4.0
Tikhonov,14,17.53008831499486,0.36138543157018327,0.48692647,offset,4.0
Tikhonov,15,15.887364483911055,0.5762026109913083,0.5461565,offset,4.0
Tikhonov,16,16.279030481769507,0.5662972009500242,0.49479148,offset,4.0
Tikhonov,17,16.548773533445605,0.5211295602303903,0.47683752,offset,4.0
Tikhonov,18,15.319613628945767,0.6594977825908914,0.43994942,offset,4.0
Tikhonov,19,17.1953709029532,0.45419315746908406,0.5479869,offset,4.0
Tikhonov,20,16.582060402041925,0.5305624142224701,0.42662677,offset,4.0
Tikhonov,21,16.98052879073153,0.5252350714458884,0.4642504,offset,4.0
Tikhonov,22,16.00468308881078,0.5716892329058411,0.50625896,offset,4.0
Tikhonov,23,16.24656246991489,0.5188903358802469,0.5330889,offset,4.0
Tikhonov,24,17.285880924659484,0.42033023939300557,0.6306505,offset,4.0
Tikhonov,25,15.670028885870163,0.7807613524260992,0.3349758,offset,4.0
Tikhonov,26,16.412353720581834,0.3952208443334103,0.61350596,offset,4.0
Tikhonov,27,16.47840648469968,0.5349008517704466,0.49097472,offset,4.0
Tikhonov,28,16.13947157630442,0.6768982020054736,0.40112963,offset,4.0
Tikhonov,29,17.9973255242314,0.33466910180579945,0.539893,offset,4.0
Tikhonov,30,16.904297959228703,0.5611780768013579,0.43550873,offset,4.0
Tikhonov,31,18.34642680102214,0.318581502846142,0.5699141,offset,4.0
Tikhonov,32,16.069333379602234,0.5648837072307182,0.46872994,offset,4.0
Tikhonov,33,16.076527995547224,0.5854785357121367,0.49248227,offset,4.0
Tikhonov,34,16.03789693020577,0.5529499533191738,0.46544337,offset,4.0
Tikhonov,35,15.296022290135715,0.6839383023171416,0.49145693,offset,4.0
Tikhonov,36,16.152843757765172,0.528732199423171,0.51221144,offset,4.0
Tikhonov,37,17.85903843440632,0.330686081632585,0.5225159,offset,4.0
Tikhonov,38,15.934258411865121,0.48101126892571067,0.58492684,offset,4.0
Tikhonov,39,17.717828728866397,0.38610967330890517,0.45678276,offset,4.0
Tikhonov,40,18.124694927314483,0.22552662806620066,0.7578027,offset,4.0
Tikhonov,41,16.70216827350482,0.4519492159652897,0.5617994,offset,4.0
Tikhonov,42,16.666527578856144,0.542351350290239,0.45763063,offset,4.0
Tikhonov,43,16.897750466428704,0.4375967507845672,0.5676964,offset,4.0
Tikhonov,44,17.33167125864487,0.45961127317272904,0.48082587,offset,4.0
Tikhonov,45,16.397469153900147,0.5228415841384876,0.54454625,offset,4.0
Tikhonov,46,17.520849382835074,0.41739601766486645,0.45778003,offset,4.0
Tikhonov,47,16.075856453283865,0.42225032887943015,0.63373166,offset,4.0
Tikhonov,48,16.044400544763096,0.6332989215533574,0.37537345,offset,4.0
Tikhonov,49,16.14111101289574,0.5708745069816119,0.4865219,offset,4.0
Tikhonov,50,16.88417468591198,0.5017032982230241,0.49586797,offset,4.0
Tikhonov,51,15.111047508129136,0.6738060354038665,0.4314872,offset,4.0
Tikhonov,52,16.015628913516508,0.5594083274594867,0.5111888,offset,4.0
Tikhonov,53,16.65835434516606,0.5536434610161646,0.58869493,offset,4.0
Tikhonov,54,15.458767724840355,0.6727203256671879,0.44452718,offset,4.0
Tikhonov,55,15.803822171371891,0.583347609434527,0.46987116,offset,4.0
Tikhonov,56,16.508662912015055,0.6253522697519627,0.42980218,offset,4.0
Tikhonov,57,17.60706160909208,0.28465000664022044,0.6374042,offset,4.0
Tikhonov,58,16.579199888093463,0.5722293845302818,0.44523683,offset,4.0
Tikhonov,59,17.214437434659423,0.3685440098172177,0.6445014,offset,4.0
Tikhonov,60,16.19136202831086,0.4956617886556528,0.4549574,offset,4.0
Tikhonov,61,15.759125848975025,0.6224834728275987,0.43992525,offset,4.0
Tikhonov,62,17.14669191385999,0.4119526926170234,0.6165887,offset,4.0
Tikhonov,63,16.020820440200836,0.5092160982038433,0.522895,offset,4.0
Tikhonov,64,15.333216143096653,0.6120125900574936,0.46599528,offset,4.0
Tikhonov,65,17.72669209328583,0.3732181400703343,0.5657598,offset,4.0
Tikhonov,66,15.828532347724128,0.596974678783031,0.5249248,offset,4.0
Tikhonov,67,16.217042407512483,0.5328372754457249,0.5158607,offset,4.0
Tikhonov,68,16.471665473490397,0.62358991310341,0.3726286,offset,4.0
Tikhonov,69,16.129156561615336,0.7031021891960351,0.44723326,offset,4.0
Tikhonov,70,16.237789807878876,0.5107369848612642,0.49464366,offset,4.0
Tikhonov,71,15.970008326239382,0.7718486591070998,0.37092677,offset,4.0
Tikhonov,72,15.580927404744676,0.6131169432475932,0.49163157,offset,4.0
Tikhonov,73,16.00523328576459,0.5175620086552682,0.43608233,offset,4.0
Tikhonov,74,18.257239317925062,0.35173766695449804,0.4809428,offset,4.0
Tikhonov,75,16.17724961470702,0.5038066340683987,0.49787533,offset,4.0
Tikhonov,76,16.526803926982726,0.47544918278057113,0.553572,offset,4.0
Tikhonov,77,16.61669866555906,0.5489889302017736,0.5516828,offset,4.0
Tikhonov,78,16.973235974510377,0.4267787312865565,0.481634,offset,4.0
Tikhonov,79,15.963243181270265,0.6293327759597537,0.37909418,offset,4.0
Tikhonov,80,16.799676803755027,0.4696666215718286,0.48117882,offset,4.0
Tikhonov,81,16.281558850263348,0.5542487970614433,0.45434847,offset,4.0
Tikhonov,82,15.792194847980026,0.6472683299885108,0.42015466,offset,4.0
Tikhonov,83,16.76007256268935,0.4601946581864137,0.53112036,offset,4.0
Tikhonov,84,15.363815136769343,0.5846309917825004,0.500848,offset,4.0
Tikhonov,85,16.353795287937526,0.6569723353916269,0.37703016,offset,4.0
Tikhonov,86,16.96144402008019,0.5235757639736018,0.41940248,offset,4.0
Tikhonov,87,16.180657717902744,0.586356962975432,0.45521984,offset,4.0
Tikhonov,88,16.36916089801985,0.5938042673702767,0.4445181,offset,4.0
Tikhonov,89,17.504974962806056,0.3794238471450363,0.4915149,offset,4.0
Tikhonov,90,16.32868956944025,0.5927026479919671,0.46836337,offset,4.0
Tikhonov,91,16.41848285468711,0.49122953775996914,0.50277144,offset,4.0
Tikhonov,92,16.32034536010751,0.3691325027587985,0.65701014,offset,4.0
Tikhonov,93,16.606573036608143,0.5968914472934317,0.36546716,offset,4.0
Tikhonov,94,17.2340636739684,0.42443839658409155,0.4233132,offset,4.0
Tikhonov,95,16.146218896592753,0.6677926284701694,0.36453485,offset,4.0
Tikhonov,96,17.970467249503216,0.3320480716402242,0.5703567,offset,4.0
Tikhonov,97,16.462019687640023,0.5660911569451674,0.41044775,offset,4.0
Tikhonov,98,16.213052002796694,0.5450548545985621,0.49952802,offset,4.0
Tikhonov,99,16.182310447840806,0.5979641815310744,0.42262807,offset,4.0
Tikhonov,100,15.97321633762393,0.47557669399741054,0.62013906,offset,4.0
Tikhonov,101,16.317916528911184,0.6614184313129503,0.4612252,offset,4.0
Tikhonov,102,15.661617473083007,0.615273406457306,0.48706415,offset,4.0
Tikhonov,103,16.37330524615994,0.5794487425461912,0.46482274,offset,4.0
Tikhonov,104,16.432794934175508,0.5670939535405275,0.5028012,offset,4.0
Tikhonov,105,16.81618777380319,0.5309258013762137,0.50112027,offset,4.0
Tikhonov,106,15.321164070499707,0.6733058368135821,0.49602175,offset,4.0
Tikhonov,107,18.28103129763308,0.38510019637303705,0.50578064,offset,4.0
Tikhonov,108,16.67137168085324,0.48049679747854807,0.46980622,offset,4.0
Tikhonov,109,16.030963004011852,0.49485795057286347,0.54696155,offset,4.0
Tikhonov,110,15.871452419516277,0.5470093563420328,0.4623178,offset,4.0
Tikhonov,111,17.796377857849716,0.42388411263756315,0.45883828,offset,4.0
Tikhonov,112,16.786760682535125,0.4435071407529633,0.527925,offset,4.0
Tikhonov,113,16.73621928027375,0.5046571468028109,0.46402752,offset,4.0
Tikhonov,114,17.084756052169492,0.4591603204381868,0.50294095,offset,4.0
Tikhonov,115,17.081736728206593,0.4420334965689108,0.52555454,offset,4.0
Tikhonov,116,17.190711819549403,0.39901555076045225,0.55718154,offset,4.0
Tikhonov,117,16.317969490763236,0.5542671953963909,0.46198848,offset,4.0
Tikhonov,118,16.92814041491144,0.4574223672514127,0.5546519,offset,4.0
Tikhonov,119,16.159095552658233,0.6374094817260173,0.43723834,offset,4.0
Tikhonov,120,15.965152505873073,0.7043125687033797,0.39553416,offset,4.0
Tikhonov,121,16.973220380513,0.5314580507466785,0.49387997,offset,4.0
Tikhonov,122,17.741262812857677,0.3858528077868891,0.551404,offset,4.0
Tikhonov,123,15.984345557233379,0.5517423216090922,0.49983364,offset,4.0
Tikhonov,124,15.99949775669103,0.49209029483560796,0.48190737,offset,4.0
Tikhonov,125,16.568152778080012,0.45735208676793143,0.535433,offset,4.0
Tikhonov,126,16.223338416536556,0.7033370804457255,0.44561037,offset,4.0
Tikhonov,127,16.343457554317045,0.5781700339659949,0.45320448,offset,4.0
Tikhonov,128,15.470957999684586,0.6198509674168612,0.410103,offset,4.0
Tikhonov,129,16.253213944862253,0.5550303478265366,0.5040697,offset,4.0
Tikhonov,130,16.41909005873331,0.6238566699494562,0.38596353,offset,4.0
Tikhonov,131,16.049479276721197,0.6544455476706532,0.3767332,offset,4.0
Tikhonov,132,15.573452952146825,0.6699395739441653,0.41133612,offset,4.0
Tikhonov,133,16.231090355105792,0.637421330734717,0.40933982,offset,4.0
Tikhonov,134,15.403909132550911,0.5254423379674862,0.48697862,offset,4.0
Tikhonov,135,17.93924749661923,0.3796396715576618,0.44962958,offset,4.0
Tikhonov,136,16.22526270974697,0.6042173545093714,0.47296304,offset,4.0
Tikhonov,137,16.87098360570607,0.3998780813475124,0.47409773,offset,4.0
Tikhonov,138,15.763785090446781,0.5627081290674916,0.47224802,offset,4.0
Tikhonov,139,15.99431869109267,0.542495087147878,0.48016313,offset,4.0
Tikhonov,140,16.674656633989418,0.41211150235531097,0.59941775,offset,4.0
Tikhonov,141,15.711814619182,0.39208487128359765,0.59601074,offset,4.0
Tikhonov,142,16.02293704979566,0.581429838436927,0.52193165,offset,4.0
Tikhonov,143,18.520240631952987,0.3272888748122433,0.5423394,offset,4.0
Tikhonov,144,15.926792229791197,0.5239253032700956,0.4926077,offset,4.0
Tikhonov,145,17.63705425939174,0.2952856015472207,0.6075686,offset,4.0
Tikhonov,146,15.969564624285157,0.5815027326052963,0.4338032,offset,4.0
Tikhonov,147,15.595606926633401,0.6975593455612067,0.40239277,offset,4.0
Tikhonov,148,16.763489199001338,0.6150115338913723,0.4609437,offset,4.0
Tikhonov,149,16.09875479547178,0.4550772451912053,0.6194958,offset,4.0
Tikhonov,150,16.69022969335438,0.5517977197904212,0.4681598,offset,4.0
Tikhonov,151,15.53380634449977,0.6449201702388496,0.46964952,offset,4.0
Tikhonov,152,16.423586679599623,0.5022901035068376,0.5295529,offset,4.0
Tikhonov,153,16.430510152371347,0.5340791444483209,0.54206496,offset,4.0
Tikhonov,154,17.999219258056435,0.2832858150373675,0.61985326,offset,4.0
Tikhonov,155,16.23410120277057,0.6294899479161817,0.42655647,offset,4.0
Tikhonov,156,16.51002496094316,0.49491106542014934,0.49923986,offset,4.0
Tikhonov,157,16.340916999216326,0.5794014546136018,0.48078716,offset,4.0
Tikhonov,158,16.8440988506075,0.571208079154786,0.45740548,offset,4.0
Tikhonov,159,17.14738227655895,0.40563906683713535,0.56361,offset,4.0
Tikhonov,160,16.24903376862411,0.517878149550462,0.469771,offset,4.0
Tikhonov,161,15.95198553185589,0.5966599047956564,0.4880774,offset,4.0
Tikhonov,162,15.646904572826275,0.6636205783055149,0.42050958,offset,4.0
Tikhonov,163,16.237611425356306,0.6049616530927019,0.42145076,offset,4.0
Tikhonov,164,16.098987676359688,0.49662508212031375,0.5110635,offset,4.0
Tikhonov,165,16.207186570045362,0.6804604675954646,0.4250594,offset,4.0
Tikhonov,166,15.505127140969535,0.4904709362688528,0.56813574,offset,4.0
Tikhonov,167,16.567474047496603,0.4607722684519735,0.5506572,offset,4.0
Tikhonov,168,18.370691104351806,0.36134244923776665,0.48748288,offset,4.0
Tikhonov,169,17.319152325714104,0.5008409724747358,0.47976393,offset,4.0
Tikhonov,170,17.01334247057091,0.4362494431002872,0.5425394,offset,4.0
Tikhonov,171,16.20963025049563,0.5732887564722472,0.4003166,offset,4.0
Tikhonov,172,15.112396983814094,0.6631311673918991,0.47801477,offset,4.0
Tikhonov,173,16.069403603187386,0.5635850400758199,0.57467276,offset,4.0
Tikhonov,174,16.123799154559578,0.517084457216667,0.49723026,offset,4.0
Tikhonov,175,18.626568729848216,0.31512573276346256,0.69995576,offset,4.0
Tikhonov,176,18.861219877574754,0.26724795589304323,0.677556,offset,4.0
Tikhonov,177,16.166927045676324,0.5353881488453158,0.46607283,offset,4.0
Tikhonov,178,17.812404993744675,0.32935934297627173,0.5337871,offset,4.0
Tikhonov,179,16.053056672804164,0.5864809935028311,0.41720816,offset,4.0
Tikhonov,180,18.31664978030095,0.3201386009383618,0.5380084,offset,4.0
Tikhonov,181,15.865050081993681,0.5694320828294043,0.44065472,offset,4.0
Tikhonov,182,17.270271169378006,0.46402339913814006,0.497105,offset,4.0
Tikhonov,183,15.175662295663205,0.7227334072830228,0.4251623,offset,4.0
Tikhonov,184,16.693203493363832,0.5552716652553891,0.46521106,offset,4.0
Tikhonov,185,16.180373922160307,0.5171083048489215,0.50593954,offset,4.0
Tikhonov,186,15.780663297482587,0.6532241316025881,0.38847598,offset,4.0
Tikhonov,187,16.025568380169794,0.6368064889294665,0.4614217,offset,4.0
Tikhonov,188,15.50229328948909,0.6972496286989478,0.41132674,offset,4.0
Tikhonov,189,17.987268257146653,0.27337634448882786,0.6627948,offset,4.0
Tikhonov,190,17.395329605604203,0.4212842554934919,0.43939582,offset,4.0
Tikhonov,191,18.14731864925213,0.3569772254441353,0.53058755,offset,4.0
Tikhonov,192,15.282456422664225,0.61971252738553,0.48596802,offset,4.0
Tikhonov,193,16.380926261028726,0.4892807687264251,0.52465457,offset,4.0
Tikhonov,194,15.649060564626025,0.6521873724356309,0.46170574,offset,4.0
Tikhonov,195,17.095658453818043,0.3558488696636074,0.67003393,offset,4.0
Tikhonov,196,17.16217842407113,0.3698106512685536,0.4731573,offset,4.0
Tikhonov,197,15.976618133521953,0.5268919069944373,0.42126882,offset,4.0
Tikhonov,198,16.473370317467996,0.4544297266318097,0.5340759,offset,4.0
Tikhonov,199,16.382142621827377,0.6506203977773082,0.3655747,offset,4.0
TV,0,17.724592890638522,0.5424248296647209,0.4730229,offset,4.0
TV,1,17.647475847859685,0.6581740661650273,0.37240502,offset,4.0
TV,2,18.818772909179835,0.3788440858739359,0.5789387,offset,4.0
TV,3,18.634597736489106,0.7752576557494131,0.2875768,offset,4.0
TV,4,18.259924722028764,0.6385599260799556,0.4371827,offset,4.0
TV,5,19.859205267068315,0.4438485169989126,0.41744667,offset,4.0
TV,6,16.571597176473848,0.5901398807432126,0.50589305,offset,4.0
TV,7,17.68106148996987,0.5428094007363466,0.43814665,offset,4.0
TV,8,17.689399928239627,0.7296009596681592,0.35722888,offset,4.0
TV,9,17.57902870156616,0.669592992470923,0.3591752,offset,4.0
TV,10,18.40254386085929,0.7954528241626118,0.34042928,offset,4.0
TV,11,17.76193422593633,0.7265439473284016,0.3877186,offset,4.0
TV,12,17.40563069432839,0.5637345450780208,0.4375861,offset,4.0
TV,13,17.855008760202846,0.7615681384018553,0.36242393,offset,4.0
TV,14,19.404355602816384,0.437424770049238,0.39241898,offset,4.0
TV,15,17.06193095237577,0.6894242516824637,0.47707736,offset,4.0
TV,16,17.597985048314058,0.663904704111205,0.42508373,offset,4.0
TV,17,18.42587424638021,0.6345027099704574,0.38416284,offset,4.0
TV,18,16.31213448160167,0.7376286589813781,0.3924431,offset,4.0
TV,19,19.024936267866043,0.5827774690413147,0.4439069,offset,4.0
TV,20,17.997539108681316,0.6091798401249127,0.36247173,offset,4.0
TV,21,18.892645793844526,0.6149599630196102,0.37251726,offset,4.0
TV,22,17.28280397688468,0.696926046864703,0.43698514,offset,4.0
TV,23,17.549340712637466,0.6178358426540782,0.45883945,offset,4.0
TV,24,18.165049035656626,0.5278250565478185,0.56994164,offset,4.0
TV,25,17.950269887647032,0.8634098766714119,0.25763294,offset,4.0
TV,26,17.701911864087826,0.49894854306505054,0.52886015,offset,4.0
TV,27,17.61009179261031,0.623149081709129,0.4309976,offset,4.0
TV,28,18.739728637592652,0.7887629249069671,0.2973527,offset,4.0
TV,29,19.74491135354256,0.4196696709386893,0.44149762,offset,4.0
TV,30,19.49330119487492,0.6740320325758855,0.32325608,offset,4.0
TV,31,20.000718843422725,0.4178275328347448,0.47108012,offset,4.0
TV,32,17.969996882931515,0.6845053621521604,0.376608,offset,4.0
TV,33,17.067669197412673,0.6814810148544209,0.43937314,offset,4.0
TV,34,17.663732319459445,0.6410199130590898,0.38598913,offset,4.0
TV,35,16.380830066814507,0.7841641213437004,0.43375555,offset,4.0
TV,36,17.59507599220329,0.625721018626701,0.43384808,offset,4.0
TV,37,19.934285115959753,0.4223040608758461,0.411469,offset,4.0
TV,38,17.07947969978629,0.5924721604652322,0.512673,offset,4.0
TV,39,19.559918395828614,0.49927684320050314,0.36949214,offset,4.0
TV,40,19.49608133215503,0.3595273320443836,0.64712304,offset,4.0
TV,41,17.73718295290244,0.5342545150830901,0.49868986,offset,4.0
TV,42,18.52722923850299,0.6355233486060607,0.36938563,offset,4.0
TV,43,18.138429647728852,0.5163749223625507,0.49213257,offset,4.0
TV,44,19.581414706609273,0.5599077126013177,0.37110826,offset,4.0
TV,45,17.92065933958417,0.6266334060726741,0.45695695,offset,4.0
TV,46,19.41248858844386,0.5157798586898168,0.36819246,offset,4.0
TV,47,16.852903190383692,0.5152115472953205,0.5794995,offset,4.0
TV,48,17.53153443166339,0.7055709774226858,0.3163056,offset,4.0
TV,49,17.039260000978892,0.6537650653597906,0.4387276,offset,4.0
TV,50,18.275707394732677,0.601030621483772,0.42246372,offset,4.0
TV,51,16.44174155977681,0.7734802205432812,0.3701973,offset,4.0
TV,52,17.53752544293463,0.6660565937496914,0.4290289,offset,4.0
TV,53,17.7792081563556,0.6658188922095982,0.51742524,offset,4.0
TV,54,17.19346446834505,0.7734650556495498,0.36405203,offset,4.0
TV,55,17.7918065835578,0.686651220032368,0.3737486,offset,4.0
TV,56,17.946098836201752,0.7164273419482864,0.36424768,offset,4.0
TV,57,18.830491471021496,0.3776279471767489,0.5536604,offset,4.0
TV,58,18.034510657553323,0.6652006235720267,0.37655252,offset,4.0
TV,59,17.78009043905364,0.46813507801646265,0.6038669,offset,4.0
TV,60,17.663899000662898,0.6110358211911314,0.38401118,offset,4.0
TV,61,17.393204448324624,0.7101042194143784,0.36448106,offset,4.0
TV,62,18.159052981410007,0.5040559738947555,0.54875374,offset,4.0
TV,63,17.041800581293238,0.5919913111700992,0.4649063,offset,4.0
TV,64,16.533206724861166,0.7003452366060184,0.40586537,offset,4.0
TV,65,19.065633025638,0.47169345075289587,0.48493668,offset,4.0
TV,66,17.223670707264574,0.6953172833800185,0.4470336,offset,4.0
TV,67,17.48801662957845,0.6334403684422419,0.44563955,offset,4.0
TV,68,18.770483094062357,0.7236251930320396,0.28597975,offset,4.0
TV,69,18.47896015818781,0.8025084332546627,0.3412274,offset,4.0
TV,70,17.560639219620317,0.6232809533412215,0.42476624,offset,4.0
TV,71,18.741913916387595,0.8723631127211189,0.26958326,offset,4.0
TV,72,17.091572686811112,0.6981102100564821,0.41314974,offset,4.0
TV,73,17.379091946111632,0.62044852865044,0.37228504,offset,4.0
TV,74,19.57486112535049,0.4771561642838373,0.41324946,offset,4.0
TV,75,17.354609730063373,0.605289768056717,0.434763,offset,4.0
TV,76,18.070987906678297,0.6141843142397778,0.46340948,offset,4.0
TV,77,17.771325729460447,0.6614832342727387,0.48301214,offset,4.0
TV,78,18.522865100227456,0.5329175634340437,0.40293562,offset,4.0
TV,79,17.412106870053904,0.7185600546928516,0.32085142,offset,4.0
TV,80,18.615303993389304,0.5617301624430289,0.3904138,offset,4.0
TV,81,17.76169017250346,0.6448315394732501,0.38316202,offset,4.0
TV,82,17.72131116867618,0.7236463083550796,0.33647543,offset,4.0
TV,83,17.997167698240876,0.5473188328735188,0.46061516,offset,4.0
TV,84,16.6717476032378,0.6873111842702382,0.43083337,offset,4.0
TV,85,18.25391139394013,0.7389332373099294,0.30294952,offset,4.0
TV,86,18.468126243170396,0.6261622352094567,0.35261187,offset,4.0
TV,87,17.70852970481822,0.6678400891409679,0.38179266,offset,4.0
TV,88,18.050453415920465,0.7164255195034644,0.3662898,offset,4.0
TV,89,19.642959394316858,0.5244769563586721,0.38427088,offset,4.0
TV,90,18.157607309898996,0.6917844334653818,0.3794347,offset,4.0
TV,91,18.243710217464578,0.5861860103135513,0.40748277,offset,4.0
TV,92,17.12463044885563,0.4417076818086977,0.59890485,offset,4.0
TV,93,18.566223731134365,0.6851676782311232,0.2916526,offset,4.0
TV,94,19.1774021532189,0.5386599709040751,0.33845028,offset,4.0
TV,95,18.282291731221775,0.7629023065015074,0.28505942,offset,4.0
TV,96,19.335790803977094,0.42537086296918963,0.48739427,offset,4.0
TV,97,18.173371430072017,0.6502638743297497,0.33704686,offset,4.0
TV,98,17.692681069636265,0.664799718078984,0.42128733,offset,4.0
TV,99,17.386293887699985,0.6907584110682845,0.36792487,offset,4.0
TV,100,16.930996961717742,0.5777199383832761,0.55539256,offset,4.0
TV,101,18.32524667962919,0.7619842111377415,0.36605516,offset,4.0
TV,102,17.30761343529591,0.7390301061326576,0.40298268,offset,4.0
TV,103,17.987244637162732,0.6620942742476232,0.38600272,offset,4.0
TV,104,18.727777026236026,0.6960908115676927,0.38605326,offset,4.0
TV,105,18.052821491397474,0.6256149659627925,0.43462056,offset,4.0
TV,106,16.75780831203198,0.7746182989448401,0.42040557,offset,4.0
TV,107,20.073287137282612,0.511174062233272,0.41148064,offset,4.0
TV,108,17.758528932433524,0.5710959781056524,0.41453475,offset,4.0
TV,109,17.379253949880802,0.6017811659344449,0.46831954,offset,4.0
TV,110,17.275052689502118,0.6406553248607376,0.39333317,offset,4.0
TV,111,20.252664434473093,0.5119428214220684,0.34581617,offset,4.0
TV,112,18.389914540570075,0.5500337651325582,0.4389495,offset,4.0
TV,113,18.40886919329606,0.6167653388110921,0.38274652,offset,4.0
TV,114,18.554906962167188,0.5494627005676547,0.42462885,offset,4.0
TV,115,18.831158069746593,0.5411197067640553,0.4296816,offset,4.0
TV,116,18.295620129659692,0.5150667711599799,0.49062684,offset,4.0
TV,117,17.67700566787275,0.6505806070082814,0.3950748,offset,4.0
TV,118,17.895111680112553,0.5454409260538259,0.49621734,offset,4.0
TV,119,18.20611877935327,0.7376708408263474,0.34543556,offset,4.0
TV,120,17.56280324460222,0.7820282046474355,0.32907996,offset,4.0
TV,121,18.654654040962324,0.6373732678778854,0.4069581,offset,4.0
TV,122,18.955509329694532,0.49006390329575444,0.47946578,offset,4.0
TV,123,17.307760583199734,0.6854996038023536,0.42919505,offset,4.0
TV,124,17.355824046745386,0.5719361569754556,0.4122373,offset,4.0
TV,125,17.94427311172039,0.5741257898370958,0.45698202,offset,4.0
TV,126,19.15567428976075,0.8264950876420533,0.3179351,offset,4.0
TV,127,18.022097120072726,0.6918994368319515,0.37356153,offset,4.0
TV,128,16.732497985145468,0.7011817947803604,0.35466307,offset,4.0
TV,129,17.360785435630497,0.6434975550673548,0.44372305,offset,4.0
TV,130,17.859206004439205,0.713764838568389,0.32699448,offset,4.0
TV,131,18.265339135376898,0.7499288790224289,0.29190457,offset,4.0
TV,132,17.76336967747632,0.7733465138618827,0.31966937,offset,4.0
TV,133,17.95220578675445,0.7195805494860199,0.33575943,offset,4.0
TV,134,16.766471203901087,0.6224661835326477,0.4162764,offset,4.0
TV,135,20.24697226439507,0.45091607612615436,0.3447217,offset,4.0
TV,136,18.168502475329966,0.7123690530059336,0.37815094,offset,4.0
TV,137,18.469745529439013,0.47324813044079667,0.39439353,offset,4.0
TV,138,17.055235310393385,0.6562436704190971,0.407003,offset,4.0
TV,139,17.11311419610566,0.6340035644275942,0.42213276,offset,4.0
TV,140,17.699478468387145,0.49349410740852506,0.53270715,offset,4.0
TV,141,16.17636063230965,0.45727774481412237,0.5649719,offset,4.0
TV,142,17.374334611837007,0.6986356933311605,0.44672862,offset,4.0
TV,143,20.614665209059662,0.4486332933974312,0.4261377,offset,4.0
TV,144,17.216614725810818,0.6083975194494936,0.42462942,offset,4.0
TV,145,18.374244700479178,0.37557430104506473,0.5581306,offset,4.0
TV,146,17.54140831949254,0.7219005588107513,0.3619933,offset,4.0
TV,147,17.301832094981368,0.7810562458235678,0.33062744,offset,4.0
TV,148,19.09543509356068,0.7227305151543326,0.35241193,offset,4.0
TV,149,16.587417471440528,0.5682593443534868,0.5856056,offset,4.0
TV,150,18.46130540655018,0.6489184451484783,0.38180387,offset,4.0
TV,151,17.289318371973714,0.7409253792052181,0.38370577,offset,4.0
TV,152,17.853099048763056,0.5956595209180036,0.4491938,offset,4.0
TV,153,17.868941023140653,0.6330809510305277,0.4593353,offset,4.0
TV,154,19.19897451806378,0.3525206839626324,0.53988487,offset,4.0
TV,155,17.697810189355387,0.733446392436581,0.3604052,offset,4.0
TV,156,18.111041282955313,0.6181410253678126,0.415201,offset,4.0
TV,157,18.742736789391635,0.6914021574203233,0.36463797,offset,4.0
TV,158,18.38408904133289,0.6638306371361586,0.38309094,offset,4.0
TV,159,18.529553472006704,0.5115209223044948,0.48069555,offset,4.0
TV,160,18.162763876012864,0.6184762875585094,0.37687707,offset,4.0
TV,161,17.844224449967328,0.7296202412184928,0.39253354,offset,4.0
TV,162,17.463287134692866,0.74988616232843,0.34115896,offset,4.0
TV,163,17.464862887174863,0.6859151281537642,0.3659184,offset,4.0
TV,164,17.10317042420607,0.5653960154647265,0.45526654,offset,4.0
TV,165,18.112218842434316,0.7711686063981191,0.3413485,offset,4.0
TV,166,16.47684464715962,0.5858074148428003,0.50800294,offset,4.0
TV,167,17.68341736631168,0.5474137966088135,0.48426616,offset,4.0
TV,168,20.501907404632096,0.41983457661088563,0.38141567,offset,4.0
TV,169,18.978817146715926,0.624750478744453,0.3963185,offset,4.0
TV,170,18.453628467562236,0.5244446875410124,0.45963913,offset,4.0
TV,171,17.66811602993166,0.6566874273761161,0.33843812,offset,4.0
TV,172,16.72419919262331,0.7661257630062803,0.39705548,offset,4.0
TV,173,17.08156746262584,0.6632112804299974,0.51146084,offset,4.0
TV,174,17.28430241354439,0.6167871808315231,0.43504322,offset,4.0
TV,175,19.634071876911072,0.4396372541486024,0.6232975,offset,4.0
TV,176,19.939024786342458,0.36663606044478436,0.5984873,offset,4.0
TV,177,18.112011888535196,0.6504800852517066,0.37256283,offset,4.0
TV,178,19.44908880530095,0.45385181601483987,0.4421136,offset,4.0
TV,179,17.913064147530317,0.6800421141992392,0.33678475,offset,4.0
TV,180,20.11721465821481,0.4079736482105718,0.4372812,offset,4.0
TV,181,17.49808247101154,0.6526970433317556,0.36512935,offset,4.0
TV,182,18.843162781700336,0.5548765729854945,0.4147664,offset,4.0
TV,183,17.630195399060987,0.8370945238573707,0.32050005,offset,4.0
TV,184,18.107129833465002,0.6522052202783601,0.39532447,offset,4.0
TV,185,17.7034468988865,0.6330103441021282,0.42456576,offset,4.0
TV,186,17.67621329669587,0.7270739365182433,0.31231058,offset,4.0
TV,187,17.956432270469254,0.7329463577917815,0.36944926,offset,4.0
TV,188,17.333839108250057,0.7890654050529557,0.33312684,offset,4.0
TV,189,19.60912865040847,0.39364720884148197,0.54990304,offset,4.0
TV,190,18.70141607192602,0.5230871657872176,0.37805206,offset,4.0
TV,191,19.732321433131588,0.45047381531022884,0.44208616,offset,4.0
TV,192,16.572975383399353,0.711934546724997,0.41887236,offset,4.0
TV,193,17.625911592480552,0.6001824023007716,0.45459452,offset,4.0
TV,194,17.940758529503427,0.773436609649846,0.35463402,offset,4.0
TV,195,18.009629274483043,0.4672549866930743,0.6031124,offset,4.0
TV,196,19.05581149599756,0.45116306549012236,0.38047302,offset,4.0
TV,197,17.33470217051732,0.6271536485436334,0.3602924,offset,4.0
TV,198,17.563277215865668,0.5578588158809118,0.4710941,offset,4.0
TV,199,18.51465776171336,0.7499686803357014,0.28598967,offset,4.0
PnP-DnCNN,0,18.758040579440248,0.8191505450205031,0.41996178,offset,4.0
PnP-DnCNN,1,19.924711045710016,0.8851462778065754,0.28651923,offset,4.0
PnP-DnCNN,2,20.559086465232355,0.8832231710745745,0.47382388,offset,4.0
PnP-DnCNN,3,21.251632008554992,0.9317022913004741,0.21276595,offset,4.0
PnP-DnCNN,4,20.4377066569755,0.867078821775157,0.34023097,offset,4.0
PnP-DnCNN,5,22.44313300202963,0.9243631635115228,0.31003064,offset,4.0
PnP-DnCNN,6,18.135122353491884,0.8153896031685728,0.42255422,offset,4.0
PnP-DnCNN,7,19.062843546525535,0.8747285863476967,0.37370628,offset,4.0
PnP-DnCNN,8,19.183746090362344,0.8869325750399658,0.30076635,offset,4.0
PnP-DnCNN,9,18.963563603818294,0.8921227924648888,0.30625248,offset,4.0
PnP-DnCNN,10,21.631081643352395,0.9155087298906046,0.23474696,offset,4.0
PnP-DnCNN,11,21.059637007303465,0.9273459061918673,0.2652354,offset,4.0
PnP-DnCNN,12,19.71302666786948,0.8852392520971042,0.33550093,offset,4.0
PnP-DnCNN,13,22.610921458812815,0.9366490288275825,0.20961446,offset,4.0
PnP-DnCNN,14,20.7091005441921,0.8833727205363641,0.33768576,offset,4.0
PnP-DnCNN,15,19.684871596413483,0.8283335444756037,0.35272947,offset,4.0
PnP-DnCNN,16,20.445003436492332,0.9099626540329523,0.30628347,offset,4.0
PnP-DnCNN,17,20.043100814895173,0.8856203387730008,0.31889966,offset,4.0
PnP-DnCNN,18,17.60976834047389,0.8775274159063485,0.33798313,offset,4.0
PnP-DnCNN,19,20.803689076812333,0.8733751426089155,0.3617048,offset,4.0
PnP-DnCNN,20,19.194743181867235,0.8720875402704682,0.31580132,offset,4.0
PnP-DnCNN,21,22.31770424696581,0.9284310687279467,0.25112706,offset,4.0
PnP-DnCNN,22,19.603163756255007,0.8914912261592209,0.3345405,offset,4.0
PnP-DnCNN,23,19.0783320975419,0.8634028811823607,0.38477886,offset,4.0
PnP-DnCNN,24,19.47070089791392,0.7736415588114149,0.49039695,offset,4.0
PnP-DnCNN,25,20.399669634835615,0.9401547795484874,0.19432622,offset,4.0
PnP-DnCNN,26,19.998138861810382,0.9181367646910497,0.40600324,offset,4.0
PnP-DnCNN,27,20.088735651526775,0.8771944268306425,0.32399824,offset,4.0
PnP-DnCNN,28,23.358534583018013,0.9563864502162973,0.17471556,offset,4.0
PnP-DnCNN,29,21.437533808626373,0.9072323237768998,0.36332664,offset,4.0
PnP-DnCNN,30,21.94846126413438,0.9024957602243285,0.24366249,offset,4.0
PnP-DnCNN,31,21.922476865761947,0.9144379940684423,0.3775782,offset,4.0
PnP-DnCNN,32,21.35631111589147,0.9052919632916855,0.25501975,offset,4.0
PnP-DnCNN,33,18.80778995653259,0.8249385062324206,0.35960644,offset,4.0
PnP-DnCNN,34,18.809366153428954,0.8274525174455456,0.3382933,offset,4.0
PnP-DnCNN,35,17.865490060995466,0.8685097169777578,0.3656049,offset,4.0
PnP-DnCNN,36,18.626910139097156,0.8141891785891542,0.38525292,offset,4.0
PnP-DnCNN,37,21.357256740795243,0.896048168470883,0.34929192,offset,4.0
PnP-DnCNN,38,19.608970703901335,0.868011499208606,0.38314745,offset,4.0
PnP-DnCNN,39,20.399648583521525,0.8731340979984076,0.335443,offset,4.0
PnP-DnCNN,40,20.067888164263902,0.842012693197274,0.6058938,offset,4.0
PnP-DnCNN,41,20.201145004747346,0.8619018722083112,0.37551945,offset,4.0
PnP-DnCNN,42,20.16773440546774,0.8840672151177875,0.30581215,offset,4.0
PnP-DnCNN,43,20.06992792290109,0.8642652210864153,0.39400995,offset,4.0
PnP-DnCNN,44,22.042406427198934,0.9115429903065001,0.27954456,offset,4.0
PnP-DnCNN,45,21.603878312316965,0.8818461769837732,0.2990297,offset,4.0
PnP-DnCNN,46,21.26668227943357,0.9067821079972854,0.29741657,offset,4.0
PnP-DnCNN,47,18.792857415295224,0.7785667586833054,0.46350604,offset,4.0
PnP-DnCNN,48,19.126119488222898,0.8696013740764177,0.2632556,offset,4.0
PnP-DnCNN,49,18.489734658563627,0.8116314661872385,0.37125406,offset,4.0
PnP-DnCNN,50,20.06914392987521,0.8862747325107825,0.343651,offset,4.0
PnP-DnCNN,51,18.745109506561807,0.888559323305953,0.28396502,offset,4.0
PnP-DnCNN,52,18.116602430411803,0.8342897206908554,0.40135872,offset,4.0
PnP-DnCNN,53,22.819754652824184,0.8875340334917149,0.28961447,offset,4.0
PnP-DnCNN,54,19.24176594438078,0.9033474460675204,0.28757322,offset,4.0
PnP-DnCNN,55,20.59113795319537,0.9216225341824461,0.27077776,offset,4.0
PnP-DnCNN,56,19.588788943062248,0.8715943961504323,0.30148262,offset,4.0
PnP-DnCNN,57,21.923067745315052,0.8952076725655982,0.3878061,offset,4.0
PnP-DnCNN,58,20.54478698835197,0.9128072346860835,0.28204066,offset,4.0
PnP-DnCNN,59,18.657015114492356,0.8249475846340311,0.5458772,offset,4.0
PnP-DnCNN,60,19.423283734954403,0.8992002439715954,0.313599,offset,4.0
PnP-DnCNN,61,19.449760301166453,0.9092332873308708,0.2876386,offset,4.0
PnP-DnCNN,62,19.135059592054017,0.8492855256459915,0.49043015,offset,4.0
PnP-DnCNN,63,18.637148939385277,0.8601274639598964,0.38689938,offset,4.0
PnP-DnCNN,64,17.51972601332396,0.8650428446953585,0.36228976,offset,4.0
PnP-DnCNN,65,20.772475223186717,0.8774167793564314,0.39842165,offset,4.0
PnP-DnCNN,66,20.63912856653122,0.9264767692878473,0.3016944,offset,4.0
PnP-DnCNN,67,18.829364087556996,0.8627557933084236,0.38187072,offset,4.0
PnP-DnCNN,68,20.092397170635834,0.8988710841325628,0.24560633,offset,4.0
PnP-DnCNN,69,24.285211346721614,0.9616949703575166,0.17487647,offset,4.0
PnP-DnCNN,70,19.633809082392318,0.8921061672774444,0.33457348,offset,4.0
PnP-DnCNN,71,22.265244913577508,0.9493538507314261,0.17969099,offset,4.0
PnP-DnCNN,72,19.448570334544378,0.857328601966589,0.3149616,offset,4.0
PnP-DnCNN,73,17.98390273731129,0.8689698669583198,0.3472442,offset,4.0
PnP-DnCNN,74,20.52168259257318,0.893354738248543,0.37057084,offset,4.0
PnP-DnCNN,75,18.99194891889605,0.8661440159078718,0.36006895,offset,4.0
PnP-DnCNN,76,20.050631501205515,0.8445890272759702,0.3689629,offset,4.0
PnP-DnCNN,77,20.589215181132225,0.8768953184235441,0.34919146,offset,4.0
PnP-DnCNN,78,19.93823405060292,0.8877887186124798,0.34234756,offset,4.0
PnP-DnCNN,79,18.572696020134856,0.8527803717576514,0.2807207,offset,4.0
PnP-DnCNN,80,19.96664132671414,0.8914065606168602,0.33416295,offset,4.0
PnP-DnCNN,81,21.014848038163677,0.9124901431558792,0.263466,offset,4.0
PnP-DnCNN,82,19.98285281319804,0.8484890180031869,0.25934404,offset,4.0
PnP-DnCNN,83,19.632619275234337,0.8799236425971189,0.38156247,offset,4.0
PnP-DnCNN,84,18.33343929414392,0.8577247199733272,0.35581538,offset,4.0
PnP-DnCNN,85,19.538999575913262,0.8540648660711051,0.26128584,offset,4.0
PnP-DnCNN,86,19.305119718553435,0.8724775913619813,0.3202191,offset,4.0
PnP-DnCNN,87,19.740402631967125,0.8731568329967558,0.3021579,offset,4.0
PnP-DnCNN,88,21.03279166593349,0.9294322833211031,0.25984114,offset,4.0
PnP-DnCNN,89,21.678802221090606,0.9065021255384546,0.30398023,offset,4.0
PnP-DnCNN,90,20.98757273151016,0.8821091770140592,0.27392948,offset,4.0
PnP-DnCNN,91,20.47788848781218,0.9060376869506888,0.31506515,offset,4.0
PnP-DnCNN,92,18.17376033970629,0.8035359700019895,0.5307638,offset,4.0
PnP-DnCNN,93,20.96297434644311,0.8857107158242301,0.2213239,offset,4.0
PnP-DnCNN,94,21.971443065157764,0.9041118014696216,0.24535385,offset,4.0
PnP-DnCNN,95,19.696325144218324,0.9075140601778326,0.24223325,offset,4.0
PnP-DnCNN,96,21.242473183686393,0.8879415786186279,0.39133278,offset,4.0
PnP-DnCNN,97,19.113761257461128,0.8653836175395283,0.30246198,offset,4.0
PnP-DnCNN,98,19.764683628722675,0.8469848411219302,0.33187783,offset,4.0
PnP-DnCNN,99,20.288151509127164,0.9115328576015539,0.26343063,offset,4.0
PnP-DnCNN,100,18.108661493397346,0.8351789834401147,0.4849722,offset,4.0
PnP-DnCNN,101,22.53530671685672,0.9385228171205717,0.22544649,offset,4.0
PnP-DnCNN,102,19.006150618929617,0.8535961679078077,0.33140534,offset,4.0
PnP-DnCNN,103,18.999994151878255,0.8242725209171368,0.3435207,offset,4.0
PnP-DnCNN,104,19.855893204028632,0.9087667779079138,0.33903256,offset,4.0
PnP-DnCNN,105,22.39219381900884,0.9322803950106556,0.26371914,offset,4.0
PnP-DnCNN,106,18.127787088462387,0.8499612409529115,0.35906208,offset,4.0
PnP-DnCNN,107,21.701727938444183,0.8940179587287966,0.34113586,offset,4.0
PnP-DnCNN,108,19.02929458297496,0.8781317991631736,0.3581151,offset,4.0
PnP-DnCNN,109,19.873324380109388,0.8824063874165381,0.35142994,offset,4.0
PnP-DnCNN,110,19.147830537218294,0.8507410127146184,0.31704557,offset,4.0
PnP-DnCNN,111,22.593870560997352,0.9180009640322244,0.2641101,offset,4.0
PnP-DnCNN,112,20.840333193694413,0.883203549433715,0.33105004,offset,4.0
PnP-DnCNN,113,19.975456953639725,0.9123164002691234,0.3195817,offset,4.0
PnP-DnCNN,114,20.54630945752132,0.8628701788165476,0.3376287,offset,4.0
PnP-DnCNN,115,21.292364947033228,0.9082578938485177,0.32365805,offset,4.0
PnP-DnCNN,116,20.10547359773981,0.8626153947947132,0.3983443,offset,4.0
PnP-DnCNN,117,18.099780998307235,0.8161535172430753,0.37630552,offset,4.0
PnP-DnCNN,118,20.43967132218627,0.8875993222059789,0.37020645,offset,4.0
PnP-DnCNN,119,20.039643943890518,0.9000030660170538,0.27969894,offset,4.0
PnP-DnCNN,120,20.009318533206503,0.8754379742563325,0.24829939,offset,4.0
PnP-DnCNN,121,20.531537391772062,0.8849356017452626,0.32787293,offset,4.0
PnP-DnCNN,122,20.200246423670784,0.8705056497580872,0.41545188,offset,4.0
PnP-DnCNN,123,18.5744446111759,0.8512000745693452,0.3709544,offset,4.0
PnP-DnCNN,124,18.68725565645215,0.8552404337693468,0.35365164,offset,4.0
PnP-DnCNN,125,19.063337566404407,0.8534342092038556,0.40174076,offset,4.0
PnP-DnCNN,126,21.906167075807513,0.9422079097202494,0.23164017,offset,4.0
PnP-DnCNN,127,19.901276692625473,0.8764976610483464,0.30088684,offset,4.0
PnP-DnCNN,128,18.637930115216495,0.8572303670312255,0.28480285,offset,4.0
PnP-DnCNN,129,20.18947434655185,0.8939767001458436,0.32038897,offset,4.0
PnP-DnCNN,130,19.26546082726022,0.9030590274502054,0.2781171,offset,4.0
PnP-DnCNN,131,20.460137720194286,0.9059538010176856,0.22672582,offset,4.0
PnP-DnCNN,132,19.196988476602808,0.872080739225792,0.27103168,offset,4.0
PnP-DnCNN,133,19.399123904528334,0.8589482751967431,0.28423813,offset,4.0
PnP-DnCNN,134,18.330332763171295,0.8165298545048072,0.3476872,offset,4.0
PnP-DnCNN,135,22.58470258465447,0.9189113047655117,0.26337957,offset,4.0
PnP-DnCNN,136,21.70084182206372,0.9103186562472632,0.25179565,offset,4.0
PnP-DnCNN,137,20.430751810081745,0.8963215999951786,0.3146875,offset,4.0
PnP-DnCNN,138,19.514894204129543,0.896828114001219,0.30663005,offset,4.0
PnP-DnCNN,139,18.17955772077407,0.8350739356415147,0.3733592,offset,4.0
PnP-DnCNN,140,19.185282468936396,0.8360150658000215,0.44895038,offset,4.0
PnP-DnCNN,141,16.393685674239848,0.823715332201836,0.5510114,offset,4.0
PnP-DnCNN,142,20.227850950704934,0.8642403217155702,0.32163844,offset,4.0
PnP-DnCNN,143,22.06627282312254,0.8920805439187506,0.36055335,offset,4.0
PnP-DnCNN,144,19.50330425321672,0.8843109313728603,0.32634395,offset,4.0
PnP-DnCNN,145,19.9595518199523,0.8760605387212632,0.46501875,offset,4.0
PnP-DnCNN,146,19.48234081316961,0.8847219373892284,0.28950357,offset,4.0
PnP-DnCNN,147,18.66638621426675,0.8837728718495812,0.28256032,offset,4.0
PnP-DnCNN,148,23.657364261808006,0.953009363233058,0.20842707,offset,4.0
PnP-DnCNN,149,16.914215580746056,0.7873184359824854,0.5639821,offset,4.0
PnP-DnCNN,150,21.032932375447878,0.9115782838106956,0.2839612,offset,4.0
PnP-DnCNN,151,19.1822545943254,0.8918140196233741,0.30856842,offset,4.0
PnP-DnCNN,152,19.144494698187458,0.8708636432420462,0.38713637,offset,4.0
PnP-DnCNN,153,20.26438541479294,0.8580095672995345,0.34862426,offset,4.0
PnP-DnCNN,154,21.773783649101933,0.9034366826026523,0.4013846,offset,4.0
PnP-DnCNN,155,19.473560010187796,0.8769048182678617,0.29376736,offset,4.0
PnP-DnCNN,156,19.156287828388614,0.8858373707067991,0.36812565,offset,4.0
PnP-DnCNN,157,21.375128546403566,0.9196839126919912,0.26930368,offset,4.0
PnP-DnCNN,158,21.966048243345526,0.916029961949045,0.25363192,offset,4.0
PnP-DnCNN,159,20.219697700338077,0.862645001677904,0.39569715,offset,4.0
PnP-DnCNN,160,19.98096663105551,0.885373861598205,0.30569586,offset,4.0
PnP-DnCNN,161,19.547065570134635,0.8823811541703984,0.32265228,offset,4.0
PnP-DnCNN,162,19.320001590591225,0.8932667565474302,0.27549964,offset,4.0
PnP-DnCNN,163,19.005201481264727,0.8311388358225553,0.30645543,offset,4.0
PnP-DnCNN,164,19.162766399790872,0.8705872573912883,0.3591583,offset,4.0
PnP-DnCNN,165,21.03907859656389,0.9102223130185465,0.24369973,offset,4.0
PnP-DnCNN,166,17.333268085895796,0.7957669377157633,0.46030432,offset,4.0
PnP-DnCNN,167,18.928144582101897,0.8472044174338129,0.41961187,offset,4.0
PnP-DnCNN,168,22.537857680559263,0.8998530403564661,0.30171788,offset,4.0
PnP-DnCNN,169,20.533894268267012,0.866146486537331,0.33135268,offset,4.0
PnP-DnCNN,170,20.143718006425697,0.8595826115520778,0.37836635,offset,4.0
PnP-DnCNN,171,18.93107627374308,0.8586893046913623,0.2926384,offset,4.0
PnP-DnCNN,172,18.931494937581704,0.8709944961938915,0.3079544,offset,4.0
PnP-DnCNN,173,18.902700553103596,0.8176715168178328,0.4147207,offset,4.0
PnP-DnCNN,174,18.8632220626525,0.847080695290842,0.36273244,offset,4.0
PnP-DnCNN,175,20.425507950456343,0.8710753443946269,0.5690149,offset,4.0
PnP-DnCNN,176,21.152325039826025,0.8680034567321042,0.5204631,offset,4.0
PnP-DnCNN,177,20.937058335627498,0.9322142761262241,0.26912075,offset,4.0
PnP-DnCNN,178,21.429820700955023,0.8971280110066695,0.3519632,offset,4.0
PnP-DnCNN,179,20.565021086351987,0.8797010360978359,0.24817303,offset,4.0
PnP-DnCNN,180,20.81659637947495,0.8846048393584056,0.40345186,offset,4.0
PnP-DnCNN,181,18.894230893608974,0.8726379772232584,0.31091335,offset,4.0
PnP-DnCNN,182,20.64420510567453,0.8910813575431566,0.3370943,offset,4.0
PnP-DnCNN,183,20.844931991632333,0.9495835118303614,0.22135599,offset,4.0
PnP-DnCNN,184,20.097694663348445,0.871050348751678,0.31435868,offset,4.0
PnP-DnCNN,185,20.424685113763207,0.9112693051045592,0.31037238,offset,4.0
PnP-DnCNN,186,19.62119285851705,0.8785730177798301,0.2496535,offset,4.0
PnP-DnCNN,187,20.86526043283278,0.8810474176637151,0.26430985,offset,4.0
PnP-DnCNN,188,20.031180351401268,0.9036141724791378,0.24419826,offset,4.0
PnP-DnCNN,189,21.084107035354307,0.8816437098235642,0.46402052,offset,4.0
PnP-DnCNN,190,20.760607804346613,0.8903156967202493,0.29825792,offset,4.0
PnP-DnCNN,191,22.571919745021773,0.9130155093167439,0.31880635,offset,4.0
PnP-DnCNN,192,18.86055434758145,0.9122946418144486,0.3218865,offset,4.0
PnP-DnCNN,193,17.79199436450274,0.8512789778380601,0.4459848,offset,4.0
PnP-DnCNN,194,20.65813106908003,0.9218487838083063,0.2593652,offset,4.0
PnP-DnCNN,195,19.38216575900749,0.7952323083569535,0.51495755,offset,4.0
PnP-DnCNN,196,19.67900090752884,0.8573650806446652,0.35413137,offset,4.0
PnP-DnCNN,197,19.19475398610136,0.8730447626257054,0.2908389,offset,4.0
PnP-DnCNN,198,19.371011409664906,0.8642504365021778,0.38257885,offset,4.0
PnP-DnCNN,199,19.91928001578519,0.8762762102891098,0.24328719,offset,4.0
FBP,0,15.493287829379307,0.49810548924220666,0.6115717,jitter,0.0
FBP,1,15.18432006444889,0.6037457527310519,0.494508,jitter,0.0
FBP,2,15.815030993351932,0.3187215442324013,0.8181251,jitter,0.0
FBP,3,15.771436004551695,0.7004995993259753,0.39986363,jitter,0.0
FBP,4,15.775656734635351,0.5730908832798182,0.5819375,jitter,0.0
FBP,5,15.811496104493678,0.34819047775652673,0.6652524,jitter,0.0
FBP,6,15.187408889463253,0.5516834062582648,0.5932915,jitter,0.0
FBP,7,15.51939246584686,0.4731967264970607,0.5619568,jitter,0.0
FBP,8,15.613198820127916,0.6629119420720013,0.4536873,jitter,0.0
FBP,9,15.75122149356946,0.5977432534097663,0.44329897,jitter,0.0
FBP,10,15.357359941724216,0.7007420325387426,0.4833771,jitter,0.0
FBP,11,15.053986688971166,0.6519621861493348,0.52955854,jitter,0.0
FBP,12,14.949885025936581,0.5025641610464687,0.5805649,jitter,0.0
FBP,13,15.336859118460566,0.6741735807872904,0.48431098,jitter,0.0
FBP,14,15.79009081486559,0.37754701954185865,0.5949264,jitter,0.0
FBP,15,15.279025940547557,0.6118424395386712,0.5857793,jitter,0.0
FBP,16,14.890940945455409,0.567153459914235,0.58053267,jitter,0.0
FBP,17,16.1646893831197,0.5413340425360774,0.4983961,jitter,0.0
FBP,18,16.11360063716331,0.7273245072948376,0.4015165,jitter,0.0
FBP,19,15.864956798225398,0.4798789422534017,0.6386911,jitter,0.0
FBP,20,15.692338217073962,0.5406075719952429,0.47264406,jitter,0.0
FBP,21,15.471898278630123,0.5334340215425275,0.5523111,jitter,0.0
FBP,22,14.89801996566624,0.5844074805265772,0.5750504,jitter,0.0
FBP,23,15.796863259442272,0.554098120848706,0.5614158,jitter,0.0
FBP,24,15.344549378145029,0.42402196495504163,0.7885974,jitter,0.0
FBP,25,15.2915513180511,0.7975074194625096,0.34989467,jitter,0.0
FBP,26,15.06614731631702,0.4049311569263011,0.7163563,jitter,0.0
FBP,27,15.608689007169597,0.5611116633244068,0.54268146,jitter,0.0
FBP,28,15.047527500199182,0.6815901628002349,0.4548644,jitter,0.0
FBP,29,15.884648188337112,0.34319161285158833,0.6885596,jitter,0.0
FBP,30,15.551234289766118,0.552199911165197,0.5089206,jitter,0.0
FBP,31,16.416766733707995,0.3286014175154235,0.7116926,jitter,0.0
FBP,32,14.620807110003462,0.5587860729544393,0.55379504,jitter,0.0
FBP,33,15.541926784583014,0.6205493932507989,0.52374583,jitter,0.0
FBP,34,15.983694719287211,0.5908405104815485,0.46835694,jitter,0.0
FBP,35,15.099077116827761,0.7174439500747686,0.50272757,jitter,0.0
FBP,36,15.460955701538158,0.5479156939532417,0.55468154,jitter,0.0
FBP,37,15.926743602754856,0.34434878903170296,0.6527009,jitter,0.0
FBP,38,15.009543626182092,0.5013613832165864,0.65063477,jitter,0.0
FBP,39,16.5548866264677,0.3979181316140019,0.52222395,jitter,0.0
FBP,40,15.785505097165483,0.25813970326677266,0.9920091,jitter,0.0
FBP,41,15.294239083251057,0.45741276405674736,0.66065955,jitter,0.0
FBP,42,15.733162150538131,0.5654534934367479,0.5095459,jitter,0.0
FBP,43,15.803930659130078,0.46930572288596717,0.64388317,jitter,0.0
FBP,44,15.843388459948233,0.4633838664047605,0.57069224,jitter,0.0
FBP,45,15.35158127639927,0.5623634165702933,0.6142274,jitter,0.0
FBP,46,16.135062187630652,0.42821016813086465,0.5369653,jitter,0.0
FBP,47,15.029397562578797,0.45417304548824206,0.7148721,jitter,0.0
FBP,48,15.300152467895645,0.6362039711402608,0.4089554,jitter,0.0
FBP,49,16.09154149025824,0.6204355000965043,0.48930636,jitter,0.0
FBP,50,15.49255473732174,0.5023554552517904,0.58203226,jitter,0.0
FBP,51,14.832992544061483,0.7146638091449738,0.4455236,jitter,0.0
FBP,52,15.815848833306255,0.6210612219308906,0.5230827,jitter,0.0
FBP,53,15.398313215166441,0.5666009835578494,0.68060064,jitter,0.0
FBP,54,14.78106919992442,0.6916719984618802,0.4805994,jitter,0.0
FBP,55,14.914648702077164,0.6142436214481564,0.5205201,jitter,0.0
FBP,56,15.834387766767371,0.6473686126530895,0.4644964,jitter,0.0
FBP,57,15.17906366644281,0.29118212971580526,0.84297526,jitter,0.0
FBP,58,15.359078160645112,0.5744209742306865,0.5123859,jitter,0.0
FBP,59,15.647026925485772,0.3928734072893153,0.77195925,jitter,0.0
FBP,60,15.747733000663446,0.5205101533816063,0.4787978,jitter,0.0
FBP,61,15.271909756890867,0.6496370880893304,0.46530712,jitter,0.0
FBP,62,15.919368570401566,0.445921623701057,0.710169,jitter,0.0
FBP,63,14.929651195271061,0.5373027343449988,0.59288836,jitter,0.0
FBP,64,15.623843680095106,0.6675566046177371,0.45066118,jitter,0.0
FBP,65,15.878695793621834,0.394803220669432,0.6998934,jitter,0.0
FBP,66,14.635719612845188,0.6080442827673218,0.6021958,jitter,0.0
FBP,67,15.004222932987833,0.5591061582328455,0.5931621,jitter,0.0
FBP,68,15.944442846667714,0.6411247122392404,0.39594722,jitter,0.0
FBP,69,15.013799208416163,0.6990718476777711,0.50851285,jitter,0.0
FBP,70,14.991318484167078,0.5203091091045415,0.5709736,jitter,0.0
FBP,71,14.937657177851412,0.7705419570758284,0.4177397,jitter,0.0
FBP,72,15.011213449018374,0.6389090895270573,0.5249591,jitter,0.0
FBP,73,15.28846017486699,0.5319658313332605,0.47359502,jitter,0.0
FBP,74,17.205848624596868,0.36934610609997504,0.54282886,jitter,0.0
FBP,75,15.504933023954525,0.5245574224295411,0.53794324,jitter,0.0
FBP,76,15.757595516695188,0.5019018971580701,0.6048317,jitter,0.0
FBP,77,15.42837217028434,0.5750321480196768,0.63256586,jitter,0.0
FBP,78,16.327252202966033,0.45704381305694186,0.5188196,jitter,0.0
FBP,79,15.882621854435747,0.6669340084265645,0.38262925,jitter,0.0
FBP,80,15.695446787937817,0.4798556451159212,0.5464092,jitter,0.0
FBP,81,15.52951576054405,0.5781404368970485,0.49544013,jitter,0.0
FBP,82,15.475545238756869,0.6808260527824199,0.43575427,jitter,0.0
FBP,83,15.12744011816003,0.4567778358455557,0.6409507,jitter,0.0
FBP,84,14.803617883833036,0.6240138314164788,0.5342147,jitter,0.0
FBP,85,16.034641064050206,0.6761506390098814,0.39114138,jitter,0.0
FBP,86,16.17000519345376,0.532997506419032,0.45941263,jitter,0.0
FBP,87,15.531421985125501,0.6063842469466632,0.49054962,jitter,0.0
FBP,88,15.699976388081877,0.608218666223012,0.48011878,jitter,0.0
FBP,89,15.633717235410526,0.3836785023561465,0.60967666,jitter,0.0
FBP,90,15.564379990009003,0.6150370363323094,0.5114444,jitter,0.0
FBP,91,14.833634691132534,0.4899667505704216,0.6034108,jitter,0.0
FBP,92,14.896101357455287,0.4093429868974581,0.77407724,jitter,0.0
FBP,93,15.658640077324161,0.6057155807546464,0.40761018,jitter,0.0
FBP,94,15.965208835091191,0.43421086147787147,0.48989674,jitter,0.0
FBP,95,14.649058215190811,0.6535546569305379,0.43310887,jitter,0.0
FBP,96,15.871866216210346,0.3339917606493198,0.726234,jitter,0.0
FBP,97,16.124294103690858,0.5941414647617316,0.42672113,jitter,0.0
FBP,98,15.433652521892382,0.5707603779551429,0.5464241,jitter,0.0
FBP,99,15.629691447496157,0.6099972889564059,0.45039055,jitter,0.0
FBP,100,15.047597862331658,0.5249140476604105,0.68987435,jitter,0.0
FBP,101,15.04099270313166,0.6653534682212741,0.5342681,jitter,0.0
FBP,102,15.086703090411346,0.6405351030234895,0.52039355,jitter,0.0
FBP,103,15.270582300824673,0.5953430969794599,0.52774423,jitter,0.0
FBP,104,15.404297037649826,0.5810794859974799,0.56600624,jitter,0.0
FBP,105,16.031012682209305,0.5462272036699785,0.5485304,jitter,0.0
FBP,106,14.74712776689319,0.7120460198050502,0.52991045,jitter,0.0
FBP,107,15.986235019383024,0.3772307313471279,0.6587218,jitter,0.0
FBP,108,15.32671318678589,0.4917959653846857,0.54846853,jitter,0.0
FBP,109,15.439910439991962,0.5287845819743066,0.58547646,jitter,0.0
FBP,110,15.38035955692989,0.590326962179596,0.4892099,jitter,0.0
FBP,111,16.65673730646204,0.43431867228782195,0.52316856,jitter,0.0
FBP,112,15.583664870178925,0.46570032700437575,0.60635513,jitter,0.0
FBP,113,15.894807979273086,0.5165309181600094,0.5112276,jitter,0.0
FBP,114,15.642675125119931,0.4667398583345752,0.59377384,jitter,0.0
FBP,115,15.597529543624036,0.462781765795994,0.62348807,jitter,0.0
FBP,116,15.22935080918047,0.41003143276136766,0.69833654,jitter,0.0
FBP,117,16.256082011099974,0.6015071546568556,0.46529192,jitter,0.0
FBP,118,15.61313756992275,0.4741224737231541,0.6453133,jitter,0.0
FBP,119,15.20763517763007,0.6420540916996821,0.48785552,jitter,0.0
FBP,120,15.088183537874478,0.7100032949636157,0.43755478,jitter,0.0
FBP,121,16.077822262005895,0.5616460168198237,0.5475091,jitter,0.0
FBP,122,16.83351619211846,0.4069389421355714,0.6121492,jitter,0.0
FBP,123,15.774930988641216,0.5947546813867203,0.51203096,jitter,0.0
FBP,124,15.913940231907722,0.5311934453801926,0.48667774,jitter,0.0
FBP,125,15.380215415863985,0.4816081934485369,0.61390615,jitter,0.0
FBP,126,15.30823042124936,0.7206384100863341,0.49512026,jitter,0.0
FBP,127,15.826676356146592,0.5925673384451878,0.48098683,jitter,0.0
FBP,128,14.519264087390845,0.6372944592131258,0.45759118,jitter,0.0
FBP,129,15.556449002283554,0.5777245538566822,0.5461712,jitter,0.0
FBP,130,15.303301629064613,0.6254351310785112,0.43886974,jitter,0.0
FBP,131,15.190785647046585,0.6743403537632332,0.41588053,jitter,0.0
FBP,132,15.3029021394036,0.7004876767881316,0.42435017,jitter,0.0
FBP,133,15.408363408803012,0.6488122130142059,0.45000812,jitter,0.0
FBP,134,15.072033125760882,0.580954947537201,0.5059455,jitter,0.0
FBP,135,16.239935094856538,0.3844238217685671,0.5467899,jitter,0.0
FBP,136,15.332974169153026,0.6257174608044731,0.5241331,jitter,0.0
FBP,137,15.536675152460525,0.406334792806436,0.5528195,jitter,0.0
FBP,138,15.037777943381545,0.5859504246967965,0.5134173,jitter,0.0
FBP,139,15.115768661856574,0.5614536430374989,0.5312713,jitter,0.0
FBP,140,15.218743119614764,0.4225173757170651,0.7088026,jitter,0.0
FBP,141,15.268796157007413,0.4406417768885389,0.6271986,jitter,0.0
FBP,142,15.38234448320604,0.6032744667290523,0.56187963,jitter,0.0
FBP,143,16.314828323508856,0.32669542112925537,0.69910395,jitter,0.0
FBP,144,14.938870613475961,0.5303894994131118,0.5519469,jitter,0.0
FBP,145,15.735284105485238,0.3113144933267904,0.7562822,jitter,0.0
FBP,146,15.033265062881487,0.5972059559546233,0.48317865,jitter,0.0
FBP,147,15.637673159078902,0.7415278753151969,0.40044868,jitter,0.0
FBP,148,15.72765863438667,0.6259610721633578,0.5193252,jitter,0.0
FBP,149,15.142389084609448,0.4807095709598377,0.6916027,jitter,0.0
FBP,150,14.851489930611887,0.5415407044184418,0.578537,jitter,0.0
FBP,151,15.035970348465462,0.6753548110051375,0.4973541,jitter,0.0
FBP,152,16.06703582034993,0.5434025933384926,0.5517431,jitter,0.0
FBP,153,15.522002572327656,0.5737567206234709,0.601834,jitter,0.0
FBP,154,15.853067382951311,0.30167248794586615,0.7935906,jitter,0.0
FBP,155,15.193587855258581,0.6368823320581289,0.48084176,jitter,0.0
FBP,156,16.214036376858626,0.5269848870486069,0.5165456,jitter,0.0
FBP,157,15.355749822842133,0.600026856311912,0.53853166,jitter,0.0
FBP,158,15.449495934724638,0.5749736887317205,0.53707075,jitter,0.0
FBP,159,16.040145821911693,0.4401216765299301,0.6402366,jitter,0.0
FBP,160,15.222853641515508,0.5350898944116801,0.5286828,jitter,0.0
FBP,161,14.898667663652008,0.6137043412941727,0.5510039,jitter,0.0
FBP,162,15.397283119073803,0.6942756566874349,0.4327698,jitter,0.0
FBP,163,15.34531285311877,0.6186292998107934,0.46704823,jitter,0.0
FBP,164,14.916376401740738,0.5147920941007598,0.58560586,jitter,0.0
FBP,165,15.086288418923548,0.6961349514117914,0.48360917,jitter,0.0
FBP,166,14.75538648950748,0.5297010503101195,0.6193542,jitter,0.0
FBP,167,15.888899486474575,0.4960489880563239,0.5954016,jitter,0.0
FBP,168,16.26422521287826,0.37234213498595636,0.6212733,jitter,0.0
FBP,169,16.2627118364596,0.5198985940104731,0.54181325,jitter,0.0
FBP,170,15.503925301254204,0.4563572059745909,0.64550877,jitter,0.0
FBP,171,15.693362066712513,0.5904630144486422,0.42483178,jitter,0.0
FBP,172,14.695267638554041,0.6856975752492842,0.501531,jitter,0.0
FBP,173,15.420368031537791,0.5994521762088783,0.61925906,jitter,0.0
FBP,174,15.418035026874733,0.552086908267912,0.53931904,jitter,0.0
FBP,175,16.174526970277363,0.30384564121675434,0.9282665,jitter,0.0
FBP,176,15.838435750190003,0.27485520808176644,0.9595871,jitter,0.0
FBP,177,15.507138690994358,0.5644842793339164,0.5028554,jitter,0.0
FBP,178,16.091896099944787,0.3466805268570861,0.65071905,jitter,0.0
FBP,179,16.015455162977396,0.6211439688072573,0.4190182,jitter,0.0
FBP,180,16.6848565775563,0.3367682834199032,0.6492003,jitter,0.0
FBP,181,15.579868188293258,0.6071214524883904,0.45536274,jitter,0.0
FBP,182,16.172611583199014,0.47806077250274676,0.5640676,jitter,0.0
FBP,183,14.995410116593854,0.7489477485491801,0.4340776,jitter,0.0
FBP,184,15.349242733827712,0.5592907525557572,0.54306024,jitter,0.0
FBP,185,15.276082180779376,0.5359852599672007,0.56145275,jitter,0.0
FBP,186,14.933616095749962,0.6653497246264101,0.4282689,jitter,0.0
FBP,187,15.462626281837634,0.6666025557459168,0.4923173,jitter,0.0
FBP,188,14.783392000634372,0.709149883227349,0.44681934,jitter,0.0
FBP,189,15.491441483283186,0.28777884655691127,0.88342655,jitter,0.0
FBP,190,16.120506754938475,0.4299170615365053,0.50885856,jitter,0.0
FBP,191,15.976986797739293,0.360289675871052,0.6811985,jitter,0.0
FBP,192,14.948317333990705,0.6633552450731852,0.50502706,jitter,0.0
FBP,193,15.75163140455825,0.5238430430431473,0.5640767,jitter,0.0
FBP,194,15.067497344124732,0.6796210841834978,0.49367762,jitter,0.0
FBP,195,15.91562351589394,0.3880095612647975,0.7675357,jitter,0.0
FBP,196,15.570167208137837,0.37938127511547504,0.56833714,jitter,0.0
FBP,197,15.535031598101309,0.5464178574624354,0.44323972,jitter,0.0
FBP,198,15.490592852793366,0.47213568369685266,0.598056,jitter,0.0
FBP,199,15.648790243390868,0.6550199797753776,0.39778072,jitter,0.0
Tikhonov,0,17.234321890537963,0.4979392933608264,0.50049037,jitter,0.0
Tikhonov,1,16.3222428159006,0.5998031634888862,0.4337876,jitter,0.0
Tikhonov,2,18.98885819102098,0.33948863191050976,0.56771237,jitter,0.0
Tikhonov,3,16.429125474056054,0.6928604576753045,0.3707041,jitter,0.0
Tikhonov,4,17.579999798922184,0.5911561040891323,0.4727801,jitter,0.0
Tikhonov,5,18.374996711876484,0.36029135166019904,0.4952351,jitter,0.0
Tikhonov,6,16.6326886035581,0.5590162833538994,0.5023474,jitter,0.0
Tikhonov,7,17.422042425714846,0.4889991144997968,0.45140925,jitter,0.0
Tikhonov,8,17.08267672830076,0.6711462871428898,0.38307405,jitter,0.0
Tikhonov,9,16.68414256011597,0.5966833698989492,0.3981536,jitter,0.0
Tikhonov,10,16.152374948212827,0.6913282318682455,0.44109827,jitter,0.0
Tikhonov,11,16.002055024569295,0.6290400803451376,0.47479987,jitter,0.0
Tikhonov,12,16.698088687270175,0.5107560734075017,0.47472337,jitter,0.0
Tikhonov,13,16.149062893220897,0.6683073017173995,0.44107673,jitter,0.0
Tikhonov,14,18.311251571807496,0.38617362833965746,0.44504634,jitter,0.0
Tikhonov,15,16.50420230790154,0.6182016564815975,0.50871587,jitter,0.0
Tikhonov,16,16.767195739750207,0.584450707176781,0.4677502,jitter,0.0
Tikhonov,17,17.192693679209373,0.5410086269688135,0.44276616,jitter,0.0
Tikhonov,18,16.455981370614726,0.7060966269913599,0.38599735,jitter,0.0
Tikhonov,19,17.77805648499132,0.4884165191815104,0.51243156,jitter,0.0
Tikhonov,20,17.3676156021924,0.5603743480159593,0.3897358,jitter,0.0
Tikhonov,21,17.267043570651172,0.5390163086064175,0.4491863,jitter,0.0
Tikhonov,22,16.517255372566307,0.5972104253553331,0.47724798,jitter,0.0
Tikhonov,23,16.910026023766324,0.5487185154290107,0.49388576,jitter,0.0
Tikhonov,24,17.623295151130648,0.4412197152620243,0.60662186,jitter,0.0
Tikhonov,25,16.040173240266142,0.7948477482817652,0.32100087,jitter,0.0
Tikhonov,26,16.881963501516214,0.40526977027472966,0.58121693,jitter,0.0
Tikhonov,27,17.151872112353356,0.5686957630379826,0.45434508,jitter,0.0
Tikhonov,28,16.24352708078704,0.6827991721258799,0.39635283,jitter,0.0
Tikhonov,29,18.700601749597304,0.3543914712687439,0.49790198,jitter,0.0
Tikhonov,30,17.271614784547864,0.5744641993104861,0.41747552,jitter,0.0
Tikhonov,31,19.014405356548295,0.33785022411991894,0.52772844,jitter,0.0
Tikhonov,32,16.34203383326649,0.5768492126232205,0.45424247,jitter,0.0
Tikhonov,33,16.879569810847958,0.6289059304327258,0.4489919,jitter,0.0
Tikhonov,34,16.852412858349243,0.5880432984421765,0.4237806,jitter,0.0
Tikhonov,35,16.214922350677693,0.7224617897016227,0.44212025,jitter,0.0
Tikhonov,36,16.80160704804703,0.5539329946026675,0.4753474,jitter,0.0
Tikhonov,37,18.411417833760222,0.3459958065126076,0.490321,jitter,0.0
Tikhonov,38,16.334736554163726,0.4986243577460443,0.55857,jitter,0.0
Tikhonov,39,18.414593482186955,0.40540445637109895,0.4215717,jitter,0.0
Tikhonov,40,18.959097759119143,0.26225093481792827,0.68839234,jitter,0.0
Tikhonov,41,17.19939869058287,0.47330396216986165,0.53054196,jitter,0.0
Tikhonov,42,17.339329385111235,0.5725836437087302,0.42352104,jitter,0.0
Tikhonov,43,17.61656512229569,0.4717675672104671,0.52260715,jitter,0.0
Tikhonov,44,17.762585070048388,0.4754130079532196,0.45755374,jitter,0.0
Tikhonov,45,16.76843063780813,0.5486472036058375,0.5217791,jitter,0.0
Tikhonov,46,18.280463695582462,0.4388238054556841,0.41944605,jitter,0.0
Tikhonov,47,16.568622199655838,0.4574535794138585,0.5987798,jitter,0.0
Tikhonov,48,16.690143037904107,0.6583729149430484,0.34847885,jitter,0.0
Tikhonov,49,17.23359159908385,0.6227172566924152,0.4290208,jitter,0.0
Tikhonov,50,17.362537843911866,0.5216748633920811,0.4692971,jitter,0.0
Tikhonov,51,15.802954546128378,0.7069196140572567,0.39844888,jitter,0.0
Tikhonov,52,16.864441899712073,0.6108568796066833,0.4635971,jitter,0.0
Tikhonov,53,16.82403966093467,0.5670391988444088,0.57757187,jitter,0.0
Tikhonov,54,15.70234199133286,0.6826052290155583,0.43223467,jitter,0.0
Tikhonov,55,16.20769091558671,0.6030902758905518,0.44852367,jitter,0.0
Tikhonov,56,17.6026391897188,0.6697366396186504,0.37893942,jitter,0.0
Tikhonov,57,18.018193373841104,0.30213084513146415,0.6079367,jitter,0.0
Tikhonov,58,17.15614943416103,0.5902547204938201,0.41662335,jitter,0.0
Tikhonov,59,18.001222326838885,0.4064135002438941,0.58868724,jitter,0.0
Tikhonov,60,17.131707351684152,0.5277005146068284,0.4082756,jitter,0.0
Tikhonov,61,16.396255958782216,0.6482150987856675,0.40881082,jitter,0.0
Tikhonov,62,17.97914697324224,0.44579408046922236,0.5602383,jitter,0.0
Tikhonov,63,16.967315657921237,0.5513217699154057,0.46891022,jitter,0.0
Tikhonov,64,16.5523317299379,0.6609348270215656,0.40497273,jitter,0.0
Tikhonov,65,18.240519706925063,0.4007173868137689,0.5332621,jitter,0.0
Tikhonov,66,16.148897588482292,0.6102371138322344,0.5059165,jitter,0.0
Tikhonov,67,17.031928184137893,0.5760583503624955,0.46966496,jitter,0.0
Tikhonov,68,17.00772382961683,0.6432399945526022,0.35032672,jitter,0.0
Tikhonov,69,16.15334652812443,0.7036174704836179,0.44598943,jitter,0.0
Tikhonov,70,16.95114650548478,0.5352421806220106,0.45564294,jitter,0.0
Tikhonov,71,16.189975051852613,0.7811031967044562,0.3616511,jitter,0.0
Tikhonov,72,16.15966921312519,0.6454375870925113,0.45994157,jitter,0.0
Tikhonov,73,16.83924442646508,0.5448640360850995,0.39615753,jitter,0.0
Tikhonov,74,19.23078957923623,0.3817186578641615,0.42994797,jitter,0.0
Tikhonov,75,16.933291695176877,0.5310664770837049,0.45637152,jitter,0.0
Tikhonov,76,16.91117799524833,0.49954693708838205,0.5296091,jitter,0.0
Tikhonov,77,17.224912767560774,0.5820381404679992,0.51437366,jitter,0.0
Tikhonov,78,17.760431739663375,0.4561395923383842,0.43990344,jitter,0.0
Tikhonov,79,16.933220963343672,0.6715467188522712,0.3390379,jitter,0.0
Tikhonov,80,17.47825976104046,0.48868366306111766,0.44501776,jitter,0.0
Tikhonov,81,16.72658489163838,0.5746304219466449,0.43165594,jitter,0.0
Tikhonov,82,16.31016652083354,0.6803871520363421,0.39583173,jitter,0.0
Tikhonov,83,17.442190311848428,0.47922820911583036,0.49100637,jitter,0.0
Tikhonov,84,15.922968418929006,0.6169948174400748,0.46962184,jitter,0.0
Tikhonov,85,16.98801116027616,0.6830618693834856,0.35048163,jitter,0.0
Tikhonov,86,17.783861778457815,0.5449041752471812,0.38151368,jitter,0.0
Tikhonov,87,16.755434428273293,0.6118314357470598,0.42607138,jitter,0.0
Tikhonov,88,16.772123555614694,0.6115684678406678,0.42436674,jitter,0.0
Tikhonov,89,17.947608253296977,0.3973053284275657,0.4670948,jitter,0.0
Tikhonov,90,16.793293799701885,0.6175474775483647,0.44396907,jitter,0.0
Tikhonov,91,16.677494938700725,0.5019335471012356,0.48800018,jitter,0.0
Tikhonov,92,16.975073035105684,0.4140832763466376,0.60930634,jitter,0.0
Tikhonov,93,17.201589718073826,0.6225808799415461,0.34126955,jitter,0.0
Tikhonov,94,17.730687426853898,0.44008010425888705,0.39978883,jitter,0.0
Tikhonov,95,16.444518126248393,0.6781130834155011,0.3522282,jitter,0.0
Tikhonov,96,18.78140686530474,0.3572257677759891,0.5195168,jitter,0.0
Tikhonov,97,17.27767162300833,0.5904396118719827,0.37365887,jitter,0.0
Tikhonov,98,16.669080481944437,0.570202653813426,0.47397828,jitter,0.0
Tikhonov,99,16.59590071482818,0.6143098042321522,0.40297565,jitter,0.0
Tikhonov,100,16.414452172190455,0.5045068824215415,0.5894233,jitter,0.0
Tikhonov,101,16.364826192276418,0.6634553515979845,0.45874098,jitter,0.0
Tikhonov,102,16.169797997540044,0.6416228998948874,0.45938537,jitter,0.0
Tikhonov,103,17.38700298999921,0.6199344169918047,0.4136209,jitter,0.0
Tikhonov,104,16.9360075506315,0.5867954569222686,0.47449943,jitter,0.0
Tikhonov,105,17.18112785859052,0.5453504375453888,0.4805017,jitter,0.0
Tikhonov,106,15.976650650654582,0.7111975669279725,0.4599667,jitter,0.0
Tikhonov,107,18.909354418953374,0.4066229048714211,0.4704853,jitter,0.0
Tikhonov,108,17.531542475360236,0.5102441962736213,0.42551047,jitter,0.0
Tikhonov,109,16.45901223934487,0.5188624826500439,0.52066016,jitter,0.0
Tikhonov,110,16.669578029899196,0.5897569226150109,0.42172977,jitter,0.0
Tikhonov,111,18.35654066864261,0.4394476624248522,0.43018126,jitter,0.0
Tikhonov,112,17.325656736180104,0.47080773624234584,0.49616647,jitter,0.0
Tikhonov,113,17.459363019849743,0.5212808722365082,0.42695937,jitter,0.0
Tikhonov,114,17.54634364546427,0.4771575619459868,0.47691134,jitter,0.0
Tikhonov,115,17.534233908266273,0.4617045302995604,0.4988764,jitter,0.0
Tikhonov,116,17.648410203424845,0.42823471767589266,0.5285813,jitter,0.0
Tikhonov,117,17.253617304794766,0.599906378934614,0.41480955,jitter,0.0
Tikhonov,118,17.548754527734577,0.4845797652943918,0.5164042,jitter,0.0
Tikhonov,119,16.399784238856615,0.6465789521366073,0.42528868,jitter,0.0
Tikhonov,120,16.41496393678413,0.7286053981736864,0.37557217,jitter,0.0
Tikhonov,121,17.62070853754186,0.5572863761595381,0.45840254,jitter,0.0
Tikhonov,122,18.846590774618406,0.4205915795313002,0.48551598,jitter,0.0
Tikhonov,123,16.679993644048082,0.5844357880895519,0.46136335,jitter,0.0
Tikhonov,124,17.007037804347192,0.5273481372172352,0.42912772,jitter,0.0
Tikhonov,125,17.21714801727806,0.4869522731859441,0.49688444,jitter,0.0
Tikhonov,126,16.27682176072144,0.7052877383327789,0.44287494,jitter,0.0
Tikhonov,127,16.859719549512384,0.5972515052220061,0.4270523,jitter,0.0
Tikhonov,128,15.910733158268675,0.6425126892341828,0.38985598,jitter,0.0
Tikhonov,129,16.851592726866777,0.5785145199353026,0.47051305,jitter,0.0
Tikhonov,130,16.750448443828898,0.6391328455782149,0.37151667,jitter,0.0
Tikhonov,131,16.454756352626475,0.676710613224894,0.3595589,jitter,0.0
Tikhonov,132,16.16793830548317,0.7024569995975515,0.38412502,jitter,0.0
Tikhonov,133,16.929077442719056,0.6649720428363817,0.37773278,jitter,0.0
Tikhonov,134,16.17819847803071,0.5711757102709414,0.44544637,jitter,0.0
Tikhonov,135,18.438534503472674,0.39185565146559864,0.42451254,jitter,0.0
Tikhonov,136,16.62037638996392,0.6195855519314843,0.4519303,jitter,0.0
Tikhonov,137,17.525016738124148,0.4224324392954326,0.4397099,jitter,0.0
Tikhonov,138,16.142885041495916,0.5784778340199138,0.45207983,jitter,0.0
Tikhonov,139,16.462523373505146,0.569231211546109,0.45496565,jitter,0.0
Tikhonov,140,16.96417674935165,0.4268874512753961,0.57976717,jitter,0.0
Tikhonov,141,17.056172372647897,0.44594806235731954,0.5105476,jitter,0.0
Tikhonov,142,16.39504011962551,0.6035560043177506,0.5000443,jitter,0.0
Tikhonov,143,18.981540786408896,0.3417364658329882,0.5142877,jitter,0.0
Tikhonov,144,16.57110496313002,0.5469385929694803,0.4573888,jitter,0.0
Tikhonov,145,18.50880586762737,0.32353081751503204,0.5495507,jitter,0.0
Tikhonov,146,16.34719157254282,0.596727682000713,0.4153473,jitter,0.0
Tikhonov,147,16.236604739808204,0.7273032781927777,0.37376642,jitter,0.0
Tikhonov,148,16.840813787498202,0.6182593742625072,0.45685846,jitter,0.0
Tikhonov,149,17.027655468536643,0.5021059627078035,0.5566643,jitter,0.0
Tikhonov,150,16.969379638116582,0.5658314896007607,0.45335317,jitter,0.0
Tikhonov,151,15.777110587857885,0.6588511036558381,0.4566765,jitter,0.0
Tikhonov,152,17.08326750555224,0.5259349362499923,0.49082348,jitter,0.0
Tikhonov,153,16.978712736836968,0.5665066820499103,0.5089103,jitter,0.0
Tikhonov,154,18.66690416629854,0.30709560798175156,0.57399046,jitter,0.0
Tikhonov,155,16.81023053975244,0.6566873266075907,0.39918116,jitter,0.0
Tikhonov,156,17.358844803176883,0.5223012513265568,0.4527602,jitter,0.0
Tikhonov,157,16.589072082354235,0.5924334113619845,0.46724552,jitter,0.0
Tikhonov,158,17.395994146684025,0.5947076795237382,0.42924634,jitter,0.0
Tikhonov,159,17.851003075883252,0.4418672744328087,0.51975375,jitter,0.0
Tikhonov,160,16.844217177388884,0.5454965125671242,0.43865898,jitter,0.0
Tikhonov,161,16.25048574475706,0.613779819896156,0.47158903,jitter,0.0
Tikhonov,162,16.345618396413908,0.6935357447147893,0.38800758,jitter,0.0
Tikhonov,163,16.895488480896695,0.6406952082215566,0.3907086,jitter,0.0
Tikhonov,164,16.57861681269411,0.52139208671177,0.4836079,jitter,0.0
Tikhonov,165,16.51956945430243,0.6963084278426668,0.41004404,jitter,0.0
Tikhonov,166,16.350056593596015,0.5423986501919591,0.5154726,jitter,0.0
Tikhonov,167,17.44606466091414,0.5031472899006249,0.49768177,jitter,0.0
Tikhonov,168,19.11420011080342,0.3823183763116571,0.4474906,jitter,0.0
Tikhonov,169,18.13411029125491,0.5349485284534825,0.43679705,jitter,0.0
Tikhonov,170,17.87113780009767,0.47996162049340524,0.4915204,jitter,0.0
Tikhonov,171,17.163064319127837,0.6093087120579117,0.35870042,jitter,0.0
Tikhonov,172,15.56224050902551,0.683004403536156,0.45388845,jitter,0.0
Tikhonov,173,16.43162520717141,0.587029694853262,0.55120045,jitter,0.0
Tikhonov,174,17.036072164311523,0.5609882142200435,0.44765547,jitter,0.0
Tikhonov,175,19.2704177459161,0.3357692273215329,0.6499473,jitter,0.0
Tikhonov,176,19.792494526830826,0.3022785964316096,0.6086694,jitter,0.0
Tikhonov,177,16.64893803025967,0.5531953138564829,0.44091332,jitter,0.0
Tikhonov,178,18.572006183438823,0.35088348289045374,0.48908913,jitter,0.0
Tikhonov,179,16.39123413132118,0.6029004066189644,0.40127668,jitter,0.0
Tikhonov,180,19.059375351534605,0.3434007783585867,0.49391565,jitter,0.0
Tikhonov,181,16.45337406046654,0.5980765496064093,0.41179606,jitter,0.0
Tikhonov,182,17.94344297239701,0.4911947697295215,0.4600336,jitter,0.0
Tikhonov,183,15.406057033990251,0.7331802969197608,0.4140331,jitter,0.0
Tikhonov,184,17.20073226145351,0.5737941738825161,0.438807,jitter,0.0
Tikhonov,185,16.62295496477005,0.5371460586823311,0.48080567,jitter,0.0
Tikhonov,186,16.347805307220863,0.6751180812639516,0.363921,jitter,0.0
Tikhonov,187,16.314074935890716,0.6573018210387812,0.44634703,jitter,0.0
Tikhonov,188,16.06419238160357,0.7171090685051466,0.38555998,jitter,0.0
Tikhonov,189,18.604422219983206,0.29833444134882564,0.61733574,jitter,0.0
Tikhonov,190,18.153278199124628,0.4482269721867686,0.40267852,jitter,0.0
Tikhonov,191,18.6642446888028,0.37374680367330176,0.49993178,jitter,0.0
Tikhonov,192,16.10801950053163,0.6534111817083071,0.44190565,jitter,0.0
Tikhonov,193,16.935852782604584,0.5149197538108141,0.49218363,jitter,0.0
Tikhonov,194,15.992867519646445,0.6719913932452486,0.44378737,jitter,0.0
Tikhonov,195,17.64779182455505,0.3849877413008208,0.6287676,jitter,0.0
Tikhonov,196,17.879635987961734,0.3922257151821251,0.4356449,jitter,0.0
Tikhonov,197,16.691761758208358,0.5542073987096294,0.38797355,jitter,0.0
Tikhonov,198,17.11657989274931,0.480678260890182,0.49595526,jitter,0.0
Tikhonov,199,16.981842790336646,0.6730784189325473,0.3411859,jitter,0.0
TV,0,19.82457099217435,0.5957345085849693,0.37143537,jitter,0.0
TV,1,19.73666390335394,0.7040800799789824,0.2927899,jitter,0.0
TV,2,19.895756833168793,0.40401454594622227,0.5114267,jitter,0.0
TV,3,19.54453328245215,0.7988265460079982,0.25897452,jitter,0.0
TV,4,20.04341704274801,0.6944308071301034,0.35603145,jitter,0.0
TV,5,20.987037977790056,0.45837591608893896,0.36661425,jitter,0.0
TV,6,18.919388451999268,0.6715483021035344,0.38607275,jitter,0.0
TV,7,19.967301349100833,0.5935318719649549,0.3367499,jitter,0.0
TV,8,20.302974871865437,0.7704636649871321,0.26440385,jitter,0.0
TV,9,19.654980623540418,0.7151674828482484,0.28281912,jitter,0.0
TV,10,19.03181919617335,0.806647492396599,0.31663805,jitter,0.0
TV,11,18.016673624855656,0.7343086198276324,0.3765127,jitter,0.0
TV,12,18.904446799697787,0.6110489630041267,0.36823303,jitter,0.0
TV,13,18.473061843070262,0.7754292146953146,0.33753142,jitter,0.0
TV,14,21.770310455760786,0.46796182564494376,0.2988493,jitter,0.0
TV,15,18.752143908410176,0.7417356605845511,0.3927156,jitter,0.0
TV,16,18.826948817585475,0.6899221742329427,0.36899996,jitter,0.0
TV,17,20.63015709214131,0.6600326014594137,0.2980583,jitter,0.0
TV,18,18.979082895082044,0.8051068054277388,0.28868836,jitter,0.0
TV,19,20.24842166341733,0.6214634776517098,0.38558277,jitter,0.0
TV,20,19.91578983737661,0.6623697785539399,0.29064414,jitter,0.0
TV,21,19.830980819589193,0.6376355030171742,0.3343718,jitter,0.0
TV,22,18.37650506460681,0.7289370506884499,0.38528457,jitter,0.0
TV,23,18.910428549240855,0.656178656055338,0.39228922,jitter,0.0
TV,24,18.828316180559476,0.5426391088254634,0.52804023,jitter,0.0
TV,25,18.7863615479547,0.8801982233354684,0.23398973,jitter,0.0
TV,26,18.639331892784014,0.4934462284109332,0.47475532,jitter,0.0
TV,27,19.568032298796957,0.7004088048345971,0.34401533,jitter,0.0
TV,28,18.678931274706063,0.7861626903037733,0.29944134,jitter,0.0
TV,29,21.845969318337023,0.43911170103675723,0.34663746,jitter,0.0
TV,30,20.36321481481464,0.6815635838612244,0.2924496,jitter,0.0
TV,31,21.77942502961877,0.4394259347516874,0.3838482,jitter,0.0
TV,32,18.906700432699633,0.6994265372112531,0.33810717,jitter,0.0
TV,33,19.165133882081598,0.7456567084516806,0.34511217,jitter,0.0
TV,34,20.389662184250582,0.696385906956809,0.28201917,jitter,0.0
TV,35,18.917436704035882,0.840081614952088,0.32390282,jitter,0.0
TV,36,19.329420572525017,0.6624048791906588,0.35532063,jitter,0.0
TV,37,21.821798455917836,0.4475585087625818,0.33110178,jitter,0.0
TV,38,17.86829421564297,0.6094813009984753,0.46816587,jitter,0.0
TV,39,21.509496270260975,0.5174763393054393,0.29520676,jitter,0.0
TV,40,21.060966857626156,0.4015335126463439,0.5404339,jitter,0.0
TV,41,18.829238555809322,0.562160299898006,0.4397722,jitter,0.0
TV,42,20.104826293019453,0.6756592733320811,0.30803505,jitter,0.0
TV,43,19.86068922086658,0.5682713376196517,0.4036167,jitter,0.0
TV,44,21.133727652831897,0.587264075453397,0.31037372,jitter,0.0
TV,45,18.55898588070174,0.6573913400547294,0.4245794,jitter,0.0
TV,46,21.39808298296198,0.5519743349849562,0.2929511,jitter,0.0
TV,47,17.660228092237418,0.554110913548988,0.5280643,jitter,0.0
TV,48,19.879042990927584,0.7555717864056495,0.24139675,jitter,0.0
TV,49,19.61996380614836,0.7347513288779046,0.32595655,jitter,0.0
TV,50,19.480083191218302,0.6295726148763764,0.36776522,jitter,0.0
TV,51,18.570499850173434,0.8242157638960033,0.28973123,jitter,0.0
TV,52,19.204872570414878,0.7271844923317294,0.35409448,jitter,0.0
TV,53,18.36152570100927,0.6917976328298788,0.48387337,jitter,0.0
TV,54,17.838458818476823,0.7855736526914618,0.3379977,jitter,0.0
TV,55,19.342317357686884,0.7165997816684602,0.3126468,jitter,0.0
TV,56,21.511643349748226,0.7925446038904084,0.24161261,jitter,0.0
TV,57,19.707337987377336,0.39208505284868583,0.5004966,jitter,0.0
TV,58,19.36118401536884,0.697370913618606,0.3232153,jitter,0.0
TV,59,19.231613389746062,0.503295715397016,0.5109343,jitter,0.0
TV,60,20.154413618677506,0.6585968331047064,0.2882824,jitter,0.0
TV,61,19.249415106429396,0.7522138846510914,0.29435027,jitter,0.0
TV,62,20.027782656654306,0.5435083050955248,0.44252825,jitter,0.0
TV,63,19.66517349278257,0.6530228277956028,0.34371364,jitter,0.0
TV,64,19.56666347580539,0.7627875779915124,0.28622606,jitter,0.0
TV,65,20.177842812764254,0.5219368242229574,0.42665276,jitter,0.0
TV,66,17.86810874411224,0.7102276497200124,0.41506702,jitter,0.0
TV,67,19.070490735822855,0.6802469178772539,0.3714155,jitter,0.0
TV,68,20.407061727090866,0.7606713143716112,0.23686798,jitter,0.0
TV,69,18.620647744310517,0.8066767860850519,0.33570632,jitter,0.0
TV,70,19.734759720929627,0.6466551655133771,0.33070743,jitter,0.0
TV,71,19.477903952451037,0.8841469318611732,0.2476814,jitter,0.0
TV,72,18.435534895622162,0.7498776826051194,0.35392347,jitter,0.0
TV,73,19.604502756687218,0.6557236071166097,0.28814098,jitter,0.0
TV,74,23.11011844333003,0.5306866703899423,0.27507395,jitter,0.0
TV,75,19.35407556402213,0.6408415189761407,0.3453658,jitter,0.0
TV,76,18.878787816992205,0.6458278103194716,0.42225513,jitter,0.0
TV,77,19.44988227713679,0.7003641177655759,0.3981349,jitter,0.0
TV,78,21.06043094451257,0.5813140798002204,0.3008551,jitter,0.0
TV,79,19.59978353161136,0.7819327025179759,0.24941356,jitter,0.0
TV,80,20.680811871143124,0.5882408076710615,0.30778664,jitter,0.0
TV,81,19.901886144881264,0.6917939472612579,0.29948336,jitter,0.0
TV,82,19.567088447538016,0.7907020728380905,0.27205986,jitter,0.0
TV,83,19.51445857430383,0.5726626894786985,0.38678864,jitter,0.0
TV,84,17.873271637972028,0.736440562400659,0.3751743,jitter,0.0
TV,85,20.21460327039753,0.7807092515170605,0.24173285,jitter,0.0
TV,86,20.65035023299135,0.6584528514418813,0.27427468,jitter,0.0
TV,87,19.036475691445236,0.7125408592545389,0.32766515,jitter,0.0
TV,88,19.187063308337503,0.7324547041529859,0.32136184,jitter,0.0
TV,89,20.95640531016987,0.5225525592335438,0.33034304,jitter,0.0
TV,90,19.22906962951348,0.7336608059800515,0.33540067,jitter,0.0
TV,91,18.70343465061395,0.5908686908872121,0.3864765,jitter,0.0
TV,92,18.075981777553825,0.49462616398222436,0.5367725,jitter,0.0
TV,93,20.148521860858338,0.7192949048110692,0.24308094,jitter,0.0
TV,94,20.6320349844719,0.5524955649423886,0.2862617,jitter,0.0
TV,95,19.357395853504535,0.7851783878868446,0.25187218,jitter,0.0
TV,96,21.172891213352266,0.45808661114501437,0.39448038,jitter,0.0
TV,97,20.945902289860552,0.7006981314000219,0.24494226,jitter,0.0
TV,98,18.948486546020316,0.7097928009158547,0.36457604,jitter,0.0
TV,99,18.709107125873114,0.7183386999950166,0.3159501,jitter,0.0
TV,100,17.701171819948144,0.6133144914060985,0.5082663,jitter,0.0
TV,101,18.610228536467737,0.7666036126156691,0.35423985,jitter,0.0
TV,102,18.25872417971196,0.7722198927839006,0.36118597,jitter,0.0
TV,103,20.36509658685509,0.7189353636753638,0.29356062,jitter,0.0
TV,104,19.812257436222257,0.7248565222777441,0.34074005,jitter,0.0
TV,105,19.61486547855301,0.6749354826747286,0.36308482,jitter,0.0
TV,106,18.243628917602802,0.8244478165235539,0.35430515,jitter,0.0
TV,107,21.560702949324533,0.5424432228838887,0.34671977,jitter,0.0
TV,108,20.070617325437023,0.6153466179654241,0.3176556,jitter,0.0
TV,109,18.681588238152127,0.6387606236760405,0.40311182,jitter,0.0
TV,110,19.0968343677208,0.6944149461024526,0.31891245,jitter,0.0
TV,111,22.027119008036422,0.5403872398151592,0.28191787,jitter,0.0
TV,112,19.64039918540315,0.5898417720214217,0.3800934,jitter,0.0
TV,113,20.297791731921514,0.648047538105233,0.30793932,jitter,0.0
TV,114,19.893102111969142,0.582942949211579,0.3639986,jitter,0.0
TV,115,19.86564315138784,0.5671499355163133,0.38143674,jitter,0.0
TV,116,19.33831479909664,0.5436957769557951,0.43512753,jitter,0.0
TV,117,20.129163644269994,0.7180000148571196,0.29790065,jitter,0.0
TV,118,18.992877169060314,0.5673709223315087,0.4373042,jitter,0.0
TV,119,18.824891370349718,0.742972296474055,0.32168323,jitter,0.0
TV,120,19.26981265582726,0.8250074398786614,0.27036533,jitter,0.0
TV,121,20.280296310361628,0.6780110325063925,0.3374952,jitter,0.0
TV,122,21.988470462565857,0.5415536305695879,0.3381501,jitter,0.0
TV,123,19.2231851199193,0.7348593206804876,0.34425756,jitter,0.0
TV,124,19.5195213000243,0.6191350667620047,0.32133824,jitter,0.0
TV,125,19.629704120134605,0.6116506919016569,0.37638092,jitter,0.0
TV,126,19.05003365725223,0.8189081001588074,0.32182556,jitter,0.0
TV,127,19.85816907604598,0.7176488396569255,0.30238384,jitter,0.0
TV,128,17.903198107976603,0.7371930419514292,0.30994236,jitter,0.0
TV,129,19.444884180524447,0.6847626958735102,0.3490656,jitter,0.0
TV,130,18.995799012588368,0.7357141528199697,0.28688696,jitter,0.0
TV,131,19.653466643701147,0.7917402727184971,0.24879092,jitter,0.0
TV,132,19.683346020886535,0.8257444009227171,0.2562726,jitter,0.0
TV,133,20.218310887635077,0.7658687310816705,0.25865626,jitter,0.0
TV,134,18.987592230152906,0.6913008040686962,0.32234856,jitter,0.0
TV,135,22.08478242977459,0.46880779036297654,0.27898324,jitter,0.0
TV,136,19.54407150618083,0.7347665091227039,0.32276523,jitter,0.0
TV,137,20.133089166136834,0.5060861172861215,0.32565865,jitter,0.0
TV,138,17.857405658631166,0.6762117194983539,0.37109843,jitter,0.0
TV,139,18.505297991310897,0.671586453404724,0.35961673,jitter,0.0
TV,140,18.506367795426762,0.5194998764760566,0.4854495,jitter,0.0
TV,141,19.33698783931282,0.5419147202748928,0.39264083,jitter,0.0
TV,142,18.65074477095783,0.7477103457786143,0.38567656,jitter,0.0
TV,143,21.631567485638854,0.4496499219960302,0.37905723,jitter,0.0
TV,144,18.71421279490225,0.641665827030747,0.35737994,jitter,0.0
TV,145,20.612771298585322,0.41456840592840577,0.43132985,jitter,0.0
TV,146,18.417508713425292,0.7281087438377729,0.32726195,jitter,0.0
TV,147,19.306012173151476,0.8381610306610993,0.26250035,jitter,0.0
TV,148,19.68824718570903,0.7286636109414802,0.3291622,jitter,0.0
TV,149,18.11738953715941,0.6354314852515544,0.49102846,jitter,0.0
TV,150,19.262753852569737,0.6720107996245569,0.3481512,jitter,0.0
TV,151,17.82880707682951,0.758685312800067,0.36059847,jitter,0.0
TV,152,19.53837433868562,0.6271431125750504,0.36997297,jitter,0.0
TV,153,19.150788293433703,0.6756656000232862,0.3963122,jitter,0.0
TV,154,20.58972339068625,0.3817617912480438,0.4600062,jitter,0.0
TV,155,19.348749614367375,0.7680386437414876,0.29801908,jitter,0.0
TV,156,19.988147195496943,0.6450491019135941,0.33450538,jitter,0.0
TV,157,19.312829154315892,0.7067818619476339,0.3414737,jitter,0.0
TV,158,20.09071169794534,0.6934316494388598,0.31475362,jitter,0.0
TV,159,19.63593449096733,0.541548679332626,0.42320532,jitter,0.0
TV,160,19.7246831907314,0.6679171613698502,0.31485003,jitter,0.0
TV,161,18.400170445446445,0.7487279524957408,0.36819634,jitter,0.0
TV,162,19.408080487052136,0.7903000145779214,0.27272007,jitter,0.0
TV,163,19.58173464825515,0.7429575455675194,0.2867746,jitter,0.0
TV,164,18.110756880865473,0.5979646047305947,0.40540248,jitter,0.0
TV,165,19.067242128244395,0.789320505807207,0.30580658,jitter,0.0
TV,166,17.999787114530083,0.648206204436681,0.42630368,jitter,0.0
TV,167,19.922712899157627,0.6187985766763714,0.3742134,jitter,0.0
TV,168,22.367745368963114,0.458754083294179,0.30768526,jitter,0.0
TV,169,20.47363409288609,0.6579848542686336,0.3336595,jitter,0.0
TV,170,20.32482337741792,0.5815703856500447,0.3705589,jitter,0.0
TV,171,20.00744813604408,0.7038431621194156,0.25853106,jitter,0.0
TV,172,18.05246850595018,0.7981653584466577,0.34075147,jitter,0.0
TV,173,17.90358361313779,0.694824760208245,0.46527702,jitter,0.0
TV,174,19.400050266324357,0.6754571933066953,0.34099263,jitter,0.0
TV,175,20.73807088594396,0.47121391007012864,0.54890287,jitter,0.0
TV,176,21.89977810391951,0.4057749276547808,0.4775483,jitter,0.0
TV,177,19.809364277057114,0.6760729600921704,0.30643043,jitter,0.0
TV,178,21.494297512746208,0.4747220615304098,0.3493602,jitter,0.0
TV,179,18.963887517300428,0.7105956916078686,0.29840854,jitter,0.0
TV,180,22.2578306651774,0.433968571151322,0.34176692,jitter,0.0
TV,181,18.91494254926225,0.6955823392928616,0.31017283,jitter,0.0
TV,182,21.04263529321741,0.5945960875102203,0.32198077,jitter,0.0
TV,183,18.492115741697134,0.8546445350045307,0.29022318,jitter,0.0
TV,184,19.275856176778188,0.6826894197368625,0.34555516,jitter,0.0
TV,185,18.79711546769075,0.6552764097168996,0.37433594,jitter,0.0
TV,186,19.446082861329042,0.7684551688971398,0.2547377,jitter,0.0
TV,187,19.020633468368448,0.7693865372960972,0.32684717,jitter,0.0
TV,188,18.88897552969558,0.813446241114404,0.2785177,jitter,0.0
TV,189,21.093003552256594,0.42704668890998493,0.4635455,jitter,0.0
TV,190,20.933699706882983,0.5634764980650815,0.2923731,jitter,0.0
TV,191,20.96080266680908,0.4791767598533414,0.38378045,jitter,0.0
TV,192,18.38081936179478,0.7546372704663937,0.34016493,jitter,0.0
TV,193,18.639263577519685,0.6285986888033823,0.40453544,jitter,0.0
TV,194,18.830872431038806,0.8037639628876432,0.3200919,jitter,0.0
TV,195,18.948008780525946,0.5056905493429816,0.5413514,jitter,0.0
TV,196,20.914122859441658,0.4723932558799563,0.30719087,jitter,0.0
TV,197,18.986780238851374,0.662480378365683,0.29788676,jitter,0.0
TV,198,19.072955724340275,0.6043121821298996,0.39593485,jitter,0.0
TV,199,20.370454114954704,0.7835484462663193,0.23097263,jitter,0.0
PnP-DnCNN,0,26.32868111228923,0.9501300978451228,0.17566197,jitter,0.0
PnP-DnCNN,1,24.250382527986616,0.971896709119978,0.17412862,jitter,0.0
PnP-DnCNN,2,25.93876827183739,0.9609777058574779,0.2550544,jitter,0.0
PnP-DnCNN,3,22.769022166924856,0.9533753279627355,0.17866217,jitter,0.0
PnP-DnCNN,4,24.64604752018299,0.9437603406792829,0.20958337,jitter,0.0
PnP-DnCNN,5,27.18398676765458,0.9740384423043117,0.17962298,jitter,0.0
PnP-DnCNN,6,23.662928418492477,0.9376613935532648,0.22361049,jitter,0.0
PnP-DnCNN,7,24.35462358967852,0.9511460113254461,0.20320827,jitter,0.0
PnP-DnCNN,8,23.793550038829373,0.9596103023399006,0.17690457,jitter,0.0
PnP-DnCNN,9,22.256832786425292,0.9478432608167987,0.20961201,jitter,0.0
PnP-DnCNN,10,24.089855040026475,0.9520831209076338,0.17687291,jitter,0.0
PnP-DnCNN,11,23.17895474366601,0.95031376686409,0.2078096,jitter,0.0
PnP-DnCNN,12,22.82242633659601,0.9509525053387831,0.23454368,jitter,0.0
PnP-DnCNN,13,24.84365575230285,0.9606957914969645,0.16210055,jitter,0.0
PnP-DnCNN,14,26.5632730669202,0.9684589134513839,0.1721092,jitter,0.0
PnP-DnCNN,15,23.420812610960965,0.9058465560790429,0.2294271,jitter,0.0
PnP-DnCNN,16,23.74113719164752,0.9575009391573835,0.20956409,jitter,0.0
PnP-DnCNN,17,26.744669849427922,0.9681341651488434,0.14742652,jitter,0.0
PnP-DnCNN,18,21.958504495936282,0.9516209985845345,0.2048605,jitter,0.0
PnP-DnCNN,19,25.32500193744369,0.9556784667998306,0.21492583,jitter,0.0
PnP-DnCNN,20,21.56240584992684,0.9296087783391872,0.24045333,jitter,0.0
PnP-DnCNN,21,24.701980888695175,0.9549235276693155,0.19084449,jitter,0.0
PnP-DnCNN,22,22.582222429756555,0.9373304533410417,0.2374082,jitter,0.0
PnP-DnCNN,23,22.80062832634961,0.9288729924308367,0.25066656,jitter,0.0
PnP-DnCNN,24,21.400638040209692,0.8326289290081217,0.39269096,jitter,0.0
PnP-DnCNN,25,22.09936296554053,0.9559903599568143,0.15978895,jitter,0.0
PnP-DnCNN,26,22.77929887000722,0.9363331068768974,0.294762,jitter,0.0
PnP-DnCNN,27,25.697906897298218,0.9661582247777418,0.16985726,jitter,0.0
PnP-DnCNN,28,23.939043507248144,0.9594044959372725,0.16342036,jitter,0.0
PnP-DnCNN,29,27.571241965342313,0.9761508582544721,0.17931302,jitter,0.0
PnP-DnCNN,30,24.864215923953005,0.9401335678840718,0.17418107,jitter,0.0
PnP-DnCNN,31,25.34190201851792,0.9601543322205544,0.25470394,jitter,0.0
PnP-DnCNN,32,23.43782270961468,0.9379498288959018,0.2006773,jitter,0.0
PnP-DnCNN,33,23.803698531512843,0.9288894134796848,0.20231685,jitter,0.0
PnP-DnCNN,34,25.65286013798216,0.9614317914979025,0.15385751,jitter,0.0
PnP-DnCNN,35,23.51098269037957,0.9547178165078902,0.19086988,jitter,0.0
PnP-DnCNN,36,22.46560027007838,0.9116088838281864,0.24763466,jitter,0.0
PnP-DnCNN,37,30.390726031845155,0.9821939670349941,0.12345682,jitter,0.0
PnP-DnCNN,38,23.802859689970223,0.9356640633349577,0.23641308,jitter,0.0
PnP-DnCNN,39,25.338576251921797,0.9572473422985924,0.18996444,jitter,0.0
PnP-DnCNN,40,26.388376888771656,0.937260163101283,0.29266587,jitter,0.0
PnP-DnCNN,41,23.183550346000096,0.9208044336785463,0.26638648,jitter,0.0
PnP-DnCNN,42,25.31339760739851,0.9678828286484253,0.1691109,jitter,0.0
PnP-DnCNN,43,25.120781192653826,0.9329613618060084,0.22027466,jitter,0.0
PnP-DnCNN,44,25.817070184545848,0.9529434822438178,0.18101637,jitter,0.0
PnP-DnCNN,45,23.68138866254622,0.9231719039996301,0.23541753,jitter,0.0
PnP-DnCNN,46,26.620675479927144,0.9644585781353564,0.16057041,jitter,0.0
PnP-DnCNN,47,21.6215094716,0.8503990998368495,0.3346746,jitter,0.0
PnP-DnCNN,48,23.293242579535626,0.9417468032930508,0.16293766,jitter,0.0
PnP-DnCNN,49,24.14307962322875,0.9287887609540677,0.19364396,jitter,0.0
PnP-DnCNN,50,22.969173828044646,0.9470674538107451,0.24610254,jitter,0.0
PnP-DnCNN,51,23.020838550623807,0.9549266495241606,0.1735715,jitter,0.0
PnP-DnCNN,52,24.66516416255919,0.94724893175866,0.1888446,jitter,0.0
PnP-DnCNN,53,23.46947521775946,0.9262908551811186,0.2687412,jitter,0.0
PnP-DnCNN,54,21.150238717925987,0.9424951993975758,0.23084728,jitter,0.0
PnP-DnCNN,55,23.470155242403724,0.960053476666616,0.19438474,jitter,0.0
PnP-DnCNN,56,25.332367487077757,0.9574421484115695,0.15562643,jitter,0.0
PnP-DnCNN,57,26.037553384314485,0.9557353753196306,0.2414851,jitter,0.0
PnP-DnCNN,58,23.616778063125242,0.9413293388418176,0.19802143,jitter,0.0
PnP-DnCNN,59,23.68581682505299,0.9319739923620027,0.30595312,jitter,0.0
PnP-DnCNN,60,25.345550450662266,0.9631607820672438,0.15858471,jitter,0.0
PnP-DnCNN,61,23.41989247151436,0.9557570975181485,0.18211283,jitter,0.0
PnP-DnCNN,62,24.08617576545407,0.9346156168944579,0.27734563,jitter,0.0
PnP-DnCNN,63,23.42599657994107,0.947187155115703,0.22292338,jitter,0.0
PnP-DnCNN,64,24.94685235016206,0.9684922406372946,0.1540635,jitter,0.0
PnP-DnCNN,65,24.504750714320345,0.9490646787665107,0.25925618,jitter,0.0
PnP-DnCNN,66,23.119287903630436,0.9508946762720415,0.22675627,jitter,0.0
PnP-DnCNN,67,22.60137931342682,0.9298828305476461,0.2473521,jitter,0.0
PnP-DnCNN,68,22.91688812621782,0.9400237219885361,0.17742509,jitter,0.0
PnP-DnCNN,69,25.281597644792157,0.9705952947789972,0.15592366,jitter,0.0
PnP-DnCNN,70,26.556781969922906,0.958658795696029,0.1507797,jitter,0.0
PnP-DnCNN,71,23.812941631754953,0.9614954902059283,0.15036318,jitter,0.0
PnP-DnCNN,72,22.365479841582456,0.92177870940063,0.22511898,jitter,0.0
PnP-DnCNN,73,23.08651729252555,0.9500580877681409,0.19297643,jitter,0.0
PnP-DnCNN,74,26.761351587811248,0.9681482231321413,0.18067074,jitter,0.0
PnP-DnCNN,75,24.267787809014933,0.9450013995909494,0.19615245,jitter,0.0
PnP-DnCNN,76,21.46952670721128,0.8817449890996891,0.31335598,jitter,0.0
PnP-DnCNN,77,24.484328096340178,0.9398402573525413,0.22300158,jitter,0.0
PnP-DnCNN,78,25.616752019353584,0.9569671341210357,0.17804974,jitter,0.0
PnP-DnCNN,79,23.13472834773275,0.9650227601739986,0.16602476,jitter,0.0
PnP-DnCNN,80,24.69453147360795,0.9529722020153172,0.19389373,jitter,0.0
PnP-DnCNN,81,25.670055492692573,0.9678728789830011,0.15415734,jitter,0.0
PnP-DnCNN,82,23.67334761697892,0.9473522409550414,0.16957098,jitter,0.0
PnP-DnCNN,83,23.534029797192563,0.9195661395172442,0.24349786,jitter,0.0
PnP-DnCNN,84,21.654476589857737,0.930565585559311,0.24275762,jitter,0.0
PnP-DnCNN,85,23.370151445271276,0.927500280207177,0.16809635,jitter,0.0
PnP-DnCNN,86,24.52351404350884,0.947370200733508,0.17560121,jitter,0.0
PnP-DnCNN,87,22.677884113827467,0.9444950158931007,0.21545662,jitter,0.0
PnP-DnCNN,88,24.496316278213087,0.964153489544372,0.17439406,jitter,0.0
PnP-DnCNN,89,25.89784475866297,0.9550876877586211,0.18702222,jitter,0.0
PnP-DnCNN,90,24.90674401679394,0.9497605893483831,0.1744537,jitter,0.0
PnP-DnCNN,91,23.51105343759443,0.9382810283852511,0.22219901,jitter,0.0
PnP-DnCNN,92,22.338349908776358,0.9172099173407663,0.32860324,jitter,0.0
PnP-DnCNN,93,24.038273294764675,0.9578232585090743,0.15533286,jitter,0.0
PnP-DnCNN,94,25.199936672874834,0.9566178248718011,0.16918747,jitter,0.0
PnP-DnCNN,95,21.58910139739618,0.9381232450385232,0.19480269,jitter,0.0
PnP-DnCNN,96,24.009572507412123,0.9329515658703841,0.28457144,jitter,0.0
PnP-DnCNN,97,24.473655148682262,0.9379389830980419,0.16318344,jitter,0.0
PnP-DnCNN,98,24.593391368093815,0.9463134088730516,0.19034562,jitter,0.0
PnP-DnCNN,99,24.085112726452685,0.9626912651352646,0.17014462,jitter,0.0
PnP-DnCNN,100,20.701348036489293,0.9053385425205073,0.35981768,jitter,0.0
PnP-DnCNN,101,23.129872707803525,0.9519045376950059,0.2105306,jitter,0.0
PnP-DnCNN,102,20.912705073405252,0.8961619758027921,0.26609197,jitter,0.0
PnP-DnCNN,103,25.502584421313628,0.9562486817152047,0.16248877,jitter,0.0
PnP-DnCNN,104,23.093723101284546,0.9385312601985517,0.2335339,jitter,0.0
PnP-DnCNN,105,25.022382368536004,0.9644605385924666,0.1948194,jitter,0.0
PnP-DnCNN,106,21.191688041506552,0.9358576031263209,0.25233325,jitter,0.0
PnP-DnCNN,107,25.002089530920628,0.9440643268306393,0.23329708,jitter,0.0
PnP-DnCNN,108,24.371554414941752,0.9605911494471318,0.1936019,jitter,0.0
PnP-DnCNN,109,24.09172530068105,0.931776372638862,0.21623138,jitter,0.0
PnP-DnCNN,110,23.133570137985245,0.9226117336676141,0.20037092,jitter,0.0
PnP-DnCNN,111,27.467114929599283,0.9614409710134356,0.15070331,jitter,0.0
PnP-DnCNN,112,23.65022876278127,0.9303637185126297,0.23955148,jitter,0.0
PnP-DnCNN,113,25.869517670268564,0.9683634648638323,0.16213576,jitter,0.0
PnP-DnCNN,114,24.10611035911075,0.9352141327170793,0.22410384,jitter,0.0
PnP-DnCNN,115,27.21006182298387,0.9599110625130086,0.16375764,jitter,0.0
PnP-DnCNN,116,22.998093286857774,0.9243099379761159,0.28551418,jitter,0.0
PnP-DnCNN,117,23.665855107440954,0.946662828664888,0.19826081,jitter,0.0
PnP-DnCNN,118,24.608548480040803,0.9535260422786406,0.22908682,jitter,0.0
PnP-DnCNN,119,21.693293635586095,0.9174740091197131,0.23121089,jitter,0.0
PnP-DnCNN,120,22.687330250730653,0.9416898411413854,0.18242112,jitter,0.0
PnP-DnCNN,121,24.080117928897554,0.9316322801265219,0.2179097,jitter,0.0
PnP-DnCNN,122,28.837404907422343,0.9646788668965013,0.1536961,jitter,0.0
PnP-DnCNN,123,23.269138081907084,0.9330816344658205,0.2160657,jitter,0.0
PnP-DnCNN,124,24.70417495985622,0.95680352294248,0.17690076,jitter,0.0
PnP-DnCNN,125,24.11757633922207,0.9433912732753872,0.2245091,jitter,0.0
PnP-DnCNN,126,22.586742764248253,0.9517230948140799,0.21418302,jitter,0.0
PnP-DnCNN,127,25.50964775896543,0.9661311499220281,0.15775555,jitter,0.0
PnP-DnCNN,128,20.98515437638823,0.9173033198049246,0.21736176,jitter,0.0
PnP-DnCNN,129,24.903816800858706,0.9551826185923963,0.18619175,jitter,0.0
PnP-DnCNN,130,21.463410647350667,0.9414048479977718,0.21593854,jitter,0.0
PnP-DnCNN,131,23.66339866745151,0.9538988692085605,0.15679707,jitter,0.0
PnP-DnCNN,132,21.761921069431224,0.9539421427348429,0.20173138,jitter,0.0
PnP-DnCNN,133,22.83110352470622,0.9399516142843184,0.19146234,jitter,0.0
PnP-DnCNN,134,23.42070371330333,0.9410604011452148,0.1934952,jitter,0.0
PnP-DnCNN,135,26.8022232765556,0.9674729815999831,0.16207129,jitter,0.0
PnP-DnCNN,136,24.596919532850006,0.9598327399470097,0.18040322,jitter,0.0
PnP-DnCNN,137,22.848835487170916,0.9480084841532156,0.2382184,jitter,0.0
PnP-DnCNN,138,21.4946657395965,0.9311150522856426,0.24413279,jitter,0.0
PnP-DnCNN,139,21.453971462383066,0.9011517332651275,0.256098,jitter,0.0
PnP-DnCNN,140,20.470458176596846,0.8429306877857797,0.38720372,jitter,0.0
PnP-DnCNN,141,22.76987749353486,0.939485554052286,0.2644545,jitter,0.0
PnP-DnCNN,142,22.39327609116025,0.905917735562529,0.25066674,jitter,0.0
PnP-DnCNN,143,26.419561822951586,0.9613965700326625,0.2184264,jitter,0.0
PnP-DnCNN,144,23.79730209219405,0.9407599854383094,0.1990562,jitter,0.0
PnP-DnCNN,145,26.472399146739733,0.9556993327049677,0.21969901,jitter,0.0
PnP-DnCNN,146,22.53037041864691,0.9409805525494509,0.20382264,jitter,0.0
PnP-DnCNN,147,23.355197525805195,0.9573844873215541,0.16469128,jitter,0.0
PnP-DnCNN,148,24.737797739679955,0.9674828178133846,0.18404858,jitter,0.0
PnP-DnCNN,149,22.61870586276363,0.9211075531611265,0.2924427,jitter,0.0
PnP-DnCNN,150,23.746150857106944,0.950521439929639,0.20777729,jitter,0.0
PnP-DnCNN,151,20.308613977388813,0.937383251741898,0.27104008,jitter,0.0
PnP-DnCNN,152,23.25304351720472,0.9294462364998238,0.2412329,jitter,0.0
PnP-DnCNN,153,23.286657544689987,0.9371108528503702,0.24617504,jitter,0.0
PnP-DnCNN,154,27.165531996879814,0.9562493078102751,0.21576117,jitter,0.0
PnP-DnCNN,155,23.123422834137514,0.9578595384647531,0.19297916,jitter,0.0
PnP-DnCNN,156,25.267217913192184,0.9643361688522268,0.18215856,jitter,0.0
PnP-DnCNN,157,23.185922534864346,0.9457615979385278,0.2186264,jitter,0.0
PnP-DnCNN,158,25.475754393484188,0.9514540400633142,0.16932404,jitter,0.0
PnP-DnCNN,159,25.10391690719144,0.9458298574486548,0.22550282,jitter,0.0
PnP-DnCNN,160,24.430339182403902,0.959788739742819,0.18315592,jitter,0.0
PnP-DnCNN,161,22.4466125525623,0.9379371028424295,0.23107733,jitter,0.0
PnP-DnCNN,162,23.533642129206914,0.9599337357381159,0.16960514,jitter,0.0
PnP-DnCNN,163,21.90475740025111,0.9081095393077463,0.21947727,jitter,0.0
PnP-DnCNN,164,21.232391211552,0.918777204957629,0.28301188,jitter,0.0
PnP-DnCNN,165,23.290216806435552,0.9304230452769182,0.18806073,jitter,0.0
PnP-DnCNN,166,21.87871533296078,0.9127484210420492,0.27275497,jitter,0.0
PnP-DnCNN,167,23.89201668812962,0.9468468912869445,0.23694861,jitter,0.0
PnP-DnCNN,168,27.79564656630137,0.9649187412020589,0.16470683,jitter,0.0
PnP-DnCNN,169,24.485263883161245,0.9300899417870794,0.21024324,jitter,0.0
PnP-DnCNN,170,23.90184994715051,0.9244559283776224,0.24547425,jitter,0.0
PnP-DnCNN,171,24.260695462142813,0.9591761962933973,0.15843472,jitter,0.0
PnP-DnCNN,172,23.098459123180245,0.9580564372364647,0.19060671,jitter,0.0
PnP-DnCNN,173,20.580928415552048,0.8457608031982571,0.3418569,jitter,0.0
PnP-DnCNN,174,24.494121512859508,0.9475436202627568,0.1896887,jitter,0.0
PnP-DnCNN,175,24.072108757089833,0.9130597734315828,0.3739328,jitter,0.0
PnP-DnCNN,176,27.486125737219467,0.9534219538192611,0.25101516,jitter,0.0
PnP-DnCNN,177,25.12244482850239,0.9640747390625891,0.16621792,jitter,0.0
PnP-DnCNN,178,27.97419245102477,0.9628635156006853,0.16568328,jitter,0.0
PnP-DnCNN,179,24.00095631590229,0.9614415867331106,0.16709283,jitter,0.0
PnP-DnCNN,180,25.804974612977155,0.9625166107184631,0.22718143,jitter,0.0
PnP-DnCNN,181,23.22136856207556,0.9548181976414909,0.18892197,jitter,0.0
PnP-DnCNN,182,25.04276643612468,0.9548593215078639,0.20315306,jitter,0.0
PnP-DnCNN,183,22.75719941982988,0.9618247888428121,0.1776143,jitter,0.0
PnP-DnCNN,184,22.89210867334898,0.9225014474797101,0.22787923,jitter,0.0
PnP-DnCNN,185,23.984742383535668,0.9650934652602376,0.20600617,jitter,0.0
PnP-DnCNN,186,23.693729999072666,0.9403512088720464,0.15621072,jitter,0.0
PnP-DnCNN,187,22.65252891482134,0.9301861513883245,0.21515426,jitter,0.0
PnP-DnCNN,188,23.964451450385077,0.960049697375002,0.15526696,jitter,0.0
PnP-DnCNN,189,26.533444662625598,0.9561773961610045,0.2477823,jitter,0.0
PnP-DnCNN,190,25.179268255136687,0.9600594325129651,0.1793325,jitter,0.0
PnP-DnCNN,191,27.825590261557643,0.961489167218366,0.17411791,jitter,0.0
PnP-DnCNN,192,23.902062979472383,0.9727184582840313,0.18014713,jitter,0.0
PnP-DnCNN,193,20.84131239569747,0.9243714495692864,0.3139454,jitter,0.0
PnP-DnCNN,194,23.24097036080807,0.962531802206,0.19265035,jitter,0.0
PnP-DnCNN,195,21.1320804750866,0.8761844721888308,0.42099383,jitter,0.0
PnP-DnCNN,196,26.048860745620736,0.9528284470035024,0.1700871,jitter,0.0
PnP-DnCNN,197,23.953804674229993,0.9472223028294311,0.1681512,jitter,0.0
PnP-DnCNN,198,23.100965409054893,0.9409987404326762,0.24901369,jitter,0.0
PnP-DnCNN,199,24.833191707076693,0.9405258766198454,0.13817315,jitter,0.0
FBP,0,15.643757426835503,0.4984452766323008,0.6010685,jitter,0.5
FBP,1,15.276034128803326,0.6050393114165064,0.48931396,jitter,0.5
FBP,2,15.990130356143705,0.32182027871034025,0.80179757,jitter,0.5
FBP,3,15.84788527248869,0.7019116290914008,0.39635965,jitter,0.5
FBP,4,16.080917366361433,0.5792282182351187,0.5618409,jitter,0.5
FBP,5,15.999371008219914,0.3513928650264303,0.6510176,jitter,0.5
FBP,6,15.369238169458326,0.5567298782336351,0.58100075,jitter,0.5
FBP,7,15.664972319266328,0.47501065958697064,0.55261666,jitter,0.5
FBP,8,15.61078178464495,0.664034427313055,0.45381358,jitter,0.5
FBP,9,15.745180180683276,0.5964902290585643,0.44360736,jitter,0.5
FBP,10,15.631912407109787,0.7095430705668443,0.46833697,jitter,0.5
FBP,11,15.186541891965685,0.6553460581555616,0.5215383,jitter,0.5
FBP,12,15.152586473779943,0.5065527224105909,0.56717324,jitter,0.5
FBP,13,15.453333856874771,0.676305956400179,0.4778599,jitter,0.5
FBP,14,15.946947997110225,0.3775631140798839,0.5842791,jitter,0.5
FBP,15,15.428987706754052,0.6162750500401416,0.5757527,jitter,0.5
FBP,16,15.098348634865511,0.5712374259274831,0.5668345,jitter,0.5
FBP,17,16.22568818500345,0.5431615938134862,0.49490827,jitter,0.5
FBP,18,16.050131099859748,0.7261229710507183,0.4044612,jitter,0.5
FBP,19,16.08767749666903,0.4832238878480886,0.6225222,jitter,0.5
FBP,20,15.780452703528614,0.5409222465517859,0.46787348,jitter,0.5
FBP,21,15.63166045127364,0.5339718627180469,0.54224515,jitter,0.5
FBP,22,15.15558944626569,0.5927226197199169,0.5582483,jitter,0.5
FBP,23,15.880581532015075,0.5587059819425287,0.5560307,jitter,0.5
FBP,24,15.426474133486675,0.4240776435784231,0.7811944,jitter,0.5
FBP,25,15.48100950549889,0.8009775405249863,0.34234533,jitter,0.5
FBP,26,15.196615991402105,0.40791752723089303,0.70567644,jitter,0.5
FBP,27,15.663102288616981,0.5651263008945865,0.53929245,jitter,0.5
FBP,28,15.263839355481721,0.6861143721863969,0.4436764,jitter,0.5
FBP,29,16.026660283778142,0.34341104346287077,0.6773933,jitter,0.5
FBP,30,15.66289613929265,0.5535742576563084,0.50242,jitter,0.5
FBP,31,16.403338248716842,0.32583771607424145,0.71279365,jitter,0.5
FBP,32,14.818292993211507,0.5633058926915127,0.5413458,jitter,0.5
FBP,33,15.683019931267264,0.6233788542073049,0.5153069,jitter,0.5
FBP,34,16.00803001439032,0.5906130211540676,0.46704662,jitter,0.5
FBP,35,15.242258402354956,0.7221261704132701,0.49450833,jitter,0.5
FBP,36,15.50480660463558,0.5498382605638495,0.5518882,jitter,0.5
FBP,37,16.04383557785806,0.34237084844946275,0.6439611,jitter,0.5
FBP,38,15.122248558363744,0.5051022889230267,0.6422469,jitter,0.5
FBP,39,16.684263444381294,0.399447586049575,0.514503,jitter,0.5
FBP,40,16.13497573356153,0.26258116044777097,0.9528886,jitter,0.5
FBP,41,15.443562172251585,0.4609346919788542,0.6493989,jitter,0.5
FBP,42,15.74620127350816,0.5657551743230019,0.5087816,jitter,0.5
FBP,43,15.983195825439305,0.47226174329965537,0.6307304,jitter,0.5
FBP,44,15.881695044499814,0.46598834711424514,0.56818086,jitter,0.5
FBP,45,15.377364126725674,0.5636653530985141,0.61240685,jitter,0.5
FBP,46,16.210486012668984,0.43032730203304703,0.5323227,jitter,0.5
FBP,47,15.160020830552591,0.4585401217882764,0.70420194,jitter,0.5
FBP,48,15.460482913345286,0.6413704820888522,0.40147585,jitter,0.5
FBP,49,16.036141079503764,0.6157555055955121,0.4924372,jitter,0.5
FBP,50,15.620659094204331,0.5074182425681004,0.5735111,jitter,0.5
FBP,51,15.029357758131672,0.7200830021771734,0.43556443,jitter,0.5
FBP,52,16.03028298428819,0.6242160612178128,0.5103271,jitter,0.5
FBP,53,15.526558905261062,0.5689879711048099,0.6706255,jitter,0.5
FBP,54,14.820009778038354,0.6930885284118405,0.47844958,jitter,0.5
FBP,55,15.214852355479806,0.6216537286976038,0.50283706,jitter,0.5
FBP,56,16.01153168048458,0.6518210463618141,0.45511922,jitter,0.5
FBP,57,15.3158791050995,0.2941735992792304,0.8298012,jitter,0.5
FBP,58,15.575076949460707,0.5791321315211898,0.49980113,jitter,0.5
FBP,59,15.85476751823975,0.3969877831071898,0.7537153,jitter,0.5
FBP,60,16.003870078279373,0.522833133831573,0.46488476,jitter,0.5
FBP,61,15.353810533980468,0.6530809896064981,0.4609403,jitter,0.5
FBP,62,15.879019796918413,0.4460245322423226,0.71347564,jitter,0.5
FBP,63,15.174448366636366,0.5413042484627616,0.5764121,jitter,0.5
FBP,64,15.783643599705165,0.6719143745697596,0.4424459,jitter,0.5
FBP,65,16.076336872360116,0.3955133636077673,0.68414766,jitter,0.5
FBP,66,14.856176794291676,0.6160665299516236,0.5871038,jitter,0.5
FBP,67,15.180034618455252,0.5655435386784233,0.5812766,jitter,0.5
FBP,68,16.164541111851637,0.6450645262544444,0.38604006,jitter,0.5
FBP,69,15.153377917795245,0.7027891479924582,0.5004066,jitter,0.5
FBP,70,15.20249915143422,0.5216100647615778,0.55725884,jitter,0.5
FBP,71,15.153675185443454,0.7717426777047621,0.40747863,jitter,0.5
FBP,72,15.228153889354935,0.6442767243976305,0.51201,jitter,0.5
FBP,73,15.23315235111562,0.5299189082290754,0.4766203,jitter,0.5
FBP,74,17.344479676724493,0.37127282224507274,0.53423387,jitter,0.5
FBP,75,15.65642027118616,0.527858416716547,0.52864254,jitter,0.5
FBP,76,15.888710868321605,0.5035605653050699,0.59577024,jitter,0.5
FBP,77,15.585422839937845,0.5762796247980995,0.6212311,jitter,0.5
FBP,78,16.35917946242499,0.4589758444927754,0.516916,jitter,0.5
FBP,79,15.965549377451165,0.666093547565178,0.37899354,jitter,0.5
FBP,80,15.794318794974423,0.47881919128001543,0.5402246,jitter,0.5
FBP,81,15.771604802448792,0.5839536187807478,0.4818221,jitter,0.5
FBP,82,15.583033019222599,0.6805896517982231,0.430395,jitter,0.5
FBP,83,15.343806723244755,0.4597746826281561,0.62518173,jitter,0.5
FBP,84,14.938943295899318,0.6258565874627531,0.52595615,jitter,0.5
FBP,85,16.26629073200066,0.6819976845566518,0.38084766,jitter,0.5
FBP,86,16.593505330195946,0.5393267086466408,0.43755028,jitter,0.5
FBP,87,15.60665362219829,0.6075034616069463,0.48631918,jitter,0.5
FBP,88,15.780705304296625,0.611040371556202,0.47567707,jitter,0.5
FBP,89,15.842469771499454,0.3882345447374733,0.5951987,jitter,0.5
FBP,90,15.698257407087649,0.6171657784417063,0.5036218,jitter,0.5
FBP,91,14.907193059916697,0.49210840659689287,0.5983222,jitter,0.5
FBP,92,15.160792829646288,0.4139297605640219,0.750844,jitter,0.5
FBP,93,15.723679279052277,0.6076696255369509,0.40456942,jitter,0.5
FBP,94,15.91311010471575,0.431482702881849,0.49284407,jitter,0.5
FBP,95,14.873016422480065,0.659114718714944,0.4220843,jitter,0.5
FBP,96,16.144319465377457,0.3384422573407324,0.7038076,jitter,0.5
FBP,97,16.242482785183046,0.596863358488226,0.42095405,jitter,0.5
FBP,98,15.552364132449705,0.573782451493819,0.5390068,jitter,0.5
FBP,99,15.767688097117084,0.6127322926976158,0.44329152,jitter,0.5
FBP,100,15.10153579152956,0.5285141126058245,0.6856036,jitter,0.5
FBP,101,15.19095024661047,0.6684535013389168,0.5251234,jitter,0.5
FBP,102,15.192898140292188,0.6425528326874559,0.51406986,jitter,0.5
FBP,103,15.436376477831688,0.6028130031851662,0.5177663,jitter,0.5
FBP,104,15.557940247577307,0.5818424353201107,0.5560823,jitter,0.5
FBP,105,16.14281806811126,0.5499969122287108,0.54151493,jitter,0.5
FBP,106,14.84776913858284,0.7143039497831757,0.523806,jitter,0.5
FBP,107,16.065823740610234,0.3780615933764772,0.6527135,jitter,0.5
FBP,108,15.518988660374088,0.49282545822965146,0.53646076,jitter,0.5
FBP,109,15.637602986715514,0.5338752902465755,0.5723014,jitter,0.5
FBP,110,15.598730554965933,0.59533813411206,0.477064,jitter,0.5
FBP,111,16.77269316300117,0.436273435782124,0.51623076,jitter,0.5
FBP,112,15.799771320262984,0.4659594123090342,0.591455,jitter,0.5
FBP,113,16.042153216778544,0.5177146680558087,0.5026284,jitter,0.5
FBP,114,15.704822209400813,0.468384677633953,0.58954054,jitter,0.5
FBP,115,15.891536743421694,0.4644792984124424,0.6027369,jitter,0.5
FBP,116,15.403666416418432,0.4139031736717284,0.6844615,jitter,0.5
FBP,117,16.36475029651179,0.6028925286530068,0.45950702,jitter,0.5
FBP,118,15.703704212706963,0.47787271373336876,0.6386197,jitter,0.5
FBP,119,15.2012281344983,0.6423809347821694,0.4882155,jitter,0.5
FBP,120,15.212294783385726,0.7154354273936541,0.43134707,jitter,0.5
FBP,121,16.14669590323325,0.5613046509723867,0.5431848,jitter,0.5
FBP,122,16.849223785738914,0.406034172730148,0.61104316,jitter,0.5
FBP,123,15.82643056651847,0.5956679614500598,0.50900406,jitter,0.5
FBP,124,15.98510417584681,0.5320119022807609,0.4827066,jitter,0.5
FBP,125,15.531363528149365,0.48256483318224985,0.6033157,jitter,0.5
FBP,126,15.410256736725378,0.7235739102591554,0.48933846,jitter,0.5
FBP,127,15.925398090086055,0.594324523582333,0.475551,jitter,0.5
FBP,128,14.695029733398217,0.6418881928013945,0.44842452,jitter,0.5
FBP,129,15.716890680123804,0.5793417805623242,0.5361752,jitter,0.5
FBP,130,15.45409201029864,0.6274691841761163,0.43131655,jitter,0.5
FBP,131,15.2289536982071,0.6742464533527401,0.41405705,jitter,0.5
FBP,132,15.510392422830039,0.7044935283869984,0.4143333,jitter,0.5
FBP,133,15.578818381933182,0.6507331838009062,0.44126308,jitter,0.5
FBP,134,15.291443389865645,0.5845591736155301,0.49332505,jitter,0.5
FBP,135,16.32793604969473,0.3864870100854107,0.54127806,jitter,0.5
FBP,136,15.51972923253352,0.6299334975577768,0.51298404,jitter,0.5
FBP,137,15.765479237605064,0.4112712029411401,0.53844714,jitter,0.5
FBP,138,15.160637485899661,0.5886982589693593,0.5062063,jitter,0.5
FBP,139,15.225766346195355,0.5625724160997703,0.52458566,jitter,0.5
FBP,140,15.308834691738891,0.4256183345749994,0.7014888,jitter,0.5
FBP,141,15.43600435410233,0.443989576294754,0.6152401,jitter,0.5
FBP,142,15.512186555574722,0.6068103377058961,0.55354273,jitter,0.5
FBP,143,16.49517915509194,0.33019068868855334,0.6847377,jitter,0.5
FBP,144,15.094850939305935,0.5326275827624948,0.54212356,jitter,0.5
FBP,145,15.720339699242663,0.30824028270045867,0.7575845,jitter,0.5
FBP,146,15.255310520707894,0.5998794245338217,0.47098324,jitter,0.5
FBP,147,15.782864909412314,0.7456196436560727,0.39381048,jitter,0.5
FBP,148,15.78375748086069,0.6272670887690555,0.5159819,jitter,0.5
FBP,149,15.172183189867097,0.48183706283281547,0.68923444,jitter,0.5
FBP,150,15.045005029682715,0.544378950434932,0.5657902,jitter,0.5
FBP,151,15.194472828964516,0.6801731477128722,0.48836058,jitter,0.5
FBP,152,16.281173339134078,0.5482972114544635,0.538307,jitter,0.5
FBP,153,15.735968134243496,0.5771866401821382,0.58718973,jitter,0.5
FBP,154,15.850202066945588,0.297559149861266,0.7938524,jitter,0.5
FBP,155,15.269235272141755,0.6378856064891671,0.47667217,jitter,0.5
FBP,156,16.23094683258645,0.5272796918288805,0.5155409,jitter,0.5
FBP,157,15.507998871538703,0.6025690510359709,0.5291743,jitter,0.5
FBP,158,15.621712058658899,0.5775823570050509,0.52652705,jitter,0.5
FBP,159,16.163219810709307,0.4406411182129932,0.6312288,jitter,0.5
FBP,160,15.313448668395612,0.5354650438984366,0.52319723,jitter,0.5
FBP,161,15.107072598345827,0.6205506088923012,0.5379406,jitter,0.5
FBP,162,15.653439775983804,0.6998901976322854,0.4201933,jitter,0.5
FBP,163,15.52848975873805,0.6247272355056128,0.4573018,jitter,0.5
FBP,164,15.014696874325885,0.5142787823415422,0.5790145,jitter,0.5
FBP,165,15.383343709911752,0.6991970000333612,0.46734953,jitter,0.5
FBP,166,14.876552358061165,0.535775043021399,0.61077434,jitter,0.5
FBP,167,15.936721214788914,0.4971571120007535,0.5921325,jitter,0.5
FBP,168,16.261362752318497,0.36840025094971673,0.6214781,jitter,0.5
FBP,169,16.596691871068955,0.5240767546055102,0.5213755,jitter,0.5
FBP,170,15.828230207858155,0.46531651629738013,0.6218518,jitter,0.5
FBP,171,15.821894664097291,0.5927469083522316,0.41859147,jitter,0.5
FBP,172,14.790127611718379,0.687973619675868,0.4960835,jitter,0.5
FBP,173,15.53656067734568,0.6043871827487313,0.6110303,jitter,0.5
FBP,174,15.508747946700392,0.5537240330944889,0.5337159,jitter,0.5
FBP,175,16.463041063302988,0.3087128248670757,0.89793926,jitter,0.5
FBP,176,16.341186229392815,0.2842205299004926,0.9056219,jitter,0.5
FBP,177,15.527075303006088,0.5647846448807309,0.5017026,jitter,0.5
FBP,178,16.367078959450193,0.3505390188646525,0.63042635,jitter,0.5
FBP,179,16.125169663820053,0.6226152451535732,0.4137587,jitter,0.5
FBP,180,16.741161178237654,0.33642935756536696,0.64500564,jitter,0.5
FBP,181,15.692624575549264,0.6080565443542673,0.44948962,jitter,0.5
FBP,182,16.266918751888248,0.47897420054120504,0.5579763,jitter,0.5
FBP,183,15.02780446777924,0.750025898334931,0.43246168,jitter,0.5
FBP,184,15.64126703126396,0.5656156164346191,0.52510583,jitter,0.5
FBP,185,15.309069894128317,0.5376783933631284,0.5593245,jitter,0.5
FBP,186,15.158279895017657,0.6672674751868674,0.4173336,jitter,0.5
FBP,187,15.543377149720264,0.6668888799390854,0.4877615,jitter,0.5
FBP,188,14.914398816559522,0.7129931557672023,0.44013068,jitter,0.5
FBP,189,15.571446875480895,0.28564166765818677,0.87532675,jitter,0.5
FBP,190,16.335129024340134,0.43435071259663655,0.49643904,jitter,0.5
FBP,191,16.081404881598424,0.3623720153897793,0.6730584,jitter,0.5
FBP,192,15.042372053574395,0.6632434040745037,0.4995879,jitter,0.5
FBP,193,15.899274530198245,0.5253156917750564,0.55456954,jitter,0.5
FBP,194,15.186227427901422,0.6843020258217493,0.48697528,jitter,0.5
FBP,195,15.965476501485078,0.3871086013932955,0.76314294,jitter,0.5
FBP,196,15.718124899621056,0.3822116535114873,0.558738,jitter,0.5
FBP,197,15.577687534249563,0.5481232178385089,0.44106826,jitter,0.5
FBP,198,15.610064988150738,0.4745934567510315,0.58988625,jitter,0.5
FBP,199,15.790828895977725,0.6563336490618579,0.39132878,jitter,0.5
Tikhonov,0,17.180983090052983,0.49417368204463735,0.5035733,jitter,0.5
Tikhonov,1,16.317562898530916,0.5990242174940091,0.4340214,jitter,0.5
Tikhonov,2,18.996726543816212,0.33956646769016996,0.56719834,jitter,0.5
Tikhonov,3,16.398496708009333,0.6915595533512917,0.37201366,jitter,0.5
Tikhonov,4,17.522179174242886,0.5894796198225785,0.47593784,jitter,0.5
Tikhonov,5,18.33802663594252,0.35928378940496425,0.49734747,jitter,0.5
Tikhonov,6,16.639990868971832,0.5594714033837845,0.5019253,jitter,0.5
Tikhonov,7,17.353366012556076,0.4869973259830794,0.45499253,jitter,0.5
Tikhonov,8,17.052050878445616,0.6702147592005824,0.38442713,jitter,0.5
Tikhonov,9,16.649759343725858,0.595292168357679,0.39973283,jitter,0.5
Tikhonov,10,16.113585967105628,0.6897254058004507,0.4430725,jitter,0.5
Tikhonov,11,15.975852312726946,0.6272222874508132,0.47623438,jitter,0.5
Tikhonov,12,16.703168634750988,0.5100501054091656,0.4744458,jitter,0.5
Tikhonov,13,16.136806268525262,0.667704728588102,0.44169956,jitter,0.5
Tikhonov,14,18.369583577736673,0.387476310256122,0.44206753,jitter,0.5
Tikhonov,15,16.50121644364565,0.6180013976837239,0.50889075,jitter,0.5
Tikhonov,16,16.76496222457889,0.5831121934466218,0.4678704,jitter,0.5
Tikhonov,17,17.15518963051729,0.5404676747807082,0.44468203,jitter,0.5
Tikhonov,18,16.39528883670199,0.7040593349855886,0.38870397,jitter,0.5
Tikhonov,19,17.798096506661455,0.48918624820999707,0.5112507,jitter,0.5
Tikhonov,20,17.347657757947083,0.558920551374293,0.39063233,jitter,0.5
Tikhonov,21,17.248760767167546,0.5377264428972305,0.4501328,jitter,0.5
Tikhonov,22,16.56018825474532,0.5986863534302501,0.47489485,jitter,0.5
Tikhonov,23,16.89694377859042,0.5489279789944402,0.4946302,jitter,0.5
Tikhonov,24,17.579204585652214,0.43914056306585575,0.60970896,jitter,0.5
Tikhonov,25,16.05453218555979,0.7947889730417985,0.32047066,jitter,0.5
Tikhonov,26,16.853260692192286,0.402793003742637,0.58314073,jitter,0.5
Tikhonov,27,17.11172796337127,0.5679755397997258,0.45644984,jitter,0.5
Tikhonov,28,16.260170828520387,0.6839014463807833,0.3955941,jitter,0.5
Tikhonov,29,18.740928954854013,0.3550820417886442,0.49559563,jitter,0.5
Tikhonov,30,17.232528121215452,0.5737118122655194,0.4193584,jitter,0.5
Tikhonov,31,18.963665916161844,0.3371704841539656,0.5308202,jitter,0.5
Tikhonov,32,16.322853267378296,0.5758480558240178,0.45524663,jitter,0.5
Tikhonov,33,16.83404032217002,0.6270530348822132,0.45135155,jitter,0.5
Tikhonov,34,16.83003737471899,0.5864668823956619,0.42487368,jitter,0.5
Tikhonov,35,16.19749426394722,0.7215017049466568,0.44300827,jitter,0.5
Tikhonov,36,16.758652339347357,0.5526856916195575,0.477704,jitter,0.5
Tikhonov,37,18.42402325699694,0.34618570051162717,0.48960993,jitter,0.5
Tikhonov,38,16.31525980199451,0.49804482746038065,0.55982393,jitter,0.5
Tikhonov,39,18.406981162137846,0.405574143108958,0.4219413,jitter,0.5
Tikhonov,40,19.068743063403314,0.26455882130756453,0.6797571,jitter,0.5
Tikhonov,41,17.174852000780238,0.4719621147544312,0.5320434,jitter,0.5
Tikhonov,42,17.27239757352462,0.571104755932523,0.4267972,jitter,0.5
Tikhonov,43,17.591249144706488,0.47111303776465085,0.52413255,jitter,0.5
Tikhonov,44,17.72408522340528,0.47557094426895874,0.45958635,jitter,0.5
Tikhonov,45,16.763896186901924,0.5492307027871143,0.5220516,jitter,0.5
Tikhonov,46,18.279880301202656,0.4396685324743975,0.41947424,jitter,0.5
Tikhonov,47,16.553993232351573,0.4579045808073595,0.5997891,jitter,0.5
Tikhonov,48,16.63055575713279,0.6563639623189464,0.3508777,jitter,0.5
Tikhonov,49,17.184530850416518,0.6198463242133976,0.43145093,jitter,0.5
Tikhonov,50,17.359680159484515,0.5222021066653446,0.46945155,jitter,0.5
Tikhonov,51,15.807688395856026,0.7069105816565354,0.39823177,jitter,0.5
Tikhonov,52,16.877350060791937,0.6111529716588787,0.46290863,jitter,0.5
Tikhonov,53,16.80716320680986,0.5656989975909371,0.5786951,jitter,0.5
Tikhonov,54,15.678624834380791,0.6814407530002111,0.4334165,jitter,0.5
Tikhonov,55,16.21853030038647,0.6038462103821707,0.44796428,jitter,0.5
Tikhonov,56,17.594534963411167,0.669484497391434,0.37929317,jitter,0.5
Tikhonov,57,17.973161600967067,0.3010252771433924,0.61109674,jitter,0.5
Tikhonov,58,17.159967164339914,0.5897305906833965,0.4164403,jitter,0.5
Tikhonov,59,18.01027952740999,0.40723103870568444,0.5880737,jitter,0.5
Tikhonov,60,17.1524159990719,0.5269190250200312,0.4073034,jitter,0.5
Tikhonov,61,16.394552384655515,0.6488130587631306,0.408891,jitter,0.5
Tikhonov,62,17.975853552390205,0.44644593189938053,0.56045073,jitter,0.5
Tikhonov,63,16.980848824604895,0.5508070287515009,0.46818018,jitter,0.5
Tikhonov,64,16.534172443250146,0.6604346745894752,0.40582025,jitter,0.5
Tikhonov,65,18.23824382076974,0.39994440815451915,0.53340185,jitter,0.5
Tikhonov,66,16.18966903409571,0.6122727567644612,0.50354725,jitter,0.5
Tikhonov,67,17.026787892474072,0.5758246521711781,0.469943,jitter,0.5
Tikhonov,68,17.020895651687407,0.6439155247572363,0.34979588,jitter,0.5
Tikhonov,69,16.126987521952632,0.7024466808203922,0.44734496,jitter,0.5
Tikhonov,70,16.93718776699099,0.5340206224352511,0.45637575,jitter,0.5
Tikhonov,71,16.174263502623397,0.7794749526920813,0.36230588,jitter,0.5
Tikhonov,72,16.192669147990372,0.646567618157349,0.45819744,jitter,0.5
Tikhonov,73,16.789299613445376,0.543336640090695,0.39844206,jitter,0.5
Tikhonov,74,19.264938141354477,0.38305519917818204,0.42826095,jitter,0.5
Tikhonov,75,16.889323465145456,0.5295753923946153,0.45868754,jitter,0.5
Tikhonov,76,16.909172851580088,0.4993570317636429,0.52973133,jitter,0.5
Tikhonov,77,17.243287395349473,0.581106574872551,0.51328665,jitter,0.5
Tikhonov,78,17.76692568552978,0.4567290459536324,0.43957466,jitter,0.5
Tikhonov,79,16.8924107559847,0.6700330557749503,0.34063458,jitter,0.5
Tikhonov,80,17.424605665009835,0.48742964460364396,0.44777521,jitter,0.5
Tikhonov,81,16.741008687753723,0.5760454898305652,0.4309397,jitter,0.5
Tikhonov,82,16.2372286591935,0.6764723368764524,0.39916965,jitter,0.5
Tikhonov,83,17.485684763630793,0.4791824729706176,0.4885538,jitter,0.5
Tikhonov,84,15.889812821257133,0.6153425404461378,0.47141787,jitter,0.5
Tikhonov,85,16.99158092404963,0.6834383636298359,0.35033762,jitter,0.5
Tikhonov,86,17.831163296472916,0.5458468855606403,0.3794417,jitter,0.5
Tikhonov,87,16.737076489815667,0.6108812286575279,0.42697287,jitter,0.5
Tikhonov,88,16.74039178345614,0.6109006692749671,0.42591983,jitter,0.5
Tikhonov,89,17.933488190872254,0.39640531231613624,0.4678547,jitter,0.5
Tikhonov,90,16.786668687009325,0.6177703716517002,0.4443078,jitter,0.5
Tikhonov,91,16.62240945241163,0.49960319390534885,0.49110493,jitter,0.5
Tikhonov,92,16.981855730210935,0.413869039431909,0.60883075,jitter,0.5
Tikhonov,93,17.178368846772326,0.6222060863142699,0.3421831,jitter,0.5
Tikhonov,94,17.710952659188905,0.4399227486574091,0.40069818,jitter,0.5
Tikhonov,95,16.450968533534706,0.6780478478368941,0.3519667,jitter,0.5
Tikhonov,96,18.772506704409377,0.3562876539413571,0.52004945,jitter,0.5
Tikhonov,97,17.28597512575678,0.5905669042390813,0.3733018,jitter,0.5
Tikhonov,98,16.64674950074298,0.5693759869761026,0.4751984,jitter,0.5
Tikhonov,99,16.606156750904812,0.614423902532132,0.4025001,jitter,0.5
Tikhonov,100,16.424532287556236,0.5062298095488752,0.5887397,jitter,0.5
Tikhonov,101,16.384358141271186,0.6638560422809462,0.45771056,jitter,0.5
Tikhonov,102,16.14354692175947,0.6407460791327267,0.46077588,jitter,0.5
Tikhonov,103,17.426756672206952,0.6216170379900651,0.41173217,jitter,0.5
Tikhonov,104,16.92319646072747,0.5858863694117066,0.4751998,jitter,0.5
Tikhonov,105,17.154129761975987,0.5441819103088322,0.48199758,jitter,0.5
Tikhonov,106,15.951573352214872,0.7092394905072475,0.46129656,jitter,0.5
Tikhonov,107,18.848916278595127,0.404852939466561,0.47377044,jitter,0.5
Tikhonov,108,17.512490259236525,0.5097981482450292,0.42644483,jitter,0.5
Tikhonov,109,16.447072392771126,0.5180507725420261,0.5213764,jitter,0.5
Tikhonov,110,16.66607256950509,0.5887822424665802,0.42190003,jitter,0.5
Tikhonov,111,18.316530286844667,0.43853995496381176,0.4321674,jitter,0.5
Tikhonov,112,17.343512361178398,0.4710264075388709,0.4951476,jitter,0.5
Tikhonov,113,17.449475613957677,0.5207913608279672,0.42744565,jitter,0.5
Tikhonov,114,17.51209986710816,0.4767477334244177,0.47879526,jitter,0.5
Tikhonov,115,17.53210467521108,0.4604109957230216,0.4989987,jitter,0.5
Tikhonov,116,17.624854556055322,0.42622886845540864,0.5300168,jitter,0.5
Tikhonov,117,17.20857763310282,0.5972569879593735,0.4169661,jitter,0.5
Tikhonov,118,17.568274102834007,0.4850207825967261,0.515245,jitter,0.5
Tikhonov,119,16.361811795597006,0.6454481480297756,0.42715192,jitter,0.5
Tikhonov,120,16.37131476167547,0.7269286825129193,0.3774643,jitter,0.5
Tikhonov,121,17.605231605592685,0.55696757211906,0.45922008,jitter,0.5
Tikhonov,122,18.829932351552987,0.4200175561940236,0.48644805,jitter,0.5
Tikhonov,123,16.643094866694327,0.5821376730479139,0.46332744,jitter,0.5
Tikhonov,124,16.956221641293546,0.525380593853231,0.43164566,jitter,0.5
Tikhonov,125,17.180619751133946,0.4851261443489285,0.49897844,jitter,0.5
Tikhonov,126,16.23901823390095,0.7038289130211246,0.4448067,jitter,0.5
Tikhonov,127,16.809314573441608,0.5945677145207224,0.42953768,jitter,0.5
Tikhonov,128,15.926736773981172,0.6433972392817151,0.38913834,jitter,0.5
Tikhonov,129,16.82758410729505,0.5777611266169793,0.47181532,jitter,0.5
Tikhonov,130,16.795323091728285,0.6405972315860559,0.36960223,jitter,0.5
Tikhonov,131,16.390694072198563,0.6753546633509426,0.3622206,jitter,0.5
Tikhonov,132,16.191459623846256,0.7028551207978494,0.38308623,jitter,0.5
Tikhonov,133,16.886486897027094,0.663254636914223,0.37958953,jitter,0.5
Tikhonov,134,16.154084639347218,0.5694705932456442,0.44668472,jitter,0.5
Tikhonov,135,18.410523867182448,0.3912222790094054,0.42588374,jitter,0.5
Tikhonov,136,16.623416053463295,0.620309905287827,0.45177224,jitter,0.5
Tikhonov,137,17.48199134785096,0.42134682424145187,0.4418934,jitter,0.5
Tikhonov,138,16.12659808521075,0.577891078810323,0.45292833,jitter,0.5
Tikhonov,139,16.45085831612841,0.5677233167726995,0.4555771,jitter,0.5
Tikhonov,140,17.008748753055848,0.42857194509047414,0.5767997,jitter,0.5
Tikhonov,141,17.053756163761964,0.44649758475615203,0.5106896,jitter,0.5
Tikhonov,142,16.415442247953102,0.6048104470390788,0.49887118,jitter,0.5
Tikhonov,143,18.99476835731764,0.34245156925960546,0.5135051,jitter,0.5
Tikhonov,144,16.561468359213798,0.546464740179988,0.45789656,jitter,0.5
Tikhonov,145,18.50273382839274,0.3234362373256494,0.54993504,jitter,0.5
Tikhonov,146,16.364140082840528,0.5969841982724341,0.41453764,jitter,0.5
Tikhonov,147,16.214776925926046,0.7264293267407016,0.3747069,jitter,0.5
Tikhonov,148,16.852925690724213,0.6179499169008245,0.45622182,jitter,0.5
Tikhonov,149,17.009713513650492,0.5002648079828436,0.5578153,jitter,0.5
Tikhonov,150,16.956375678175117,0.5644245898776326,0.4540324,jitter,0.5
Tikhonov,151,15.783597633463753,0.6593915450214485,0.4563356,jitter,0.5
Tikhonov,152,17.085381661959257,0.5264156678133963,0.49070403,jitter,0.5
Tikhonov,153,16.954523308409414,0.5646766657683198,0.51032954,jitter,0.5
Tikhonov,154,18.686024762211005,0.307542968075963,0.5727283,jitter,0.5
Tikhonov,155,16.75574221231185,0.6553418142499772,0.40169317,jitter,0.5
Tikhonov,156,17.366288053873546,0.5224370845326045,0.45237237,jitter,0.5
Tikhonov,157,16.56468111219897,0.5915746748387768,0.4685594,jitter,0.5
Tikhonov,158,17.363061300415943,0.593282917974813,0.43087697,jitter,0.5
Tikhonov,159,17.8499450396684,0.44120655032471284,0.5198171,jitter,0.5
Tikhonov,160,16.85623097465301,0.5452725265400238,0.43805268,jitter,0.5
Tikhonov,161,16.255536205316442,0.6141535542065408,0.4713149,jitter,0.5
Tikhonov,162,16.31072423402275,0.6913026624959547,0.38956946,jitter,0.5
Tikhonov,163,16.867886517159107,0.6392820498197482,0.3919522,jitter,0.5
Tikhonov,164,16.550238991442765,0.5200531964030594,0.4851905,jitter,0.5
Tikhonov,165,16.517838438933424,0.6954170659546209,0.41012576,jitter,0.5
Tikhonov,166,16.326776033574145,0.5423563229514686,0.5168561,jitter,0.5
Tikhonov,167,17.409675759324617,0.5020319558006581,0.49977115,jitter,0.5
Tikhonov,168,19.057545446991963,0.38095859011918043,0.45041892,jitter,0.5
Tikhonov,169,18.154869147150027,0.535053645994241,0.43575433,jitter,0.5
Tikhonov,170,17.859133364546025,0.4797009780940702,0.49220014,jitter,0.5
Tikhonov,171,17.193217515662226,0.6099758262826372,0.35745734,jitter,0.5
Tikhonov,172,15.54234275776398,0.6816994014168678,0.45492944,jitter,0.5
Tikhonov,173,16.448230682803384,0.5891889247058097,0.5501476,jitter,0.5
Tikhonov,174,17.04389847156078,0.5617098951794511,0.4472523,jitter,0.5
Tikhonov,175,19.270605760454824,0.33447301586318284,0.6499332,jitter,0.5
Tikhonov,176,19.94261961685732,0.3053418672783108,0.59823966,jitter,0.5
Tikhonov,177,16.62842897822504,0.5528255094372867,0.44195563,jitter,0.5
Tikhonov,178,18.63827455939741,0.3523339144438159,0.48537186,jitter,0.5
Tikhonov,179,16.377895762917127,0.6018522337241645,0.40189338,jitter,0.5
Tikhonov,180,19.08147139122288,0.34391185512462213,0.4926608,jitter,0.5
Tikhonov,181,16.483018211096923,0.5990490573299625,0.41039303,jitter,0.5
Tikhonov,182,17.942444079429578,0.492029142056588,0.4600865,jitter,0.5
Tikhonov,183,15.405410336785888,0.7333390954326288,0.4140639,jitter,0.5
Tikhonov,184,17.214769778812183,0.5732743645107089,0.43809843,jitter,0.5
Tikhonov,185,16.621412389556095,0.5378732455772645,0.48089102,jitter,0.5
Tikhonov,186,16.33942516188668,0.6737743031896443,0.36427224,jitter,0.5
Tikhonov,187,16.245480678091095,0.6540800508646648,0.44988587,jitter,0.5
Tikhonov,188,16.07456565888185,0.7180047694832752,0.38509983,jitter,0.5
Tikhonov,189,18.57829517483989,0.2972439409888827,0.6191955,jitter,0.5
Tikhonov,190,18.130294392211674,0.44774631814610727,0.40374547,jitter,0.5
Tikhonov,191,18.674938332899448,0.37433603267288335,0.49931666,jitter,0.5
Tikhonov,192,16.10859300449913,0.6533238245994487,0.4418764,jitter,0.5
Tikhonov,193,16.946978750628322,0.5147328748476445,0.49155354,jitter,0.5
Tikhonov,194,15.983370503454283,0.6728401436611879,0.44427285,jitter,0.5
Tikhonov,195,17.627837529179075,0.3837478433866516,0.6302137,jitter,0.5
Tikhonov,196,17.910514824881872,0.39337287885848865,0.4340989,jitter,0.5
Tikhonov,197,16.665596339399436,0.5542310622125317,0.38914406,jitter,0.5
Tikhonov,198,17.09257898472683,0.4791594044678683,0.4973276,jitter,0.5
Tikhonov,199,16.959645057074706,0.6709657694989515,0.34205896,jitter,0.5
TV,0,19.75813860991247,0.5903230013926167,0.37428713,jitter,0.5
TV,1,19.64877791201861,0.7044147327306588,0.29576746,jitter,0.5
TV,2,19.94105373493898,0.4069300421599245,0.5087666,jitter,0.5
TV,3,19.516891757803883,0.7998027419402025,0.2598,jitter,0.5
TV,4,19.882052156404367,0.6896630743843665,0.36270753,jitter,0.5
TV,5,20.798450903521754,0.46296933199633067,0.37466118,jitter,0.5
TV,6,18.952793045467534,0.6719333569303709,0.3845908,jitter,0.5
TV,7,19.712953645239317,0.5902444545423982,0.34675673,jitter,0.5
TV,8,20.26968411802226,0.7707510960388405,0.26541921,jitter,0.5
TV,9,19.558593986737055,0.7148124399818172,0.285975,jitter,0.5
TV,10,18.897726421496248,0.8038192627901473,0.32156423,jitter,0.5
TV,11,17.946016891935574,0.7327992308197913,0.379588,jitter,0.5
TV,12,18.871655775302546,0.6096513905655785,0.36962578,jitter,0.5
TV,13,18.439430295153723,0.7758381369240843,0.33884087,jitter,0.5
TV,14,21.959744311087846,0.4724524708966001,0.29240218,jitter,0.5
TV,15,18.696953990886882,0.7435654370982031,0.39521885,jitter,0.5
TV,16,18.898277991721866,0.6896799428625155,0.36598212,jitter,0.5
TV,17,20.351240706311824,0.6557109251138292,0.3077847,jitter,0.5
TV,18,18.86468620257571,0.805881365906632,0.29251567,jitter,0.5
TV,19,20.147184767450852,0.6211533472935327,0.3901032,jitter,0.5
TV,20,19.87283702504565,0.6592492985872028,0.292085,jitter,0.5
TV,21,19.951654244150344,0.6398457590753236,0.3297585,jitter,0.5
TV,22,18.44257893150801,0.7303938256809488,0.38236484,jitter,0.5
TV,23,18.95824497370794,0.6565895828616628,0.3901356,jitter,0.5
TV,24,18.751316002748545,0.5421902278610429,0.532742,jitter,0.5
TV,25,18.931635655637656,0.8815632199056539,0.23010872,jitter,0.5
TV,26,18.52050565474279,0.48820330232092224,0.48129478,jitter,0.5
TV,27,19.501655455244787,0.7031434451889877,0.34665436,jitter,0.5
TV,28,18.670633674666092,0.7866111286739773,0.29972753,jitter,0.5
TV,29,22.10926516080641,0.44161090057935903,0.33628747,jitter,0.5
TV,30,20.224343279935802,0.6814950243079234,0.2971629,jitter,0.5
TV,31,21.602633033711275,0.4451529700693882,0.39174104,jitter,0.5
TV,32,18.852797465222974,0.7004105827139983,0.34021193,jitter,0.5
TV,33,19.14376740693286,0.7457536861030115,0.34596214,jitter,0.5
TV,34,20.42907315525955,0.6966154661134447,0.2807424,jitter,0.5
TV,35,18.797449245213286,0.8376399032032686,0.3284083,jitter,0.5
TV,36,19.347675634619915,0.6611751957444382,0.35457465,jitter,0.5
TV,37,22.056460325077595,0.45606954240294034,0.32227632,jitter,0.5
TV,38,17.812249250833002,0.608184806352639,0.47119644,jitter,0.5
TV,39,21.532387285571758,0.5177912754112516,0.29442978,jitter,0.5
TV,40,21.17965803753301,0.40485668105163714,0.5330992,jitter,0.5
TV,41,18.686032945626078,0.5575251158669375,0.4470829,jitter,0.5
TV,42,19.962386067840182,0.6777726536581085,0.31312817,jitter,0.5
TV,43,19.792394830917505,0.5684975848743915,0.40680274,jitter,0.5
TV,44,21.09393159106996,0.589758759104716,0.31179908,jitter,0.5
TV,45,18.562671322003702,0.6591504532153514,0.42439935,jitter,0.5
TV,46,21.32605703784202,0.5518000645539916,0.29539046,jitter,0.5
TV,47,17.641686844321235,0.5564380378139105,0.52919275,jitter,0.5
TV,48,19.746219125173837,0.7534724419978871,0.24511655,jitter,0.5
TV,49,19.56172242748432,0.7336690100188914,0.32814953,jitter,0.5
TV,50,19.57643737680639,0.6289146243296814,0.36370805,jitter,0.5
TV,51,18.585122366318927,0.8247899742737367,0.2892439,jitter,0.5
TV,52,19.324254426945462,0.7334327258998028,0.349261,jitter,0.5
TV,53,18.284482207051703,0.6919136679921807,0.48818442,jitter,0.5
TV,54,17.79393526491778,0.7853434657002607,0.3397347,jitter,0.5
TV,55,19.355946359740848,0.7193470544235643,0.31215665,jitter,0.5
TV,56,21.470918843386922,0.791291276862737,0.24274808,jitter,0.5
TV,57,19.753290566342592,0.38918038329479,0.49785572,jitter,0.5
TV,58,19.325527546906482,0.6975763971736455,0.32454485,jitter,0.5
TV,59,19.381381290233072,0.508041126364919,0.50219995,jitter,0.5
TV,60,20.191240653305233,0.6519493121577548,0.2870627,jitter,0.5
TV,61,19.21349102560486,0.7522108076979245,0.2955702,jitter,0.5
TV,62,19.85102127477952,0.5375621228566401,0.45162612,jitter,0.5
TV,63,19.654735504557568,0.6517684541994798,0.34412697,jitter,0.5
TV,64,19.525903857049542,0.7610408697019462,0.28757235,jitter,0.5
TV,65,20.169898465842493,0.5189776314693804,0.42704317,jitter,0.5
TV,66,17.92999415550949,0.7116462083240925,0.41212028,jitter,0.5
TV,67,19.153849852916117,0.6813740376565867,0.36786804,jitter,0.5
TV,68,20.325864590074705,0.7620802169457879,0.23909263,jitter,0.5
TV,69,18.532238511428677,0.8046420994017481,0.33914077,jitter,0.5
TV,70,19.71788102241145,0.654617857543486,0.3313507,jitter,0.5
TV,71,19.456755407852796,0.8823244219919097,0.24828519,jitter,0.5
TV,72,18.5596051778402,0.7524355076232248,0.34890392,jitter,0.5
TV,73,19.491675398667322,0.6564567235831463,0.29190826,jitter,0.5
TV,74,23.0795506120203,0.5353107484276907,0.27604368,jitter,0.5
TV,75,19.316581573156384,0.6446385108962008,0.34685984,jitter,0.5
TV,76,18.83225303416757,0.6460393058782643,0.4245234,jitter,0.5
TV,77,19.562096266744952,0.7030819893029542,0.3930244,jitter,0.5
TV,78,21.207268418609257,0.5839797973898355,0.2958118,jitter,0.5
TV,79,19.488389062537976,0.7827138427961502,0.25263286,jitter,0.5
TV,80,20.788983130980775,0.5912940946055484,0.30397734,jitter,0.5
TV,81,19.973625203993578,0.6936130069685938,0.29702002,jitter,0.5
TV,82,19.371580087088894,0.7863721277734096,0.27825305,jitter,0.5
TV,83,19.466591949826054,0.5707895165696079,0.38892603,jitter,0.5
TV,84,17.8226265476089,0.7361592645487509,0.37736824,jitter,0.5
TV,85,20.300145866141165,0.7811362926909807,0.23936383,jitter,0.5
TV,86,20.613835063136627,0.6629067613716306,0.2754301,jitter,0.5
TV,87,19.003204286134427,0.7129795208259694,0.3289227,jitter,0.5
TV,88,19.20648826022621,0.7313914543709502,0.32064396,jitter,0.5
TV,89,20.935210252947954,0.519360191715508,0.3311501,jitter,0.5
TV,90,19.21880880541945,0.7355256727862957,0.3357971,jitter,0.5
TV,91,18.553575781566146,0.5903529856644556,0.39320225,jitter,0.5
TV,92,18.053177355408216,0.4942033961675061,0.5381836,jitter,0.5
TV,93,20.12873528509568,0.7180219240090232,0.24363533,jitter,0.5
TV,94,20.63759714106983,0.5587841396512029,0.28607845,jitter,0.5
TV,95,19.39089701081532,0.7838274270588578,0.2509026,jitter,0.5
TV,96,21.184096544691116,0.4574088843573993,0.3939718,jitter,0.5
TV,97,21.04293705155787,0.7004479009942883,0.24222112,jitter,0.5
TV,98,18.936711350090025,0.7058472955779341,0.36507064,jitter,0.5
TV,99,18.76255141808975,0.7210986534064282,0.31401202,jitter,0.5
TV,100,17.716484620553928,0.6122708907783847,0.507371,jitter,0.5
TV,101,18.703637025445083,0.7670630676641075,0.35045075,jitter,0.5
TV,102,18.241618771163534,0.7718549341060537,0.36189798,jitter,0.5
TV,103,20.48353454226499,0.7239183393684178,0.28958488,jitter,0.5
TV,104,19.773264480786718,0.7263381233230072,0.34227318,jitter,0.5
TV,105,19.56306964402305,0.6743291253219205,0.3652564,jitter,0.5
TV,106,18.186267993075692,0.8214650317557033,0.35665268,jitter,0.5
TV,107,21.47324054481166,0.5404781184759576,0.3502287,jitter,0.5
TV,108,20.062723068594018,0.615097210871456,0.31794444,jitter,0.5
TV,109,18.71110069407558,0.6394239232619485,0.40174448,jitter,0.5
TV,110,19.12084687666518,0.6928240362004462,0.31803203,jitter,0.5
TV,111,22.080763296759883,0.5409417273928911,0.28018206,jitter,0.5
TV,112,19.70398270189979,0.5918923128609861,0.37732115,jitter,0.5
TV,113,20.24205785986198,0.6505305390614509,0.30992156,jitter,0.5
TV,114,19.801266897381684,0.583117854424506,0.36786753,jitter,0.5
TV,115,19.929690252238043,0.5734397168973584,0.37863445,jitter,0.5
TV,116,19.406945481184184,0.5533652479812303,0.43170297,jitter,0.5
TV,117,20.220219487444982,0.7177793424064678,0.29479402,jitter,0.5
TV,118,19.14410296227827,0.5708027889103964,0.4297564,jitter,0.5
TV,119,18.801155880191413,0.7470152662712927,0.32256347,jitter,0.5
TV,120,19.30871474848382,0.8262829378378108,0.2691571,jitter,0.5
TV,121,20.276941031706702,0.6846183124936401,0.3376256,jitter,0.5
TV,122,22.06618266106851,0.5387261037547372,0.33513823,jitter,0.5
TV,123,19.16078974403283,0.7312441217262791,0.34673944,jitter,0.5
TV,124,19.567791763437402,0.6195171469402084,0.31955743,jitter,0.5
TV,125,19.63234787952945,0.609393090217024,0.3762664,jitter,0.5
TV,126,19.004513453461254,0.8163585822301924,0.32351658,jitter,0.5
TV,127,19.854383883278615,0.7164279048307991,0.30251563,jitter,0.5
TV,128,18.01309424778853,0.7406124114489456,0.3060456,jitter,0.5
TV,129,19.35685193943034,0.6831676222558118,0.3526214,jitter,0.5
TV,130,18.9674229442528,0.7382083311994475,0.28782573,jitter,0.5
TV,131,19.54764174613237,0.7948097904484088,0.25184062,jitter,0.5
TV,132,19.66201213275988,0.8269462620874113,0.25690284,jitter,0.5
TV,133,20.072936132070293,0.7635012420408105,0.2630218,jitter,0.5
TV,134,18.95302272387299,0.6925329178444702,0.32363406,jitter,0.5
TV,135,22.023799109686912,0.4656489460482762,0.28094888,jitter,0.5
TV,136,19.517622604315534,0.7334751757612252,0.32374957,jitter,0.5
TV,137,19.985110030799465,0.5038270418847764,0.33125433,jitter,0.5
TV,138,17.87637669153235,0.6781647157598448,0.3702888,jitter,0.5
TV,139,18.466685359262062,0.6687382121159346,0.36121893,jitter,0.5
TV,140,18.508826861618836,0.520109503526839,0.48531207,jitter,0.5
TV,141,19.390071353592575,0.5460703843961131,0.39024857,jitter,0.5
TV,142,18.666602435910384,0.7532534085951115,0.38497308,jitter,0.5
TV,143,21.54189588336314,0.45295391544797803,0.38299084,jitter,0.5
TV,144,18.820801135341604,0.6453491090104169,0.35302117,jitter,0.5
TV,145,20.5455081913858,0.41288743146083295,0.434683,jitter,0.5
TV,146,18.53862005271206,0.7403284114504556,0.32273048,jitter,0.5
TV,147,19.25478948798154,0.8366631930770952,0.26405296,jitter,0.5
TV,148,19.718553218607514,0.7297969471801781,0.32801574,jitter,0.5
TV,149,18.142718671547552,0.638653726199611,0.48959863,jitter,0.5
TV,150,19.149111554452695,0.6642007549381853,0.3527362,jitter,0.5
TV,151,17.84829686114344,0.7586972186897981,0.35979027,jitter,0.5
TV,152,19.627014308573603,0.6310219854214575,0.36621657,jitter,0.5
TV,153,19.197551937111808,0.6729610570261932,0.39418426,jitter,0.5
TV,154,20.784398550292266,0.38118171920010835,0.4498109,jitter,0.5
TV,155,19.160071940702245,0.7671353535049341,0.30456358,jitter,0.5
TV,156,19.946505635328407,0.6524484404170316,0.33611292,jitter,0.5
TV,157,19.162404501395013,0.7026915721372078,0.34743893,jitter,0.5
TV,158,19.997685259280463,0.6932929536810699,0.3181428,jitter,0.5
TV,159,19.73194130814076,0.5409703689679304,0.4185533,jitter,0.5
TV,160,19.609040591884515,0.6716728693476594,0.31906992,jitter,0.5
TV,161,18.479684529304826,0.7495174613234795,0.3648411,jitter,0.5
TV,162,19.309846755797913,0.7883061618873203,0.27582192,jitter,0.5
TV,163,19.411997472191448,0.7401088275249147,0.29243377,jitter,0.5
TV,164,18.08287171619652,0.5983419566163177,0.40670606,jitter,0.5
TV,165,19.17437102948459,0.79121683997079,0.30205807,jitter,0.5
TV,166,17.982164881536743,0.6481719508301467,0.42716947,jitter,0.5
TV,167,19.915222503047154,0.621064828928129,0.37453625,jitter,0.5
TV,168,22.40747669330385,0.46068675701712325,0.306281,jitter,0.5
TV,169,20.514471986792483,0.6588355745795021,0.33209443,jitter,0.5
TV,170,20.245208867646134,0.5822863827355125,0.37397107,jitter,0.5
TV,171,20.086873689801372,0.7063351632480718,0.25617775,jitter,0.5
TV,172,17.98129972190403,0.7960954584794173,0.3435549,jitter,0.5
TV,173,17.972731162550232,0.7004854524573542,0.4615877,jitter,0.5
TV,174,19.312288512969637,0.679496542940759,0.34445545,jitter,0.5
TV,175,20.789027375851227,0.47340258872444346,0.5456921,jitter,0.5
TV,176,22.47231540422647,0.40620704982737615,0.44708535,jitter,0.5
TV,177,19.836345098615755,0.6787511058101692,0.30548003,jitter,0.5
TV,178,21.662161037723536,0.4825282685193118,0.3426733,jitter,0.5
TV,179,18.92789176339847,0.7085985022521009,0.29964778,jitter,0.5
TV,180,22.30228718173249,0.44236995157793413,0.34002215,jitter,0.5
TV,181,19.00490882982305,0.6988913955259298,0.3069767,jitter,0.5
TV,182,21.060797876660896,0.5945313690376491,0.3213082,jitter,0.5
TV,183,18.508707563475262,0.8554442011499162,0.2896693,jitter,0.5
TV,184,19.364100123287272,0.683384947022731,0.34206226,jitter,0.5
TV,185,18.804302105883227,0.653451424935825,0.37402636,jitter,0.5
TV,186,19.362869153290745,0.7670870214914287,0.25718987,jitter,0.5
TV,187,18.980995873898515,0.7682976452960856,0.3283421,jitter,0.5
TV,188,18.792120984732517,0.8122412877644158,0.28164077,jitter,0.5
TV,189,21.068764042365387,0.4256454359890108,0.46484092,jitter,0.5
TV,190,20.896173860651892,0.5654570539962993,0.29363897,jitter,0.5
TV,191,21.00096722960266,0.48267856662590747,0.3820099,jitter,0.5
TV,192,18.51691303313086,0.7562219321067264,0.33487663,jitter,0.5
TV,193,18.707638454624306,0.6296247918512826,0.40136346,jitter,0.5
TV,194,18.71446496555102,0.8023395351892383,0.32441062,jitter,0.5
TV,195,18.921671263394753,0.5082437157648239,0.5429954,jitter,0.5
TV,196,20.95810492135538,0.47841695403201073,0.3056393,jitter,0.5
TV,197,18.940298667028287,0.6651593038902718,0.29948515,jitter,0.5
TV,198,19.02682087567595,0.6097381786195069,0.39804342,jitter,0.5
TV,199,20.42835497016061,0.7816154663027688,0.22943808,jitter,0.5
PnP-DnCNN,0,26.15074082087797,0.9493333376820915,0.17929772,jitter,0.5
PnP-DnCNN,1,24.289754065701,0.9711489831366815,0.17334113,jitter,0.5
PnP-DnCNN,2,25.88175314695864,0.9610059148023936,0.25673413,jitter,0.5
PnP-DnCNN,3,22.638825421829306,0.9519634655992354,0.18136038,jitter,0.5
PnP-DnCNN,4,24.66224829260824,0.942837217499402,0.20919281,jitter,0.5
PnP-DnCNN,5,27.037673466734734,0.9733952395925837,0.18267436,jitter,0.5
PnP-DnCNN,6,23.622013752818628,0.9359999611234862,0.22466628,jitter,0.5
PnP-DnCNN,7,24.056893262546872,0.9477434317188814,0.2102945,jitter,0.5
PnP-DnCNN,8,23.778885935593518,0.9599862147338134,0.17720349,jitter,0.5
PnP-DnCNN,9,22.38312807551447,0.9490879747000608,0.20658624,jitter,0.5
PnP-DnCNN,10,24.27265008593656,0.9543437318614691,0.1731895,jitter,0.5
PnP-DnCNN,11,23.126118785636884,0.9501349568705667,0.20907754,jitter,0.5
PnP-DnCNN,12,22.73948523535694,0.9484897243582513,0.23679405,jitter,0.5
PnP-DnCNN,13,24.864797027155944,0.9608464461158622,0.16170648,jitter,0.5
PnP-DnCNN,14,26.30912739357403,0.9686833144096304,0.17721947,jitter,0.5
PnP-DnCNN,15,23.287698922900578,0.9077142960091761,0.23297022,jitter,0.5
PnP-DnCNN,16,23.78889399312394,0.9572153847572232,0.20841502,jitter,0.5
PnP-DnCNN,17,26.600186374723293,0.966958457065269,0.14989935,jitter,0.5
PnP-DnCNN,18,21.789086997772266,0.9497402254030232,0.20889549,jitter,0.5
PnP-DnCNN,19,24.920737200276175,0.9528050178369462,0.22516552,jitter,0.5
PnP-DnCNN,20,21.504887762536,0.9260319525622263,0.2420509,jitter,0.5
PnP-DnCNN,21,24.70175086851491,0.9542971224762684,0.19084954,jitter,0.5
PnP-DnCNN,22,22.925120543295098,0.9424235709242461,0.2282185,jitter,0.5
PnP-DnCNN,23,23.212809673295464,0.9337990859076997,0.23904921,jitter,0.5
PnP-DnCNN,24,21.207725868681557,0.8273960932866047,0.40151015,jitter,0.5
PnP-DnCNN,25,22.0993577594735,0.9561381188244367,0.15978904,jitter,0.5
PnP-DnCNN,26,22.70040958921312,0.9333540080192168,0.29745138,jitter,0.5
PnP-DnCNN,27,25.645661238880436,0.9665982179528425,0.17088202,jitter,0.5
PnP-DnCNN,28,23.754311709663348,0.9575364685748234,0.16693321,jitter,0.5
PnP-DnCNN,29,27.443748890083377,0.9758912088457218,0.18196443,jitter,0.5
PnP-DnCNN,30,24.544071854359387,0.9372661724409534,0.18072082,jitter,0.5
PnP-DnCNN,31,24.85278927405328,0.9569916886562282,0.26945812,jitter,0.5
PnP-DnCNN,32,23.177364881112513,0.9325053103668385,0.206786,jitter,0.5
PnP-DnCNN,33,23.95081289617609,0.9309834270499462,0.19891903,jitter,0.5
PnP-DnCNN,34,25.61348928376564,0.9594069918817725,0.1545565,jitter,0.5
PnP-DnCNN,35,23.473836441071427,0.9536421829911549,0.19168791,jitter,0.5
PnP-DnCNN,36,22.297211701904452,0.9110417826128123,0.25248227,jitter,0.5
PnP-DnCNN,37,29.92771135322476,0.980683914639733,0.13021645,jitter,0.5
PnP-DnCNN,38,23.99595348308168,0.9384821193708368,0.23121542,jitter,0.5
PnP-DnCNN,39,25.599233111696012,0.9582059470982838,0.18434845,jitter,0.5
PnP-DnCNN,40,26.618434591807404,0.9396131461686339,0.28501597,jitter,0.5
PnP-DnCNN,41,23.2025037482733,0.920015801144533,0.2658058,jitter,0.5
PnP-DnCNN,42,25.33104195706363,0.9663629258467146,0.1687677,jitter,0.5
PnP-DnCNN,43,24.891541551985583,0.9317119505779803,0.2261656,jitter,0.5
PnP-DnCNN,44,26.00099213433603,0.9560078756252596,0.17722368,jitter,0.5
PnP-DnCNN,45,23.649190739820284,0.9216968471353705,0.23629183,jitter,0.5
PnP-DnCNN,46,26.331153832496984,0.9639447636840758,0.16601282,jitter,0.5
PnP-DnCNN,47,21.651984323205067,0.8509897787618443,0.33350247,jitter,0.5
PnP-DnCNN,48,23.34321465108673,0.9419840122303687,0.16200292,jitter,0.5
PnP-DnCNN,49,23.959438663067594,0.9260755751728396,0.19778165,jitter,0.5
PnP-DnCNN,50,23.09046004084447,0.9488675370196665,0.24268995,jitter,0.5
PnP-DnCNN,51,23.085068396076245,0.9559717646930829,0.17229271,jitter,0.5
PnP-DnCNN,52,25.30856365989713,0.9572637230157852,0.17536166,jitter,0.5
PnP-DnCNN,53,23.052306781812284,0.9174707494676113,0.28196338,jitter,0.5
PnP-DnCNN,54,20.941113152236575,0.9375776399142486,0.23647271,jitter,0.5
PnP-DnCNN,55,23.717329887788225,0.9620947815046823,0.18893108,jitter,0.5
PnP-DnCNN,56,25.41910638909043,0.9596866960060005,0.15408006,jitter,0.5
PnP-DnCNN,57,26.001540673285177,0.9553910884852251,0.24248841,jitter,0.5
PnP-DnCNN,58,23.711759153208646,0.9423234254922256,0.19586784,jitter,0.5
PnP-DnCNN,59,23.75035481803203,0.9326609440825202,0.30368826,jitter,0.5
PnP-DnCNN,60,25.280110995880175,0.9622491797016672,0.15978399,jitter,0.5
PnP-DnCNN,61,23.594639724646612,0.9582104188474742,0.1784856,jitter,0.5
PnP-DnCNN,62,23.88802433487962,0.9328630701446337,0.28374547,jitter,0.5
PnP-DnCNN,63,23.337177575067486,0.9439426550934137,0.22521463,jitter,0.5
PnP-DnCNN,64,24.68791642913251,0.9676450390584213,0.15872544,jitter,0.5
PnP-DnCNN,65,24.343697200374635,0.9435371009032588,0.26410818,jitter,0.5
PnP-DnCNN,66,23.50838908023064,0.9542313517371485,0.21682245,jitter,0.5
PnP-DnCNN,67,22.720441434891153,0.9305449339661224,0.24398462,jitter,0.5
PnP-DnCNN,68,23.022798065091706,0.940773488353353,0.17527483,jitter,0.5
PnP-DnCNN,69,25.161054181288243,0.969931837694704,0.15810268,jitter,0.5
PnP-DnCNN,70,26.713007505769802,0.9614165754111346,0.148092,jitter,0.5
PnP-DnCNN,71,23.632179722253817,0.95933029520487,0.15352517,jitter,0.5
PnP-DnCNN,72,22.236807565139948,0.9212012915171621,0.22847871,jitter,0.5
PnP-DnCNN,73,22.773093988425963,0.9476925531817861,0.20006698,jitter,0.5
PnP-DnCNN,74,28.41189437271153,0.9743784363112173,0.14940345,jitter,0.5
PnP-DnCNN,75,24.47673939680811,0.9455673462472671,0.19149001,jitter,0.5
PnP-DnCNN,76,21.41415862960857,0.880308080870612,0.31535983,jitter,0.5
PnP-DnCNN,77,24.477138537090376,0.9401704015687478,0.22318625,jitter,0.5
PnP-DnCNN,78,25.63804953246887,0.9577445225897899,0.17761369,jitter,0.5
PnP-DnCNN,79,22.959012446061962,0.962244762492574,0.16941765,jitter,0.5
PnP-DnCNN,80,24.121142648492505,0.9441263365967214,0.20712532,jitter,0.5
PnP-DnCNN,81,25.87479918296408,0.9686316915533759,0.15056603,jitter,0.5
PnP-DnCNN,82,23.81985090169462,0.9491281691661551,0.16673484,jitter,0.5
PnP-DnCNN,83,23.554999448611127,0.9127691649824135,0.24291071,jitter,0.5
PnP-DnCNN,84,21.565978593815437,0.9286281783595558,0.24524362,jitter,0.5
PnP-DnCNN,85,23.904859329639944,0.9375627522707016,0.15806033,jitter,0.5
PnP-DnCNN,86,24.807506342766587,0.9492474047482506,0.16995263,jitter,0.5
PnP-DnCNN,87,22.679150282278115,0.9472905967600089,0.21542524,jitter,0.5
PnP-DnCNN,88,24.471459962357645,0.9636442406364709,0.17489383,jitter,0.5
PnP-DnCNN,89,25.60305976140945,0.9527227799446623,0.19347839,jitter,0.5
PnP-DnCNN,90,24.920485480539366,0.9520675792735963,0.17417793,jitter,0.5
PnP-DnCNN,91,23.35121405292535,0.9356488617029318,0.22632581,jitter,0.5
PnP-DnCNN,92,22.39149152959453,0.9166696317001315,0.32659894,jitter,0.5
PnP-DnCNN,93,24.0023962442681,0.9555216339870918,0.1559758,jitter,0.5
PnP-DnCNN,94,24.861107182373573,0.9548995031105462,0.17591774,jitter,0.5
PnP-DnCNN,95,21.748600447469357,0.9393109519126986,0.19125816,jitter,0.5
PnP-DnCNN,96,24.159044576724877,0.9349380486995013,0.27971625,jitter,0.5
PnP-DnCNN,97,24.770811221378104,0.9404797366212222,0.15769513,jitter,0.5
PnP-DnCNN,98,24.421228668592928,0.9459586441516876,0.1941561,jitter,0.5
PnP-DnCNN,99,23.994276345871846,0.9620407357935078,0.17193331,jitter,0.5
PnP-DnCNN,100,20.63671033521458,0.9052028149858979,0.36250535,jitter,0.5
PnP-DnCNN,101,23.11231311945754,0.9521797112812681,0.21095663,jitter,0.5
PnP-DnCNN,102,20.821832489385855,0.8964740967662805,0.2688905,jitter,0.5
PnP-DnCNN,103,25.91185072206801,0.9586209954062769,0.15501013,jitter,0.5
PnP-DnCNN,104,22.716744168291378,0.937653003337462,0.24389274,jitter,0.5
PnP-DnCNN,105,24.840362515002493,0.9618629871382693,0.19894509,jitter,0.5
PnP-DnCNN,106,21.21666940096576,0.936079797665935,0.25160858,jitter,0.5
PnP-DnCNN,107,24.921642154764186,0.9422059554822189,0.23546787,jitter,0.5
PnP-DnCNN,108,24.407994680596094,0.9611978396650188,0.19279139,jitter,0.5
PnP-DnCNN,109,24.682698939262472,0.9382553929078185,0.20200866,jitter,0.5
PnP-DnCNN,110,23.3289980321269,0.924794644979406,0.19591302,jitter,0.5
PnP-DnCNN,111,27.801412965151115,0.9632139572304143,0.14501332,jitter,0.5
PnP-DnCNN,112,23.91504657526807,0.9339004223011742,0.23235817,jitter,0.5
PnP-DnCNN,113,25.956057943423957,0.9682709649820959,0.16052836,jitter,0.5
PnP-DnCNN,114,23.470399618677252,0.9313582819232271,0.24112089,jitter,0.5
PnP-DnCNN,115,27.19984500617703,0.9599127507160518,0.16395035,jitter,0.5
PnP-DnCNN,116,22.944832171404194,0.9237561964791668,0.28727028,jitter,0.5
PnP-DnCNN,117,23.586508326511883,0.9461672272194516,0.20008026,jitter,0.5
PnP-DnCNN,118,24.751593638661674,0.9571951379583887,0.22534496,jitter,0.5
PnP-DnCNN,119,21.574493443760048,0.9164033126709444,0.234395,jitter,0.5
PnP-DnCNN,120,22.68764763011751,0.9428396248989854,0.18241444,jitter,0.5
PnP-DnCNN,121,24.134856505912317,0.9330729820634708,0.21654072,jitter,0.5
PnP-DnCNN,122,28.576158701871993,0.9639613564965154,0.15838905,jitter,0.5
PnP-DnCNN,123,22.94322491131004,0.9266967247740543,0.22432698,jitter,0.5
PnP-DnCNN,124,24.740729523933354,0.9573064303595172,0.17615785,jitter,0.5
PnP-DnCNN,125,24.160805149600563,0.9437058414678928,0.22339453,jitter,0.5
PnP-DnCNN,126,22.592160366041817,0.9524463798142662,0.21404949,jitter,0.5
PnP-DnCNN,127,25.00453680085295,0.9594886176103403,0.1672015,jitter,0.5
PnP-DnCNN,128,21.227291188122916,0.924053696161213,0.21138604,jitter,0.5
PnP-DnCNN,129,24.863631192748763,0.954237487752083,0.18705516,jitter,0.5
PnP-DnCNN,130,21.374099400598038,0.9395460039223275,0.21817037,jitter,0.5
PnP-DnCNN,131,23.314209570797246,0.9501111015431152,0.16322903,jitter,0.5
PnP-DnCNN,132,21.752538715956774,0.9544288236493906,0.2019494,jitter,0.5
PnP-DnCNN,133,22.435735485030072,0.9336616422765511,0.2003788,jitter,0.5
PnP-DnCNN,134,23.565623269300936,0.9433190735010815,0.1902936,jitter,0.5
PnP-DnCNN,135,26.419111987650506,0.9650051026674341,0.16937982,jitter,0.5
PnP-DnCNN,136,24.66209721468379,0.9593113420669698,0.17905457,jitter,0.5
PnP-DnCNN,137,23.007318550759003,0.9503334051629236,0.23391126,jitter,0.5
PnP-DnCNN,138,21.439695884888806,0.9307673430178037,0.24568273,jitter,0.5
PnP-DnCNN,139,21.285958974301778,0.8977454670219998,0.2611,jitter,0.5
PnP-DnCNN,140,20.63775393815972,0.848708289486841,0.3798173,jitter,0.5
PnP-DnCNN,141,22.54308866263608,0.9404206033334259,0.27145037,jitter,0.5
PnP-DnCNN,142,22.358054502405196,0.9059119300747459,0.25168526,jitter,0.5
PnP-DnCNN,143,26.84756973784813,0.9644173356927623,0.20792405,jitter,0.5
PnP-DnCNN,144,23.865223163507924,0.9389189132912592,0.1975057,jitter,0.5
PnP-DnCNN,145,25.791382950642117,0.9535708290193815,0.23761776,jitter,0.5
PnP-DnCNN,146,22.52485125022087,0.9407674088950985,0.20395222,jitter,0.5
PnP-DnCNN,147,23.378030541321465,0.9580810737511343,0.16425893,jitter,0.5
PnP-DnCNN,148,24.977892015728337,0.9680225734622026,0.17903079,jitter,0.5
PnP-DnCNN,149,22.57209161370641,0.9190921991878798,0.2940164,jitter,0.5
PnP-DnCNN,150,23.431894720708296,0.9475029112140009,0.21543232,jitter,0.5
PnP-DnCNN,151,20.263286501266894,0.9366531253846224,0.27245823,jitter,0.5
PnP-DnCNN,152,23.357198975139916,0.9319595718864074,0.23835747,jitter,0.5
PnP-DnCNN,153,23.191979357458358,0.9366747490630662,0.24887307,jitter,0.5
PnP-DnCNN,154,26.63497358501036,0.9532471732659773,0.2293513,jitter,0.5
PnP-DnCNN,155,23.008341669568082,0.9590041642962408,0.195553,jitter,0.5
PnP-DnCNN,156,25.43078798629185,0.9665824935332803,0.1787603,jitter,0.5
PnP-DnCNN,157,23.09735962968446,0.9446832785182748,0.22086695,jitter,0.5
PnP-DnCNN,158,25.399216801457904,0.9518348524762579,0.17082267,jitter,0.5
PnP-DnCNN,159,24.769759811630216,0.9391735762296137,0.23434722,jitter,0.5
PnP-DnCNN,160,24.31527891437192,0.9584717935274455,0.18559828,jitter,0.5
PnP-DnCNN,161,22.449514983177753,0.9382902773574364,0.23100014,jitter,0.5
PnP-DnCNN,162,23.434207259445273,0.9601140190377708,0.17155792,jitter,0.5
PnP-DnCNN,163,21.935021680782484,0.9078063653120079,0.21871386,jitter,0.5
PnP-DnCNN,164,21.181074696671132,0.9178619253148964,0.2846889,jitter,0.5
PnP-DnCNN,165,23.24627162726161,0.9276344675016551,0.18901461,jitter,0.5
PnP-DnCNN,166,21.960814067886865,0.9154619872570038,0.27018905,jitter,0.5
PnP-DnCNN,167,23.613066414301226,0.946140786725258,0.24468179,jitter,0.5
PnP-DnCNN,168,26.962078576836667,0.964253242412382,0.18129675,jitter,0.5
PnP-DnCNN,169,24.645314161587866,0.9342449861001377,0.20640466,jitter,0.5
PnP-DnCNN,170,24.793898070047852,0.9311046282922434,0.2215152,jitter,0.5
PnP-DnCNN,171,24.202372562271645,0.9588068198443445,0.15950213,jitter,0.5
PnP-DnCNN,172,23.218434721146046,0.9580283203154556,0.18799202,jitter,0.5
PnP-DnCNN,173,20.600697755517373,0.8512540342024535,0.3410797,jitter,0.5
PnP-DnCNN,174,24.513476550973266,0.9500160033791518,0.18926646,jitter,0.5
PnP-DnCNN,175,24.156008905769,0.9212773058963709,0.37033826,jitter,0.5
PnP-DnCNN,176,28.27999840349947,0.960393754534485,0.22909008,jitter,0.5
PnP-DnCNN,177,24.905663753196766,0.9625649615383345,0.17041858,jitter,0.5
PnP-DnCNN,178,28.59574162035283,0.9645895562634981,0.1542415,jitter,0.5
PnP-DnCNN,179,24.06365259278818,0.9624415644375254,0.16589107,jitter,0.5
PnP-DnCNN,180,25.686735919798117,0.963148749810605,0.23029515,jitter,0.5
PnP-DnCNN,181,23.258085332248704,0.9545426785576442,0.18812504,jitter,0.5
PnP-DnCNN,182,24.74385740094144,0.9485818066649632,0.21026589,jitter,0.5
PnP-DnCNN,183,22.71826013919401,0.9612999075084678,0.17841233,jitter,0.5
PnP-DnCNN,184,22.961396036986432,0.919786829270484,0.22606868,jitter,0.5
PnP-DnCNN,185,24.065874150692245,0.9659831520200761,0.2040909,jitter,0.5
PnP-DnCNN,186,23.62902689653334,0.9401862586517472,0.15737872,jitter,0.5
PnP-DnCNN,187,22.457378527613926,0.9291008346644808,0.22004296,jitter,0.5
PnP-DnCNN,188,24.07947443613745,0.9611146472825491,0.15322438,jitter,0.5
PnP-DnCNN,189,26.181094858632974,0.9524575025151091,0.25804046,jitter,0.5
PnP-DnCNN,190,25.2959052166741,0.9614139468955599,0.17694044,jitter,0.5
PnP-DnCNN,191,28.229843072066497,0.96325923865738,0.16619992,jitter,0.5
PnP-DnCNN,192,23.823050195123926,0.9721328178959444,0.18179335,jitter,0.5
PnP-DnCNN,193,20.808658709754518,0.9230476542691554,0.31512788,jitter,0.5
PnP-DnCNN,194,23.226764361822603,0.963340409531081,0.19296567,jitter,0.5
PnP-DnCNN,195,21.05108447075996,0.8735033907130946,0.42493793,jitter,0.5
PnP-DnCNN,196,25.973096643905823,0.9554129033541876,0.1715772,jitter,0.5
PnP-DnCNN,197,23.89248565465992,0.9467320277794333,0.16934249,jitter,0.5
PnP-DnCNN,198,23.362093022758422,0.9454671305196345,0.24163891,jitter,0.5
PnP-DnCNN,199,24.770169957192444,0.9410234768836458,0.13917933,jitter,0.5
FBP,0,15.656094630031287,0.5032906913339119,0.6002153,jitter,1.0
FBP,1,15.226399881630845,0.6065894276482652,0.49211803,jitter,1.0
FBP,2,16.15822060034125,0.3236796705943772,0.7864303,jitter,1.0
FBP,3,16.058415369022256,0.7061301858233763,0.38686812,jitter,1.0
FBP,4,16.099894468363424,0.5816394304271575,0.56061465,jitter,1.0
FBP,5,15.790082676773844,0.34946419680759877,0.66689444,jitter,1.0
FBP,6,15.341283498797685,0.5575967758263424,0.58287364,jitter,1.0
FBP,7,15.660308376939467,0.4782740454879673,0.5529134,jitter,1.0
FBP,8,15.832176317269086,0.6653937558294876,0.4423925,jitter,1.0
FBP,9,15.873924200172238,0.5997675181504686,0.43708065,jitter,1.0
FBP,10,15.604436043305249,0.707426131018779,0.46982083,jitter,1.0
FBP,11,15.292801611284148,0.6556812151117382,0.51519686,jitter,1.0
FBP,12,15.234901020994172,0.5083851722865952,0.56182367,jitter,1.0
FBP,13,15.520465236809516,0.6784493972607845,0.47418088,jitter,1.0
FBP,14,15.954339764272289,0.3803378642592743,0.58378214,jitter,1.0
FBP,15,15.185361472281118,0.609511348423702,0.5921303,jitter,1.0
FBP,16,15.254923596039978,0.5779388185698382,0.55670816,jitter,1.0
FBP,17,16.259144041214768,0.5422288227768871,0.49300566,jitter,1.0
FBP,18,16.30019330384857,0.7330400679157787,0.39298302,jitter,1.0
FBP,19,16.060811780767853,0.48168962390128617,0.6244507,jitter,1.0
FBP,20,15.956235967957008,0.5461069048366226,0.45849994,jitter,1.0
FBP,21,15.601922902436876,0.5333904807886622,0.5441048,jitter,1.0
FBP,22,15.11348216100946,0.5887639364035231,0.5609611,jitter,1.0
FBP,23,15.94738148493972,0.5574396676353245,0.5517708,jitter,1.0
FBP,24,15.736203754207681,0.43305439913117216,0.75382864,jitter,1.0
FBP,25,15.427258953794759,0.8003428564034114,0.34447044,jitter,1.0
FBP,26,15.17192755250056,0.4054749981963344,0.7076852,jitter,1.0
FBP,27,15.692470849697418,0.5665589811180911,0.5374721,jitter,1.0
FBP,28,15.181811743504971,0.6820483432165929,0.4478863,jitter,1.0
FBP,29,16.204843500842877,0.3466850581507594,0.6636388,jitter,1.0
FBP,30,15.782415091473208,0.5565135726803329,0.495554,jitter,1.0
FBP,31,16.62435350913433,0.3262756498994605,0.6948852,jitter,1.0
FBP,32,14.842286562622977,0.5566784402517065,0.53985244,jitter,1.0
FBP,33,15.774495067519963,0.6276464719762583,0.50990844,jitter,1.0
FBP,34,16.09483235456213,0.5915753049997243,0.46240237,jitter,1.0
FBP,35,15.41028961052082,0.7229112683930569,0.48503387,jitter,1.0
FBP,36,15.619564687582155,0.5505276977636948,0.54464465,jitter,1.0
FBP,37,16.2957233508872,0.3465964577774136,0.6255547,jitter,1.0
FBP,38,15.216019917889572,0.5047387173049963,0.63535064,jitter,1.0
FBP,39,16.7134098248075,0.4003373600846452,0.51277953,jitter,1.0
FBP,40,16.254547207026178,0.26659869735648356,0.9398609,jitter,1.0
FBP,41,15.468698466141419,0.46354827761117556,0.6475224,jitter,1.0
FBP,42,15.995945128873073,0.5687548764915185,0.49436098,jitter,1.0
FBP,43,16.009606637698496,0.4695193520691804,0.62881553,jitter,1.0
FBP,44,15.923028582170202,0.46177387959702654,0.5654835,jitter,1.0
FBP,45,15.432735391866043,0.5629020787225971,0.60851526,jitter,1.0
FBP,46,15.865340671905726,0.41389485640022694,0.5539012,jitter,1.0
FBP,47,15.15938638326948,0.4590890731537197,0.7042533,jitter,1.0
FBP,48,15.56108670073275,0.6441122416772712,0.39685258,jitter,1.0
FBP,49,16.220078108172945,0.6213204614929762,0.48211876,jitter,1.0
FBP,50,15.811682696606441,0.5091460482374917,0.5610359,jitter,1.0
FBP,51,15.052286124158247,0.7174466191367068,0.43441617,jitter,1.0
FBP,52,16.05535433639394,0.6275486904942678,0.5088562,jitter,1.0
FBP,53,15.487658877726641,0.565487991480341,0.6736356,jitter,1.0
FBP,54,14.938679371897708,0.6966028938006561,0.47195736,jitter,1.0
FBP,55,15.345354912619042,0.6200221731510396,0.49533856,jitter,1.0
FBP,56,16.013929020286994,0.6533795862428896,0.4549936,jitter,1.0
FBP,57,15.351379471546387,0.2912913917613224,0.8264166,jitter,1.0
FBP,58,15.615548565842566,0.576968949882774,0.49747777,jitter,1.0
FBP,59,15.87738889752429,0.3983757706941827,0.75175494,jitter,1.0
FBP,60,15.802913916800833,0.5227129564674132,0.47576568,jitter,1.0
FBP,61,15.455753553672263,0.6551741027071916,0.45556206,jitter,1.0
FBP,62,15.996336922133219,0.44932590403379047,0.70390373,jitter,1.0
FBP,63,15.31432396768244,0.5453857796944722,0.567204,jitter,1.0
FBP,64,15.74940427848639,0.6687175158201043,0.44419342,jitter,1.0
FBP,65,15.94335758480085,0.3960635937452807,0.69470245,jitter,1.0
FBP,66,14.892883578295354,0.6161626197107513,0.58462787,jitter,1.0
FBP,67,15.236051770158745,0.5612651190614907,0.57753986,jitter,1.0
FBP,68,16.10240964663858,0.644735032762485,0.38881135,jitter,1.0
FBP,69,15.184586929430035,0.7041306225958781,0.49861184,jitter,1.0
FBP,70,15.287003544409883,0.5223246123429464,0.5518636,jitter,1.0
FBP,71,15.313620526667522,0.7773026958772286,0.40004382,jitter,1.0
FBP,72,15.075853491924624,0.6417035841258447,0.52106684,jitter,1.0
FBP,73,15.46849208252235,0.5356999612697921,0.4638799,jitter,1.0
FBP,74,17.309390644150636,0.37206753987741026,0.5363964,jitter,1.0
FBP,75,15.702011673278903,0.5274291449533833,0.525875,jitter,1.0
FBP,76,15.863388937686862,0.5048822740938689,0.59750956,jitter,1.0
FBP,77,15.602057766589365,0.5781072192528446,0.6200425,jitter,1.0
FBP,78,16.439059366378103,0.4582020461062366,0.5121839,jitter,1.0
FBP,79,16.032393629786327,0.6686813690764459,0.3760881,jitter,1.0
FBP,80,16.057328930292073,0.4817826006724355,0.52411175,jitter,1.0
FBP,81,15.828754314763652,0.5859345770359817,0.47866234,jitter,1.0
FBP,82,15.596629620409761,0.6830468104536589,0.42972183,jitter,1.0
FBP,83,15.62291206170823,0.4662223259454414,0.605412,jitter,1.0
FBP,84,15.041923393382856,0.6289392783169319,0.5197572,jitter,1.0
FBP,85,16.17694170370994,0.6802822122983404,0.38478553,jitter,1.0
FBP,86,16.48829374174034,0.5374186705931524,0.4428825,jitter,1.0
FBP,87,15.361727301225187,0.5992523908825814,0.50022763,jitter,1.0
FBP,88,15.807928880602308,0.6115480222582816,0.4741885,jitter,1.0
FBP,89,15.85946702038536,0.3872641298005551,0.5940351,jitter,1.0
FBP,90,15.537588682847442,0.6150142084225683,0.5130244,jitter,1.0
FBP,91,14.847786570738222,0.4902485329119312,0.60242844,jitter,1.0
FBP,92,15.231775805082437,0.4160703071457414,0.7447329,jitter,1.0
FBP,93,15.824194034163783,0.6087726659190428,0.39991462,jitter,1.0
FBP,94,16.137112012015432,0.43497620430766687,0.48029652,jitter,1.0
FBP,95,14.892318493681183,0.6615516472370511,0.42114735,jitter,1.0
FBP,96,16.068156401256715,0.3305728684541118,0.7100062,jitter,1.0
FBP,97,16.29770455976582,0.5947693622106309,0.4182863,jitter,1.0
FBP,98,15.670265651814253,0.5779886485273711,0.5317398,jitter,1.0
FBP,99,15.790199006323087,0.615612809403178,0.44214416,jitter,1.0
FBP,100,15.21824291407517,0.5301986019449257,0.6764532,jitter,1.0
FBP,101,15.227110530455457,0.6685909784632225,0.52294177,jitter,1.0
FBP,102,15.12140568045782,0.6399230012447792,0.5183186,jitter,1.0
FBP,103,15.450795901227313,0.6015406957822277,0.51690745,jitter,1.0
FBP,104,15.613664393521034,0.5844644014086502,0.5525262,jitter,1.0
FBP,105,16.162515348792702,0.5486534017427177,0.5402883,jitter,1.0
FBP,106,14.929382681559133,0.7170066400427488,0.5189073,jitter,1.0
FBP,107,16.22790585206808,0.3806440089071003,0.6406466,jitter,1.0
FBP,108,15.599441639834719,0.4992300805862207,0.5315147,jitter,1.0
FBP,109,15.51597505264751,0.534667381731392,0.5803717,jitter,1.0
FBP,110,15.759719243708826,0.5994450733238664,0.4683033,jitter,1.0
FBP,111,16.688723721289648,0.43459133607988903,0.52124554,jitter,1.0
FBP,112,15.798920457204327,0.46565396320442204,0.5915129,jitter,1.0
FBP,113,16.1223986232158,0.5218777114587133,0.4980062,jitter,1.0
FBP,114,15.754856685273582,0.46613676527761355,0.58615434,jitter,1.0
FBP,115,15.95292269032127,0.46621686133615237,0.5984922,jitter,1.0
FBP,116,15.416540393853143,0.413756413553972,0.6834478,jitter,1.0
FBP,117,16.485143851649447,0.6079118662423715,0.45318177,jitter,1.0
FBP,118,15.689228025754096,0.4783624884450456,0.639685,jitter,1.0
FBP,119,15.285398009793099,0.6420702403726961,0.48350736,jitter,1.0
FBP,120,15.295998007713845,0.7144675701213803,0.4272103,jitter,1.0
FBP,121,16.241381971938413,0.565298367837987,0.53729564,jitter,1.0
FBP,122,16.799666308251084,0.40686283720562705,0.6145394,jitter,1.0
FBP,123,15.903043563666273,0.5972894226267745,0.5045341,jitter,1.0
FBP,124,16.021410173614626,0.531916331031989,0.4806932,jitter,1.0
FBP,125,15.589652676615708,0.4848561800172019,0.59928054,jitter,1.0
FBP,126,15.489603638200492,0.7212702898070031,0.48488867,jitter,1.0
FBP,127,16.042157229753812,0.5970163275767936,0.46920124,jitter,1.0
FBP,128,14.751666594141355,0.6417775706054084,0.44551006,jitter,1.0
FBP,129,15.61016942771924,0.5782305816446,0.5428037,jitter,1.0
FBP,130,15.552375676507253,0.6304035091859025,0.42646354,jitter,1.0
FBP,131,15.430412664214606,0.6773368918089425,0.40456402,jitter,1.0
FBP,132,15.486864971643787,0.7020037945154655,0.41545716,jitter,1.0
FBP,133,15.546222579282002,0.6506136408970031,0.44292217,jitter,1.0
FBP,134,15.285905255231853,0.5856544257969275,0.49363968,jitter,1.0
FBP,135,16.40695901245637,0.3862779518282224,0.53637594,jitter,1.0
FBP,136,15.39782939855254,0.6253285696378547,0.52023417,jitter,1.0
FBP,137,15.825898127203349,0.4130826452820048,0.5347147,jitter,1.0
FBP,138,15.24503060686081,0.5903707120302017,0.5013117,jitter,1.0
FBP,139,15.355188544749742,0.5675650847723255,0.51682717,jitter,1.0
FBP,140,15.179848805896288,0.42264771546726765,0.7119837,jitter,1.0
FBP,141,15.556461366627074,0.4462258853907033,0.6067668,jitter,1.0
FBP,142,15.352883784019378,0.5992817713585364,0.5637886,jitter,1.0
FBP,143,16.74858436331666,0.33167892872018656,0.66504955,jitter,1.0
FBP,144,15.269088621631532,0.5328106825776453,0.531357,jitter,1.0
FBP,145,15.92653340597514,0.3129830672813655,0.739812,jitter,1.0
FBP,146,15.174849916680861,0.5985176149346338,0.4753664,jitter,1.0
FBP,147,15.816423406837892,0.7443556672881919,0.3922919,jitter,1.0
FBP,148,15.820997407762816,0.6311217539665405,0.51377445,jitter,1.0
FBP,149,15.535824904803022,0.4903053317426113,0.6609748,jitter,1.0
FBP,150,15.09229802281295,0.5460898427078695,0.5627179,jitter,1.0
FBP,151,15.023332517034873,0.6738119417099039,0.49807826,jitter,1.0
FBP,152,16.14617141896669,0.5445995404724053,0.5467391,jitter,1.0
FBP,153,15.831721951351408,0.5779254787798402,0.5807521,jitter,1.0
FBP,154,15.816295113423035,0.30036392251521127,0.79695743,jitter,1.0
FBP,155,15.406615512718432,0.6415871961816423,0.4691922,jitter,1.0
FBP,156,16.415140291309235,0.528609831685639,0.5047234,jitter,1.0
FBP,157,15.526779290722406,0.6032976454133716,0.5280314,jitter,1.0
FBP,158,15.636621223307735,0.5811394351726186,0.5256241,jitter,1.0
FBP,159,16.46001672558001,0.4478215188724143,0.61002403,jitter,1.0
FBP,160,15.357469852004437,0.5371364932540951,0.52055234,jitter,1.0
FBP,161,15.013789534346945,0.6187816002551219,0.5437491,jitter,1.0
FBP,162,15.569380678921947,0.6985486911344346,0.42427954,jitter,1.0
FBP,163,15.713872520794334,0.631783540989128,0.447645,jitter,1.0
FBP,164,15.058899707267452,0.5152107668722583,0.5760753,jitter,1.0
FBP,165,15.292236631194347,0.6991613846077283,0.4722774,jitter,1.0
FBP,166,14.943985036264317,0.5373634917960763,0.606051,jitter,1.0
FBP,167,16.00603615879223,0.497678671430083,0.587426,jitter,1.0
FBP,168,16.52183483764106,0.37369485397080887,0.6031179,jitter,1.0
FBP,169,16.47752970968392,0.5254675389515489,0.52857757,jitter,1.0
FBP,170,15.765657033851358,0.4659635493559965,0.62634784,jitter,1.0
FBP,171,15.835178325299452,0.5935829824800237,0.4179518,jitter,1.0
FBP,172,14.931918832162038,0.6954036204342553,0.488051,jitter,1.0
FBP,173,15.591281853218701,0.6044807595542145,0.6071929,jitter,1.0
FBP,174,15.50370704833507,0.5547118687335125,0.5340257,jitter,1.0
FBP,175,16.399358174291066,0.31074528058230527,0.90454704,jitter,1.0
FBP,176,16.48332501767243,0.28539487964041077,0.89092255,jitter,1.0
FBP,177,15.523301968402599,0.5627825514918283,0.5019206,jitter,1.0
FBP,178,16.2871231501908,0.3481879041621953,0.6362564,jitter,1.0
FBP,179,16.11324017671787,0.6240050390032976,0.41432735,jitter,1.0
FBP,180,16.903128748797954,0.3376689494775333,0.6330895,jitter,1.0
FBP,181,15.66148978175525,0.6082168161428403,0.45110372,jitter,1.0
FBP,182,16.143509057881115,0.47787866552887354,0.56596065,jitter,1.0
FBP,183,15.10877458451013,0.7530532083444635,0.428449,jitter,1.0
FBP,184,15.661518525967335,0.5678865458699153,0.5238829,jitter,1.0
FBP,185,15.35042437370146,0.5385001520886918,0.5566678,jitter,1.0
FBP,186,15.273062651337304,0.6704661412796434,0.4118549,jitter,1.0
FBP,187,15.677818836384475,0.6696388157059809,0.48027,jitter,1.0
FBP,188,15.166522759126796,0.7185318522365265,0.42753872,jitter,1.0
FBP,189,15.727143017171464,0.2850394564088937,0.8597762,jitter,1.0
FBP,190,16.338260495956376,0.4339893976637029,0.49626008,jitter,1.0
FBP,191,15.85593486389132,0.3431920847168923,0.6907585,jitter,1.0
FBP,192,15.143912345077908,0.6660742590279708,0.49378154,jitter,1.0
FBP,193,15.73564244109109,0.5238880668193739,0.56511605,jitter,1.0
FBP,194,15.342641239291346,0.6886443859500202,0.47828442,jitter,1.0
FBP,195,15.936711366390723,0.38135655154287673,0.7656745,jitter,1.0
FBP,196,15.968054359944272,0.3864274542339888,0.5428898,jitter,1.0
FBP,197,15.714572819913567,0.5527437676496786,0.43417177,jitter,1.0
FBP,198,15.677160418942115,0.4783442751789506,0.5853471,jitter,1.0
FBP,199,15.920643885412407,0.6601790927921413,0.38552365,jitter,1.0
Tikhonov,0,17.222377145682735,0.49750637831762895,0.5011791,jitter,1.0
Tikhonov,1,16.285471654612106,0.5996519167054144,0.43562794,jitter,1.0
Tikhonov,2,19.045310170552817,0.3403309673977215,0.56403464,jitter,1.0
Tikhonov,3,16.4494950146378,0.6930668207447329,0.36983582,jitter,1.0
Tikhonov,4,17.505321451038892,0.5904881908363001,0.47686246,jitter,1.0
Tikhonov,5,18.30175907528166,0.3597440057475512,0.49942848,jitter,1.0
Tikhonov,6,16.580077047447478,0.5564438443248976,0.5053994,jitter,1.0
Tikhonov,7,17.378680341334032,0.4886569710614829,0.45366842,jitter,1.0
Tikhonov,8,17.056837551796985,0.6692427592441028,0.38421535,jitter,1.0
Tikhonov,9,16.647896163518954,0.594369512851579,0.3998186,jitter,1.0
Tikhonov,10,16.11146046239313,0.6902951533511216,0.4431809,jitter,1.0
Tikhonov,11,15.959091578999669,0.626473718768511,0.4771542,jitter,1.0
Tikhonov,12,16.6848647225068,0.5110301436709186,0.47544667,jitter,1.0
Tikhonov,13,16.1214926945621,0.666904417305443,0.442479,jitter,1.0
Tikhonov,14,18.277138643741875,0.38600852472966435,0.4467976,jitter,1.0
Tikhonov,15,16.436035075079374,0.6154873104992589,0.512724,jitter,1.0
Tikhonov,16,16.753192637004787,0.5835017434716772,0.46850488,jitter,1.0
Tikhonov,17,17.11903949508445,0.5386569966768465,0.44653666,jitter,1.0
Tikhonov,18,16.475694584108698,0.7068250991465631,0.38512233,jitter,1.0
Tikhonov,19,17.74892704589446,0.4885677631464806,0.514153,jitter,1.0
Tikhonov,20,17.396818373858885,0.5602828198582057,0.38842767,jitter,1.0
Tikhonov,21,17.210238029801648,0.5367033234879197,0.4521336,jitter,1.0
Tikhonov,22,16.48349678374491,0.5938866443877697,0.47910646,jitter,1.0
Tikhonov,23,16.880210347380803,0.5474421991418262,0.49558404,jitter,1.0
Tikhonov,24,17.676917727688153,0.44487561482343485,0.6028884,jitter,1.0
Tikhonov,25,16.037577990240145,0.7941536011231086,0.32109678,jitter,1.0
Tikhonov,26,16.80795740599536,0.4004834043631746,0.5861902,jitter,1.0
Tikhonov,27,17.11467785185437,0.5684708585644676,0.45629483,jitter,1.0
Tikhonov,28,16.220476545598004,0.6807665347640234,0.39740607,jitter,1.0
Tikhonov,29,18.713347293197312,0.3544937034273686,0.49717185,jitter,1.0
Tikhonov,30,17.237737059608712,0.5730556405723299,0.419107,jitter,1.0
Tikhonov,31,19.027204862096433,0.33595365378717035,0.5269514,jitter,1.0
Tikhonov,32,16.27496308983404,0.5721372586654784,0.45776358,jitter,1.0
Tikhonov,33,16.858096566805152,0.6290798703668454,0.45010322,jitter,1.0
Tikhonov,34,16.8831353285876,0.5877699399088444,0.4222843,jitter,1.0
Tikhonov,35,16.199883173964743,0.7202650688498181,0.44288644,jitter,1.0
Tikhonov,36,16.77740391704224,0.5533943360523236,0.47667384,jitter,1.0
Tikhonov,37,18.404044852891023,0.3451646503827377,0.49073738,jitter,1.0
Tikhonov,38,16.3149115845208,0.49414948311135026,0.55984634,jitter,1.0
Tikhonov,39,18.415672194032915,0.4061605703145312,0.42151934,jitter,1.0
Tikhonov,40,19.061003860752827,0.2651578834220721,0.68036306,jitter,1.0
Tikhonov,41,17.174784614548614,0.4732497334420154,0.53204757,jitter,1.0
Tikhonov,42,17.347117199190773,0.5730578299522331,0.4231415,jitter,1.0
Tikhonov,43,17.58286314119404,0.4685854966593964,0.52463883,jitter,1.0
Tikhonov,44,17.6926727775139,0.4727643591785719,0.46125144,jitter,1.0
Tikhonov,45,16.70866834206738,0.5472945787297843,0.5253816,jitter,1.0
Tikhonov,46,18.13641565728696,0.43365813247822915,0.4264602,jitter,1.0
Tikhonov,47,16.539195579814105,0.45777708164143016,0.60081184,jitter,1.0
Tikhonov,48,16.708099403880713,0.658651145805522,0.34775916,jitter,1.0
Tikhonov,49,17.209765139963732,0.6220843067240213,0.43019927,jitter,1.0
Tikhonov,50,17.31816069629257,0.5193312576123367,0.47170094,jitter,1.0
Tikhonov,51,15.81134004496612,0.7061191747510567,0.39806437,jitter,1.0
Tikhonov,52,16.910235464210178,0.6136415418230713,0.46115935,jitter,1.0
Tikhonov,53,16.719232038974315,0.5592503332911052,0.5845833,jitter,1.0
Tikhonov,54,15.61791696385643,0.6794471368150331,0.4364564,jitter,1.0
Tikhonov,55,16.206723239192705,0.6019185905403472,0.44857362,jitter,1.0
Tikhonov,56,17.54853960442004,0.668807486756724,0.381307,jitter,1.0
Tikhonov,57,17.966691633393292,0.2994365204791423,0.61155206,jitter,1.0
Tikhonov,58,17.154485693665638,0.5891943603522175,0.41670316,jitter,1.0
Tikhonov,59,18.007001035337503,0.40792793736356303,0.5882957,jitter,1.0
Tikhonov,60,17.08697385934511,0.5265129950996258,0.41038373,jitter,1.0
Tikhonov,61,16.323618375242866,0.6457497907455141,0.41224393,jitter,1.0
Tikhonov,62,17.931035922356088,0.44329013614164864,0.56335,jitter,1.0
Tikhonov,63,16.97694825238581,0.5498338397351779,0.4683905,jitter,1.0
Tikhonov,64,16.52438560258298,0.6600265461597438,0.40627778,jitter,1.0
Tikhonov,65,18.145856219572973,0.3988681677906882,0.53910565,jitter,1.0
Tikhonov,66,16.147904352906707,0.6102327328802603,0.5059743,jitter,1.0
Tikhonov,67,17.001866882111074,0.5730705203797306,0.47129324,jitter,1.0
Tikhonov,68,16.93702191199967,0.6405262951041603,0.35318995,jitter,1.0
Tikhonov,69,16.1234688184558,0.7025580373983532,0.44752622,jitter,1.0
Tikhonov,70,16.937085057614503,0.5347784191263216,0.45638114,jitter,1.0
Tikhonov,71,16.209354219771402,0.7807611768193589,0.36084518,jitter,1.0
Tikhonov,72,16.079249674662123,0.6418320839692577,0.46421978,jitter,1.0
Tikhonov,73,16.815725664105756,0.5438573704055926,0.39723164,jitter,1.0
Tikhonov,74,19.17246650622108,0.38061735742294406,0.43284464,jitter,1.0
Tikhonov,75,16.857720554776954,0.5276687104403607,0.46035945,jitter,1.0
Tikhonov,76,16.906067833219605,0.4999473265392421,0.52992076,jitter,1.0
Tikhonov,77,17.156570804772407,0.578530861915297,0.5184368,jitter,1.0
Tikhonov,78,17.706253510002355,0.45484661722934827,0.44265592,jitter,1.0
Tikhonov,79,16.936284740643206,0.6714337295046834,0.33891833,jitter,1.0
Tikhonov,80,17.39297791288577,0.48466266251158563,0.44940868,jitter,1.0
Tikhonov,81,16.7423338614234,0.5748021999743963,0.430874,jitter,1.0
Tikhonov,82,16.28846764852685,0.6791407869426892,0.39682183,jitter,1.0
Tikhonov,83,17.53607600901439,0.4805635098713808,0.4857276,jitter,1.0
Tikhonov,84,15.845315501715332,0.6134092872962356,0.4738391,jitter,1.0
Tikhonov,85,16.90480398672251,0.6802321737593671,0.35385525,jitter,1.0
Tikhonov,86,17.769422474225152,0.543795092353426,0.38214844,jitter,1.0
Tikhonov,87,16.68435967468896,0.6080445319915398,0.4295721,jitter,1.0
Tikhonov,88,16.697590752058797,0.6089764719762578,0.42802384,jitter,1.0
Tikhonov,89,17.915440121851482,0.3955374414619339,0.46882787,jitter,1.0
Tikhonov,90,16.726893168663437,0.6164636805255258,0.44737604,jitter,1.0
Tikhonov,91,16.617650804080498,0.49942964002440016,0.49137405,jitter,1.0
Tikhonov,92,16.974614621886765,0.41376187054205626,0.60933846,jitter,1.0
Tikhonov,93,17.255459255891058,0.6240921952770849,0.33915955,jitter,1.0
Tikhonov,94,17.71366173926668,0.43984914668869374,0.40057325,jitter,1.0
Tikhonov,95,16.40500238304368,0.6772595834538286,0.35383427,jitter,1.0
Tikhonov,96,18.63719870961689,0.3528675018407574,0.52821416,jitter,1.0
Tikhonov,97,17.244652615622396,0.5883820977854285,0.37508202,jitter,1.0
Tikhonov,98,16.628728413405977,0.5697804777863751,0.47618535,jitter,1.0
Tikhonov,99,16.5806228134274,0.6137371160275656,0.4036851,jitter,1.0
Tikhonov,100,16.39455703256256,0.5030407660067359,0.5907749,jitter,1.0
Tikhonov,101,16.306397179156374,0.6605784124379673,0.46183732,jitter,1.0
Tikhonov,102,16.091564344740632,0.6376970952108776,0.4635417,jitter,1.0
Tikhonov,103,17.29291722998921,0.6177146861515843,0.41812557,jitter,1.0
Tikhonov,104,16.86820487412527,0.5835507808362369,0.4782179,jitter,1.0
Tikhonov,105,17.16632258142259,0.5434957112965928,0.48132145,jitter,1.0
Tikhonov,106,15.94228589698838,0.7094943070334906,0.46179006,jitter,1.0
Tikhonov,107,18.815634407970425,0.40413315794603855,0.47558928,jitter,1.0
Tikhonov,108,17.565564829301838,0.5123300643326053,0.423847,jitter,1.0
Tikhonov,109,16.402564995818114,0.5158988144390635,0.52405477,jitter,1.0
Tikhonov,110,16.645189843799088,0.5882386585763917,0.42291558,jitter,1.0
Tikhonov,111,18.280454337108903,0.43636004021872327,0.4339661,jitter,1.0
Tikhonov,112,17.31419553988052,0.46923099767487914,0.4968216,jitter,1.0
Tikhonov,113,17.418846785262836,0.5199970599345205,0.42895564,jitter,1.0
Tikhonov,114,17.524675957338385,0.4759028734849027,0.4781025,jitter,1.0
Tikhonov,115,17.56638344342485,0.4623650276272419,0.4970333,jitter,1.0
Tikhonov,116,17.5920533001389,0.4264989168045721,0.53202206,jitter,1.0
Tikhonov,117,17.311535006234294,0.6030593772648741,0.4120528,jitter,1.0
Tikhonov,118,17.512775200595208,0.4840045879467021,0.5185478,jitter,1.0
Tikhonov,119,16.337189824593334,0.6426043769725683,0.42836455,jitter,1.0
Tikhonov,120,16.375400798264128,0.7270734124054001,0.37728676,jitter,1.0
Tikhonov,121,17.591176532237252,0.5576200557782215,0.45996377,jitter,1.0
Tikhonov,122,18.766370900772905,0.4181527433972729,0.4900208,jitter,1.0
Tikhonov,123,16.650844605498854,0.5824018105319009,0.4629142,jitter,1.0
Tikhonov,124,16.919136417140137,0.5235426430099774,0.43349254,jitter,1.0
Tikhonov,125,17.158698669821394,0.484126916036639,0.5002393,jitter,1.0
Tikhonov,126,16.190485312021767,0.7017126772884656,0.44729903,jitter,1.0
Tikhonov,127,16.837711379213584,0.5964587178525769,0.42813572,jitter,1.0
Tikhonov,128,15.878552971056996,0.6410363036196309,0.391303,jitter,1.0
Tikhonov,129,16.758202233100704,0.5751773781674213,0.47559926,jitter,1.0
Tikhonov,130,16.766305029258458,0.6392452967712032,0.37083906,jitter,1.0
Tikhonov,131,16.388920845020422,0.6747086053586195,0.36229458,jitter,1.0
Tikhonov,132,16.098423067227554,0.6986396069723096,0.3872116,jitter,1.0
Tikhonov,133,16.855682683835013,0.6623492645934871,0.38093805,jitter,1.0
Tikhonov,134,16.1704820466201,0.570263093227736,0.44584227,jitter,1.0
Tikhonov,135,18.315709514094735,0.38905812752137753,0.43055815,jitter,1.0
Tikhonov,136,16.56733851901016,0.6176785906757063,0.45469838,jitter,1.0
Tikhonov,137,17.50925225726543,0.4225521523427037,0.44050866,jitter,1.0
Tikhonov,138,16.13361698942449,0.5776586182286082,0.4525625,jitter,1.0
Tikhonov,139,16.46704340269224,0.5694196064267856,0.454729,jitter,1.0
Tikhonov,140,16.899320963309165,0.4244745187430108,0.58411235,jitter,1.0
Tikhonov,141,17.09775822545947,0.448715255367483,0.5081091,jitter,1.0
Tikhonov,142,16.287863874523335,0.5984452641020676,0.5062526,jitter,1.0
Tikhonov,143,18.972242182634616,0.34100547770311485,0.5148386,jitter,1.0
Tikhonov,144,16.55099291818376,0.5445081874646904,0.45844913,jitter,1.0
Tikhonov,145,18.499031859710936,0.32350037733794285,0.55016947,jitter,1.0
Tikhonov,146,16.316623408005697,0.5957467818626949,0.41681162,jitter,1.0
Tikhonov,147,16.21930938294151,0.7268928525332469,0.3745114,jitter,1.0
Tikhonov,148,16.837638708125006,0.6189364802582028,0.45702544,jitter,1.0
Tikhonov,149,16.98535902292698,0.4969350379046961,0.5593816,jitter,1.0
Tikhonov,150,16.888033660962428,0.563179159002265,0.45761886,jitter,1.0
Tikhonov,151,15.724141025543926,0.6563788553616148,0.45947,jitter,1.0
Tikhonov,152,16.97981545967673,0.5236672382026791,0.4967043,jitter,1.0
Tikhonov,153,17.001152576815425,0.5664145034042279,0.5075972,jitter,1.0
Tikhonov,154,18.579978284751903,0.3053804288576415,0.5797636,jitter,1.0
Tikhonov,155,16.797004250842342,0.6574335757374555,0.39978945,jitter,1.0
Tikhonov,156,17.363399086088176,0.5217348385673432,0.45252287,jitter,1.0
Tikhonov,157,16.52945473513682,0.5894053466271701,0.4704635,jitter,1.0
Tikhonov,158,17.304028651097987,0.5919930381553193,0.4338153,jitter,1.0
Tikhonov,159,17.869381295626173,0.44400516742732654,0.5186552,jitter,1.0
Tikhonov,160,16.793942439594897,0.5446120693669693,0.44120538,jitter,1.0
Tikhonov,161,16.21107381851097,0.6127159014071938,0.47373372,jitter,1.0
Tikhonov,162,16.254044390913034,0.6897957731271163,0.39211994,jitter,1.0
Tikhonov,163,16.943167772200024,0.64491159527145,0.38856977,jitter,1.0
Tikhonov,164,16.544745528725347,0.5198266568544613,0.4854975,jitter,1.0
Tikhonov,165,16.479769047930045,0.6959363620878344,0.41192725,jitter,1.0
Tikhonov,166,16.354059175119843,0.5442907571203791,0.5152351,jitter,1.0
Tikhonov,167,17.40666991043948,0.500524345030123,0.49994415,jitter,1.0
Tikhonov,168,18.995909292959833,0.380481775053671,0.45362654,jitter,1.0
Tikhonov,169,18.09848613109527,0.5346159610018415,0.4385922,jitter,1.0
Tikhonov,170,17.801756242333894,0.47780610105368665,0.4954623,jitter,1.0
Tikhonov,171,17.15570736950571,0.6088420761439349,0.35900438,jitter,1.0
Tikhonov,172,15.532005999269705,0.6812851288642596,0.45547113,jitter,1.0
Tikhonov,173,16.46079466282579,0.5882478941709173,0.54935247,jitter,1.0
Tikhonov,174,16.966482761328177,0.5593184556825036,0.4512564,jitter,1.0
Tikhonov,175,19.20811186546262,0.33441297957252264,0.6546263,jitter,1.0
Tikhonov,176,19.921831117267036,0.3050446587394392,0.5996732,jitter,1.0
Tikhonov,177,16.57007695117349,0.5499605011288269,0.44493467,jitter,1.0
Tikhonov,178,18.55765808428916,0.3504885499255466,0.48989767,jitter,1.0
Tikhonov,179,16.391313601242985,0.602903612710878,0.401273,jitter,1.0
Tikhonov,180,18.9960019040525,0.3416770516624405,0.49753252,jitter,1.0
Tikhonov,181,16.485980711146258,0.5992098563189102,0.41025308,jitter,1.0
Tikhonov,182,17.840933135485578,0.48835112461445024,0.46549502,jitter,1.0
Tikhonov,183,15.378182127660525,0.7320016606673329,0.4153639,jitter,1.0
Tikhonov,184,17.187048692263417,0.5726726368644028,0.43949887,jitter,1.0
Tikhonov,185,16.5741975104926,0.5346801247301488,0.48351222,jitter,1.0
Tikhonov,186,16.326098724558943,0.6733228475955115,0.36483157,jitter,1.0
Tikhonov,187,16.27515715561492,0.6554640184939754,0.4483514,jitter,1.0
Tikhonov,188,16.067755722641543,0.7179153068645372,0.38540184,jitter,1.0
Tikhonov,189,18.564764711931495,0.2961897499472565,0.6201608,jitter,1.0
Tikhonov,190,18.172203425618815,0.44905323816091974,0.4018021,jitter,1.0
Tikhonov,191,18.436753890551454,0.36404688013279773,0.5131984,jitter,1.0
Tikhonov,192,16.123707828591872,0.6536625855785606,0.4411082,jitter,1.0
Tikhonov,193,16.83522448715475,0.5122421033981579,0.4979188,jitter,1.0
Tikhonov,194,15.968102413422844,0.6725023945197963,0.44505447,jitter,1.0
Tikhonov,195,17.611088879657995,0.3816902871656882,0.6314301,jitter,1.0
Tikhonov,196,17.911590184763003,0.3936154184011985,0.43404514,jitter,1.0
Tikhonov,197,16.71270938061215,0.5555312285605772,0.387039,jitter,1.0
Tikhonov,198,17.115063706791847,0.4816923238277389,0.49604186,jitter,1.0
Tikhonov,199,16.947354666377002,0.670731466678202,0.34254333,jitter,1.0
TV,0,19.628580344667476,0.593951039830673,0.37991178,jitter,1.0
TV,1,19.814713306426313,0.7060160296675673,0.29017076,jitter,1.0
TV,2,20.144749936244544,0.41206618430947284,0.49697414,jitter,1.0
TV,3,19.660725385097383,0.8008780161886715,0.25553328,jitter,1.0
TV,4,19.818944032967593,0.6987066235872417,0.36535242,jitter,1.0
TV,5,20.675581636643376,0.44987042048130155,0.37999877,jitter,1.0
TV,6,18.820460888377745,0.6700199391839118,0.39049506,jitter,1.0
TV,7,20.042084054961556,0.5955835367506754,0.33386308,jitter,1.0
TV,8,20.278704843099824,0.7705648995754079,0.2651437,jitter,1.0
TV,9,19.476600179557913,0.709058489171357,0.28868735,jitter,1.0
TV,10,18.976195406319224,0.8056128901643063,0.3186723,jitter,1.0
TV,11,17.98425456848706,0.7332368499891878,0.37792063,jitter,1.0
TV,12,18.834441636200893,0.6107175568544906,0.3712128,jitter,1.0
TV,13,18.499790141840645,0.7763713323078234,0.33649436,jitter,1.0
TV,14,21.678149323599833,0.4720683827306421,0.3020371,jitter,1.0
TV,15,18.682707898758895,0.7448585634952034,0.3958676,jitter,1.0
TV,16,18.81677806656603,0.6987583232136282,0.36943227,jitter,1.0
TV,17,20.460377760033737,0.6593733256377765,0.30394164,jitter,1.0
TV,18,19.18751927666773,0.8102737576950896,0.28184316,jitter,1.0
TV,19,20.15959365990164,0.6239534793931545,0.38954625,jitter,1.0
TV,20,20.078522918473034,0.6632484364080866,0.28524953,jitter,1.0
TV,21,19.936623462318238,0.6388382784616248,0.33032963,jitter,1.0
TV,22,18.341736122821594,0.729924815806006,0.3868299,jitter,1.0
TV,23,18.953975222856748,0.6593296835516494,0.3903274,jitter,1.0
TV,24,18.983077811133885,0.5482078175554014,0.51871514,jitter,1.0
TV,25,18.95860454282052,0.8829958341257601,0.22939537,jitter,1.0
TV,26,18.417393047024802,0.4918555097040155,0.48704243,jitter,1.0
TV,27,19.44584477102251,0.6938768338839223,0.34888896,jitter,1.0
TV,28,18.652430173813492,0.7848506181679804,0.30035633,jitter,1.0
TV,29,21.85496667078668,0.44612954996914933,0.34627858,jitter,1.0
TV,30,20.238305315990477,0.6790242321940316,0.2966856,jitter,1.0
TV,31,21.763418490587515,0.43787316624017447,0.3845562,jitter,1.0
TV,32,18.688912098396802,0.692148200648044,0.346692,jitter,1.0
TV,33,19.165212435849305,0.7462005273819986,0.34510905,jitter,1.0
TV,34,20.471888549578047,0.6956477230049146,0.27936196,jitter,1.0
TV,35,18.80881302316731,0.8369364569941151,0.32797888,jitter,1.0
TV,36,19.31125229643352,0.6645795888708104,0.35606465,jitter,1.0
TV,37,21.982983318341045,0.44476985543666114,0.3250141,jitter,1.0
TV,38,17.890039285215536,0.6069854141303438,0.46699527,jitter,1.0
TV,39,21.583672336947043,0.525830317182805,0.29269648,jitter,1.0
TV,40,21.407221806857724,0.40288082977144957,0.51931375,jitter,1.0
TV,41,18.74841889361185,0.565610974779822,0.4438832,jitter,1.0
TV,42,20.239054988055024,0.6827237806773614,0.30331138,jitter,1.0
TV,43,19.78506870630595,0.5600362552338557,0.407146,jitter,1.0
TV,44,20.856399611554718,0.5839167569907313,0.32044345,jitter,1.0
TV,45,18.4037678181374,0.650685540296778,0.43223494,jitter,1.0
TV,46,21.30959866528796,0.5494469559716815,0.2959507,jitter,1.0
TV,47,17.67737592177332,0.5643730388765709,0.52702284,jitter,1.0
TV,48,19.86617484715349,0.7541134802784294,0.24175465,jitter,1.0
TV,49,19.599034641439943,0.7372674379595902,0.32674292,jitter,1.0
TV,50,19.389872847016594,0.6232004397825823,0.37160465,jitter,1.0
TV,51,18.600693821676447,0.8253640343390851,0.28872582,jitter,1.0
TV,52,19.3547947528205,0.7306848192998315,0.3480351,jitter,1.0
TV,53,18.173494927509235,0.6833370287550521,0.49446243,jitter,1.0
TV,54,17.837613045847792,0.7888423336327292,0.3380306,jitter,1.0
TV,55,19.43410720490139,0.71584969192497,0.30936027,jitter,1.0
TV,56,21.49585581615234,0.7904210492856955,0.24205215,jitter,1.0
TV,57,19.704311746541368,0.39036706238234614,0.50067097,jitter,1.0
TV,58,19.431366519492617,0.6995795156541165,0.32061422,jitter,1.0
TV,59,19.282652068571487,0.5025201682929789,0.5079408,jitter,1.0
TV,60,19.850714770608533,0.6562126974990974,0.29854038,jitter,1.0
TV,61,19.012660841980026,0.7511282796732897,0.30248383,jitter,1.0
TV,62,20.079102158661396,0.5455673000282677,0.43992135,jitter,1.0
TV,63,19.685493721592714,0.6498413365151472,0.34291053,jitter,1.0
TV,64,19.518615291917907,0.7667306123454363,0.28781375,jitter,1.0
TV,65,19.933044163269034,0.5184677635533119,0.43884835,jitter,1.0
TV,66,17.92945968713604,0.7116557718870377,0.41214564,jitter,1.0
TV,67,19.078930758607044,0.6831366220442963,0.37105474,jitter,1.0
TV,68,20.351319434297285,0.7621489631373836,0.23839298,jitter,1.0
TV,69,18.621858291419752,0.8053402381945278,0.33565956,jitter,1.0
TV,70,19.781166269667242,0.655940779765023,0.32894528,jitter,1.0
TV,71,19.504129816688582,0.8851222783377133,0.24693467,jitter,1.0
TV,72,18.396231887739855,0.753239131895325,0.35552856,jitter,1.0
TV,73,19.554677371264972,0.6581258167236589,0.2897986,jitter,1.0
TV,74,23.05452869231599,0.5291566343570113,0.27684006,jitter,1.0
TV,75,19.17388019406745,0.6360554261713227,0.35260552,jitter,1.0
TV,76,18.788833150150346,0.6542314897803205,0.42665088,jitter,1.0
TV,77,19.448192709262717,0.6925948323063313,0.39821237,jitter,1.0
TV,78,20.880929767406723,0.5793496351448573,0.30713722,jitter,1.0
TV,79,19.448727467298557,0.774659465586147,0.25378907,jitter,1.0
TV,80,20.448910347578902,0.5964030675101286,0.3161148,jitter,1.0
TV,81,20.039193755055823,0.692019022153575,0.2947863,jitter,1.0
TV,82,19.378518544492625,0.7889063169030965,0.27803087,jitter,1.0
TV,83,19.86430285291017,0.5855323712712862,0.3715194,jitter,1.0
TV,84,17.754824877673443,0.7333008227201202,0.3803255,jitter,1.0
TV,85,20.191672806344904,0.7798899868002915,0.24237186,jitter,1.0
TV,86,20.625418684457443,0.6619509234649229,0.27506307,jitter,1.0
TV,87,18.788090795284745,0.7106605948820665,0.33717048,jitter,1.0
TV,88,19.075727755307362,0.7332061777340656,0.32550758,jitter,1.0
TV,89,20.93004847328762,0.525069588329162,0.331347,jitter,1.0
TV,90,19.092518383560613,0.7265749668684685,0.34071517,jitter,1.0
TV,91,18.557409056617622,0.5877064304649522,0.39302874,jitter,1.0
TV,92,18.08989376871549,0.49584393281574274,0.5359134,jitter,1.0
TV,93,20.21410338160402,0.7185205114689802,0.24125251,jitter,1.0
TV,94,20.67109247701122,0.5529955544108275,0.28497738,jitter,1.0
TV,95,19.334646205118723,0.7866050405706826,0.25253272,jitter,1.0
TV,96,20.971304214385707,0.45803115694987595,0.40374273,jitter,1.0
TV,97,20.971633983534872,0.6981890759958062,0.24421771,jitter,1.0
TV,98,19.00341147852298,0.713373518549868,0.36227795,jitter,1.0
TV,99,18.709224334647534,0.7198334268201912,0.31594583,jitter,1.0
TV,100,17.721465924323333,0.6134837726410094,0.50708014,jitter,1.0
TV,101,18.415888342009048,0.7649685688002212,0.36225504,jitter,1.0
TV,102,18.279010312493224,0.7695381371174508,0.3603434,jitter,1.0
TV,103,20.202390688793628,0.7167419730353723,0.29911146,jitter,1.0
TV,104,19.43630179812181,0.7141358983810714,0.35581234,jitter,1.0
TV,105,19.537405755265343,0.6772039384900569,0.36633724,jitter,1.0
TV,106,18.22104489849203,0.8264219965169991,0.35522756,jitter,1.0
TV,107,21.17319395601193,0.5412474234322902,0.36253843,jitter,1.0
TV,108,20.37593771696152,0.625117561602407,0.30668354,jitter,1.0
TV,109,18.500053892993666,0.6303407894341614,0.41162547,jitter,1.0
TV,110,19.060212628718553,0.6931372615576082,0.3202599,jitter,1.0
TV,111,21.894934601233587,0.5324989040844019,0.286241,jitter,1.0
TV,112,19.809259185502818,0.591293647155081,0.37277547,jitter,1.0
TV,113,20.12601652221813,0.6470509556974554,0.31408986,jitter,1.0
TV,114,19.753284772297107,0.5857993626634183,0.36990532,jitter,1.0
TV,115,19.703623801283804,0.5659993260315704,0.3886185,jitter,1.0
TV,116,19.279365696845602,0.5409661181977505,0.4380907,jitter,1.0
TV,117,20.215566538744948,0.7285878554309818,0.29495198,jitter,1.0
TV,118,18.84812949578613,0.5642412614071557,0.44465286,jitter,1.0
TV,119,18.75768445045384,0.7386228405669175,0.3241819,jitter,1.0
TV,120,19.289246940771662,0.8243041160220111,0.26976106,jitter,1.0
TV,121,20.336576288882185,0.6778167682913447,0.3353155,jitter,1.0
TV,122,21.970362867128195,0.5436017323777942,0.3388558,jitter,1.0
TV,123,19.27531196817494,0.7379515461723728,0.34219775,jitter,1.0
TV,124,19.39741767304264,0.6165637420673185,0.3258874,jitter,1.0
TV,125,19.411838558783096,0.6177252417147421,0.38594097,jitter,1.0
TV,126,18.86564996536834,0.8140347006034168,0.3287303,jitter,1.0
TV,127,19.827150855656505,0.724309039798619,0.3034656,jitter,1.0
TV,128,17.87513613639887,0.735108617310266,0.31094533,jitter,1.0
TV,129,19.172389269921627,0.6781348431663787,0.36019012,jitter,1.0
TV,130,18.830100879815802,0.7281289601723533,0.29241234,jitter,1.0
TV,131,19.59749991970798,0.790249114857086,0.25039917,jitter,1.0
TV,132,19.525462941245664,0.8264861154833747,0.26097348,jitter,1.0
TV,133,20.123850985946174,0.7693243591068697,0.26148453,jitter,1.0
TV,134,18.962341176608092,0.6900001123522539,0.32328704,jitter,1.0
TV,135,21.61492569317664,0.4637655452276726,0.29449028,jitter,1.0
TV,136,19.5838456892517,0.7335767294660265,0.32129058,jitter,1.0
TV,137,20.00317729226449,0.5030800525713828,0.33056602,jitter,1.0
TV,138,17.920146417857566,0.6774211240280997,0.36842754,jitter,1.0
TV,139,18.5220752800957,0.6731544269688047,0.35892278,jitter,1.0
TV,140,18.414739914194417,0.5175326810380029,0.49059764,jitter,1.0
TV,141,19.47378112020718,0.5509903818616174,0.3865056,jitter,1.0
TV,142,18.597760708525406,0.7497947847120433,0.3880364,jitter,1.0
TV,143,21.76098308229351,0.4643554598793449,0.37345135,jitter,1.0
TV,144,18.656295701380895,0.6418017346952168,0.3597709,jitter,1.0
TV,145,20.43491982409852,0.4131803803096818,0.44025275,jitter,1.0
TV,146,18.413734893826803,0.7328468388252437,0.3274042,jitter,1.0
TV,147,19.276182776943816,0.8352214952984687,0.2634034,jitter,1.0
TV,148,19.621432255863734,0.7228618875422038,0.33170402,jitter,1.0
TV,149,18.154314983940914,0.6396472506852405,0.4889454,jitter,1.0
TV,150,18.915791776035363,0.6661552558840668,0.3623398,jitter,1.0
TV,151,17.772649987686385,0.7586630391455371,0.3629374,jitter,1.0
TV,152,19.492402385167544,0.6255314248139693,0.37193632,jitter,1.0
TV,153,19.26477415852142,0.6803098958532118,0.39114532,jitter,1.0
TV,154,20.27368357735734,0.38061124577296684,0.477052,jitter,1.0
TV,155,19.27828916945376,0.7685829471269515,0.30044645,jitter,1.0
TV,156,20.01267291845668,0.641991220086559,0.3335622,jitter,1.0
TV,157,19.19838240312383,0.7033377537948333,0.3460028,jitter,1.0
TV,158,19.944330753058384,0.6925540227608463,0.32010302,jitter,1.0
TV,159,19.874751358678157,0.5499145427462837,0.41172785,jitter,1.0
TV,160,19.593701030856025,0.6654067450272273,0.3196339,jitter,1.0
TV,161,18.313802192640452,0.7557663133027309,0.3718758,jitter,1.0
TV,162,19.25054554803077,0.7881133170030657,0.27771148,jitter,1.0
TV,163,19.64930440415887,0.7506428953088927,0.28455234,jitter,1.0
TV,164,18.066929210941016,0.5980545191733121,0.40745324,jitter,1.0
TV,165,19.082269613510864,0.7923054984825556,0.30527797,jitter,1.0
TV,166,17.979492396731153,0.6487562419329038,0.4273009,jitter,1.0
TV,167,20.039521252947956,0.6194953564458242,0.36921462,jitter,1.0
TV,168,21.876521864508703,0.45956372287680497,0.3255876,jitter,1.0
TV,169,20.579335722796866,0.6616149645852895,0.32962367,jitter,1.0
TV,170,20.11631435498505,0.5754761570652809,0.379562,jitter,1.0
TV,171,19.98267667433436,0.7016208561227276,0.25926942,jitter,1.0
TV,172,17.92839391896212,0.7921531044191119,0.34565392,jitter,1.0
TV,173,17.827553435752716,0.6929618181499136,0.4693676,jitter,1.0
TV,174,19.197641680884946,0.6743453292386349,0.34903213,jitter,1.0
TV,175,20.776609617387525,0.4757260222407443,0.5464728,jitter,1.0
TV,176,22.334033675248513,0.4105529871178514,0.45426005,jitter,1.0
TV,177,19.64794037279376,0.6740007676041785,0.31217858,jitter,1.0
TV,178,21.496869339944773,0.4853319033811038,0.34925678,jitter,1.0
TV,179,18.8183066317034,0.7084308732531903,0.30345222,jitter,1.0
TV,180,22.04945752458313,0.4329828351797644,0.350065,jitter,1.0
TV,181,18.95835325018942,0.6940127382206939,0.3086265,jitter,1.0
TV,182,20.743740381978235,0.5884671514230387,0.33325347,jitter,1.0
TV,183,18.52446952730997,0.8571764342467616,0.28914413,jitter,1.0
TV,184,19.372621517607996,0.6773341559470162,0.34172687,jitter,1.0
TV,185,18.86023512227778,0.6571288507692478,0.37162554,jitter,1.0
TV,186,19.226068696888557,0.7637279867165729,0.2612726,jitter,1.0
TV,187,19.05272370661652,0.7733214299756387,0.32564184,jitter,1.0
TV,188,18.9494969249993,0.8179738144842477,0.2765838,jitter,1.0
TV,189,21.297437176100303,0.4266642066577934,0.45276275,jitter,1.0
TV,190,20.866273599105302,0.5631273584791521,0.29465154,jitter,1.0
TV,191,20.95932350098353,0.48053485593130263,0.38384584,jitter,1.0
TV,192,18.281582682318152,0.7586392119903529,0.3440736,jitter,1.0
TV,193,18.361990327894787,0.6281918158287121,0.4176575,jitter,1.0
TV,194,18.786476059133992,0.8005273061850655,0.32173216,jitter,1.0
TV,195,19.01598796829547,0.5115103140181847,0.53713113,jitter,1.0
TV,196,21.22325667823551,0.48010094644268975,0.29645008,jitter,1.0
TV,197,19.19197279886752,0.6776130648506882,0.29093206,jitter,1.0
TV,198,19.10968966218997,0.6058843718949428,0.39426395,jitter,1.0
TV,199,20.252896009490943,0.776847078497637,0.23411997,jitter,1.0
PnP-DnCNN,0,26.943426990235086,0.9581681321536707,0.1636592,jitter,1.0
PnP-DnCNN,1,24.022460547409544,0.9683098233928366,0.17875834,jitter,1.0
PnP-DnCNN,2,25.817271346727644,0.958224555985494,0.25864714,jitter,1.0
PnP-DnCNN,3,22.907359398054083,0.956132116273415,0.17583922,jitter,1.0
PnP-DnCNN,4,24.84850007808198,0.9431828828143679,0.20475484,jitter,1.0
PnP-DnCNN,5,26.5540169778347,0.9687516899887195,0.19313474,jitter,1.0
PnP-DnCNN,6,23.251742301813575,0.9267513379608551,0.23445068,jitter,1.0
PnP-DnCNN,7,24.502289166474057,0.950025252751575,0.1997828,jitter,1.0
PnP-DnCNN,8,23.922521971433053,0.9610368662998696,0.17429723,jitter,1.0
PnP-DnCNN,9,22.223455654112776,0.9460483619496842,0.21041903,jitter,1.0
PnP-DnCNN,10,23.98002022465114,0.953684296243447,0.1791237,jitter,1.0
PnP-DnCNN,11,23.025911970450306,0.9493754835152799,0.21150358,jitter,1.0
PnP-DnCNN,12,22.790671397982575,0.9514159270185084,0.23540272,jitter,1.0
PnP-DnCNN,13,24.96315908635681,0.9615642504135439,0.15988559,jitter,1.0
PnP-DnCNN,14,26.404115384305513,0.9688657424297215,0.17529197,jitter,1.0
PnP-DnCNN,15,23.547091252802193,0.9145018927260371,0.22611573,jitter,1.0
PnP-DnCNN,16,24.077365064818494,0.9601285839376371,0.20160694,jitter,1.0
PnP-DnCNN,17,26.99262117795032,0.9686745637642943,0.14327751,jitter,1.0
PnP-DnCNN,18,22.290028064719984,0.9545135555003793,0.19718869,jitter,1.0
PnP-DnCNN,19,25.094070321172815,0.9535592225003094,0.22071671,jitter,1.0
PnP-DnCNN,20,21.928232108812026,0.933795483167137,0.23053637,jitter,1.0
PnP-DnCNN,21,24.779699911510598,0.9563201375859828,0.18914449,jitter,1.0
PnP-DnCNN,22,22.88680544073412,0.9447811316652608,0.22922745,jitter,1.0
PnP-DnCNN,23,22.780750238545192,0.9278580199403703,0.25124088,jitter,1.0
PnP-DnCNN,24,21.45304656982966,0.834769345889222,0.3903287,jitter,1.0
PnP-DnCNN,25,22.105043897545862,0.9567504697902636,0.15968448,jitter,1.0
PnP-DnCNN,26,22.485159592213158,0.9265840055405601,0.30491477,jitter,1.0
PnP-DnCNN,27,25.715555353099443,0.9666547087475288,0.16951248,jitter,1.0
PnP-DnCNN,28,23.31462905350259,0.9514689435643598,0.17560095,jitter,1.0
PnP-DnCNN,29,26.79647766866236,0.9701258716873886,0.19604242,jitter,1.0
PnP-DnCNN,30,24.268126877779608,0.9333532083440911,0.18655437,jitter,1.0
PnP-DnCNN,31,25.15325546016696,0.9565420689230616,0.2602963,jitter,1.0
PnP-DnCNN,32,22.786344251245335,0.92331005991552,0.21630779,jitter,1.0
PnP-DnCNN,33,24.10331706521106,0.9328756250502649,0.19545695,jitter,1.0
PnP-DnCNN,34,26.099672629254293,0.9648575503840919,0.14614302,jitter,1.0
PnP-DnCNN,35,23.456375673847013,0.9541183985184786,0.19207364,jitter,1.0
PnP-DnCNN,36,22.380446404344035,0.9196344258279101,0.25007436,jitter,1.0
PnP-DnCNN,37,29.628813071404295,0.9777468986008778,0.13477544,jitter,1.0
PnP-DnCNN,38,23.834433566194292,0.9324731892667526,0.23555525,jitter,1.0
PnP-DnCNN,39,25.026602027604795,0.9547214254059575,0.19691148,jitter,1.0
PnP-DnCNN,40,26.71566948032774,0.9405397844369993,0.28184313,jitter,1.0
PnP-DnCNN,41,22.87905997145,0.9178370221956702,0.27589044,jitter,1.0
PnP-DnCNN,42,25.717258423033908,0.9715709524952676,0.16142787,jitter,1.0
PnP-DnCNN,43,24.63450642992832,0.9264443957454656,0.23295835,jitter,1.0
PnP-DnCNN,44,25.496954095032777,0.9526731798286773,0.18781215,jitter,1.0
PnP-DnCNN,45,23.375486987839025,0.9159423131649652,0.24385627,jitter,1.0
PnP-DnCNN,46,25.21328804139346,0.9521432225861826,0.18881431,jitter,1.0
PnP-DnCNN,47,21.77225536295074,0.8552926937166279,0.32891637,jitter,1.0
PnP-DnCNN,48,23.80882323797604,0.9460442627757049,0.15354739,jitter,1.0
PnP-DnCNN,49,24.25801628937615,0.9313096349196862,0.19109844,jitter,1.0
PnP-DnCNN,50,22.853171011458354,0.9450590045553101,0.24941136,jitter,1.0
PnP-DnCNN,51,23.00227701659791,0.954047590555731,0.17394279,jitter,1.0
PnP-DnCNN,52,24.9283142151938,0.9503277251419943,0.18320912,jitter,1.0
PnP-DnCNN,53,23.201196793482794,0.9219762051693541,0.27717122,jitter,1.0
PnP-DnCNN,54,21.11505905766556,0.9446148890232252,0.23178415,jitter,1.0
PnP-DnCNN,55,23.62978190725716,0.9612267369573767,0.190845,jitter,1.0
PnP-DnCNN,56,25.17591099826927,0.9536071670018444,0.15845509,jitter,1.0
PnP-DnCNN,57,25.321708873662146,0.9502399040863287,0.26223013,jitter,1.0
PnP-DnCNN,58,23.37548173792833,0.9388496767852671,0.20359965,jitter,1.0
PnP-DnCNN,59,23.229944522761514,0.9248106326630785,0.3224397,jitter,1.0
PnP-DnCNN,60,24.859332006620875,0.9517293603059428,0.16771512,jitter,1.0
PnP-DnCNN,61,23.280441429479254,0.9537503613420755,0.18506023,jitter,1.0
PnP-DnCNN,62,23.837174141290596,0.9361751852326157,0.28541148,jitter,1.0
PnP-DnCNN,63,23.507590555683215,0.9359210559036121,0.2208391,jitter,1.0
PnP-DnCNN,64,24.857259938182846,0.9685237590562213,0.15566084,jitter,1.0
PnP-DnCNN,65,24.922842979465877,0.9485050337004267,0.24707258,jitter,1.0
PnP-DnCNN,66,23.470155061287862,0.9525930626579553,0.21777898,jitter,1.0
PnP-DnCNN,67,22.530251872914207,0.9210786920441084,0.24938592,jitter,1.0
PnP-DnCNN,68,22.91717187162371,0.94139010927155,0.17741929,jitter,1.0
PnP-DnCNN,69,25.39818917060734,0.9701066041780897,0.15384467,jitter,1.0
PnP-DnCNN,70,25.380856833513107,0.9522848511307138,0.17263909,jitter,1.0
PnP-DnCNN,71,24.02774372692896,0.9620875450205212,0.1466903,jitter,1.0
PnP-DnCNN,72,22.360756275046878,0.925177073248562,0.22524145,jitter,1.0
PnP-DnCNN,73,23.3422665147604,0.9514994193946035,0.18737723,jitter,1.0
PnP-DnCNN,74,26.781299642981292,0.969121438474202,0.18025628,jitter,1.0
PnP-DnCNN,75,24.0590089384034,0.9431429126353796,0.20092438,jitter,1.0
PnP-DnCNN,76,21.617812440221673,0.8837425885433408,0.30805176,jitter,1.0
PnP-DnCNN,77,23.748035610613357,0.9340590766577188,0.2427295,jitter,1.0
PnP-DnCNN,78,25.38599236055289,0.9561252440672275,0.18284342,jitter,1.0
PnP-DnCNN,79,23.258711021051795,0.967837635520076,0.16367175,jitter,1.0
PnP-DnCNN,80,24.0641748118777,0.9440848212227348,0.20848826,jitter,1.0
PnP-DnCNN,81,26.046625561423618,0.967883807999536,0.14761677,jitter,1.0
PnP-DnCNN,82,23.436807401665057,0.947411346534067,0.17425232,jitter,1.0
PnP-DnCNN,83,24.115135137128444,0.9264675622328746,0.22774027,jitter,1.0
PnP-DnCNN,84,21.7033100133472,0.9318553153887268,0.2413966,jitter,1.0
PnP-DnCNN,85,23.521945090627252,0.9284729272519693,0.16518421,jitter,1.0
PnP-DnCNN,86,24.74823315640655,0.9509161274787808,0.17111638,jitter,1.0
PnP-DnCNN,87,22.093656222343974,0.9344177966983604,0.2304471,jitter,1.0
PnP-DnCNN,88,24.248389432929756,0.9598989514403107,0.17944361,jitter,1.0
PnP-DnCNN,89,25.570160209146522,0.9522050643139635,0.19421262,jitter,1.0
PnP-DnCNN,90,24.213620370109552,0.939695395667814,0.18894543,jitter,1.0
PnP-DnCNN,91,23.475160554192488,0.9359847305665824,0.2231191,jitter,1.0
PnP-DnCNN,92,22.560417313985106,0.9202574489037852,0.3203085,jitter,1.0
PnP-DnCNN,93,24.189964778052943,0.9580611235285101,0.15264367,jitter,1.0
PnP-DnCNN,94,24.762007205689397,0.9542868631961178,0.17793633,jitter,1.0
PnP-DnCNN,95,22.00811380419625,0.9427849759062952,0.18562834,jitter,1.0
PnP-DnCNN,96,23.59151648124577,0.9231144412793989,0.29860297,jitter,1.0
PnP-DnCNN,97,24.087827856650375,0.9394433429418516,0.17059547,jitter,1.0
PnP-DnCNN,98,24.539284614288785,0.9480365754282178,0.19153504,jitter,1.0
PnP-DnCNN,99,24.049615056208765,0.962478584987073,0.17084138,jitter,1.0
PnP-DnCNN,100,20.78165840685658,0.9071319564745939,0.3565061,jitter,1.0
PnP-DnCNN,101,22.873499770077647,0.9510492063627756,0.21683724,jitter,1.0
PnP-DnCNN,102,20.651922654157243,0.8892655325129875,0.2742022,jitter,1.0
PnP-DnCNN,103,25.126178565373326,0.9546750233439375,0.1696851,jitter,1.0
PnP-DnCNN,104,23.176243854023472,0.9372294487908852,0.2313257,jitter,1.0
PnP-DnCNN,105,24.89563010535784,0.9600258835029504,0.19768324,jitter,1.0
PnP-DnCNN,106,21.2532102157573,0.9327098245709395,0.2505523,jitter,1.0
PnP-DnCNN,107,24.700599956635113,0.9421938009375384,0.24153706,jitter,1.0
PnP-DnCNN,108,24.56662997229803,0.9632565096821174,0.1893023,jitter,1.0
PnP-DnCNN,109,24.138680150621823,0.9306286747667415,0.2150656,jitter,1.0
PnP-DnCNN,110,23.483861339110526,0.9277313484325389,0.19245099,jitter,1.0
PnP-DnCNN,111,27.25689858430116,0.9596440615363357,0.15439513,jitter,1.0
PnP-DnCNN,112,23.684537959163137,0.9320064486920341,0.23860711,jitter,1.0
PnP-DnCNN,113,25.801648149724677,0.9653750715300071,0.16340761,jitter,1.0
PnP-DnCNN,114,23.717925303851132,0.9311355578382153,0.23434655,jitter,1.0
PnP-DnCNN,115,27.081210735600973,0.9588351842662519,0.166205,jitter,1.0
PnP-DnCNN,116,22.907869764931178,0.9254966510598325,0.28849536,jitter,1.0
PnP-DnCNN,117,23.825317994971762,0.9471931982754676,0.19465418,jitter,1.0
PnP-DnCNN,118,24.667013899294403,0.9560672264576944,0.22755,jitter,1.0
PnP-DnCNN,119,21.362217630782027,0.9136039120730105,0.24019398,jitter,1.0
PnP-DnCNN,120,22.692097237250593,0.940810038346397,0.18232103,jitter,1.0
PnP-DnCNN,121,24.635391106675545,0.9398398221247206,0.20441507,jitter,1.0
PnP-DnCNN,122,28.756379531035343,0.9620502721672216,0.15513654,jitter,1.0
PnP-DnCNN,123,22.973317884062908,0.9295347126062251,0.22355112,jitter,1.0
PnP-DnCNN,124,24.240406707310992,0.9522516784096552,0.18660279,jitter,1.0
PnP-DnCNN,125,24.047969515372397,0.9428597416513222,0.2263155,jitter,1.0
PnP-DnCNN,126,22.238764514835303,0.9483669663756347,0.22293794,jitter,1.0
PnP-DnCNN,127,25.02381218925803,0.963607008730577,0.16683087,jitter,1.0
PnP-DnCNN,128,20.972620647587288,0.9170143768683938,0.21767563,jitter,1.0
PnP-DnCNN,129,24.73717237916015,0.9537443567282897,0.18979844,jitter,1.0
PnP-DnCNN,130,21.357136746600368,0.9368772006416617,0.21859685,jitter,1.0
PnP-DnCNN,131,23.522840290403373,0.9516059130676522,0.15935506,jitter,1.0
PnP-DnCNN,132,21.580817383368725,0.9512833576680215,0.20598169,jitter,1.0
PnP-DnCNN,133,22.435056629829674,0.9353851849628874,0.20039445,jitter,1.0
PnP-DnCNN,134,23.657237055297045,0.9457702708453679,0.18829705,jitter,1.0
PnP-DnCNN,135,25.94318509229195,0.9611944106122678,0.17891963,jitter,1.0
PnP-DnCNN,136,24.159700261783126,0.9556504069896768,0.18971658,jitter,1.0
PnP-DnCNN,137,22.913210857674127,0.9481913744787539,0.23645937,jitter,1.0
PnP-DnCNN,138,21.447435831886974,0.9295883399457479,0.2454639,jitter,1.0
PnP-DnCNN,139,21.80286636608916,0.9145743138164528,0.24601494,jitter,1.0
PnP-DnCNN,140,20.608734346666537,0.848206886612764,0.38108838,jitter,1.0
PnP-DnCNN,141,22.710847001064867,0.940440156704877,0.2662579,jitter,1.0
PnP-DnCNN,142,22.28342785872649,0.9016199419371137,0.25385696,jitter,1.0
PnP-DnCNN,143,27.15265119708433,0.9686336926808042,0.20074771,jitter,1.0
PnP-DnCNN,144,23.75592443222996,0.9437249919384225,0.20000672,jitter,1.0
PnP-DnCNN,145,26.702646347350747,0.9507585651710753,0.21395169,jitter,1.0
PnP-DnCNN,146,22.30250583673145,0.940882011170476,0.20924047,jitter,1.0
PnP-DnCNN,147,23.165549975391535,0.9532358316966325,0.1683267,jitter,1.0
PnP-DnCNN,148,24.772741208693176,0.964376746561409,0.18330963,jitter,1.0
PnP-DnCNN,149,22.789135183203214,0.9233043299572281,0.28676054,jitter,1.0
PnP-DnCNN,150,23.1213589214657,0.9427298446270552,0.22327375,jitter,1.0
PnP-DnCNN,151,20.20147593854485,0.9363401429342829,0.274404,jitter,1.0
PnP-DnCNN,152,23.03243642487914,0.9286916661268669,0.24743827,jitter,1.0
PnP-DnCNN,153,23.42392825210584,0.9383894708161512,0.2423151,jitter,1.0
PnP-DnCNN,154,26.693808705049676,0.9508427927070413,0.227803,jitter,1.0
PnP-DnCNN,155,22.992316543463296,0.9597012690029854,0.19591412,jitter,1.0
PnP-DnCNN,156,25.47090190598127,0.9648822118058678,0.17793664,jitter,1.0
PnP-DnCNN,157,23.15182642699197,0.9448863908586916,0.2194863,jitter,1.0
PnP-DnCNN,158,25.172632996372997,0.9490165595919633,0.17533745,jitter,1.0
PnP-DnCNN,159,25.183386840487508,0.9413952514652378,0.22344902,jitter,1.0
PnP-DnCNN,160,24.250250785733062,0.9553918110991805,0.186993,jitter,1.0
PnP-DnCNN,161,22.28760088052048,0.9348185165854525,0.2353466,jitter,1.0
PnP-DnCNN,162,23.627527635875225,0.9615679837701735,0.16778176,jitter,1.0
PnP-DnCNN,163,22.07092090903711,0.9136698725748776,0.21531849,jitter,1.0
PnP-DnCNN,164,21.169434541240406,0.9193726652032457,0.28507066,jitter,1.0
PnP-DnCNN,165,22.91287785567574,0.9289150429631714,0.19641067,jitter,1.0
PnP-DnCNN,166,22.37817913492321,0.919831839259252,0.2575132,jitter,1.0
PnP-DnCNN,167,23.81588804621481,0.9456895004865552,0.23903447,jitter,1.0
PnP-DnCNN,168,27.138822690859527,0.9623886587575448,0.17764492,jitter,1.0
PnP-DnCNN,169,24.562875742088586,0.9344411085644537,0.208373,jitter,1.0
PnP-DnCNN,170,24.374159720808613,0.9267737518472612,0.2324826,jitter,1.0
PnP-DnCNN,171,24.196687216497864,0.9604203156695879,0.15960656,jitter,1.0
PnP-DnCNN,172,23.363847039647524,0.9605049556198199,0.184871,jitter,1.0
PnP-DnCNN,173,20.635790922404045,0.8474058443180108,0.33970445,jitter,1.0
PnP-DnCNN,174,24.57875335646492,0.953916903492833,0.1878494,jitter,1.0
PnP-DnCNN,175,24.112905118964818,0.914338461438979,0.37218064,jitter,1.0
PnP-DnCNN,176,28.612232644038276,0.9631743277153693,0.22049288,jitter,1.0
PnP-DnCNN,177,24.705866680500552,0.95801436186822,0.17438406,jitter,1.0
PnP-DnCNN,178,28.483349622117245,0.9615893070855417,0.1562503,jitter,1.0
PnP-DnCNN,179,23.853643018287563,0.9592772781048432,0.1699509,jitter,1.0
PnP-DnCNN,180,25.681022632207288,0.9636241655704404,0.23044668,jitter,1.0
PnP-DnCNN,181,23.40102656665764,0.9534002247551256,0.18505445,jitter,1.0
PnP-DnCNN,182,24.77612802049601,0.9471434596560372,0.20948614,jitter,1.0
PnP-DnCNN,183,22.98024651826016,0.9634503751746879,0.17311135,jitter,1.0
PnP-DnCNN,184,23.031040188809225,0.9249014356750841,0.22426328,jitter,1.0
PnP-DnCNN,185,24.051096137175918,0.9652652689986978,0.2044384,jitter,1.0
PnP-DnCNN,186,23.56782902109905,0.9386126454457764,0.15849146,jitter,1.0
PnP-DnCNN,187,22.27873311925977,0.9293172688816081,0.22461551,jitter,1.0
PnP-DnCNN,188,24.10275853736166,0.9612756433073154,0.1528142,jitter,1.0
PnP-DnCNN,189,26.206959701494945,0.9563134518290354,0.2572732,jitter,1.0
PnP-DnCNN,190,25.455495285678996,0.9624845828891786,0.17371912,jitter,1.0
PnP-DnCNN,191,24.921663916632962,0.9412641040672941,0.2432427,jitter,1.0
PnP-DnCNN,192,23.634305127370347,0.9712702705840434,0.18578695,jitter,1.0
PnP-DnCNN,193,20.789584571014647,0.9230394704221201,0.31582066,jitter,1.0
PnP-DnCNN,194,23.27750539951309,0.9640425276780916,0.1918417,jitter,1.0
PnP-DnCNN,195,20.861484555013995,0.8664253185876484,0.43431565,jitter,1.0
PnP-DnCNN,196,27.32066097564383,0.964629315547953,0.14692016,jitter,1.0
PnP-DnCNN,197,24.19265601647549,0.9526964810884688,0.16359025,jitter,1.0
PnP-DnCNN,198,23.26883101608157,0.9416676487558144,0.2442474,jitter,1.0
PnP-DnCNN,199,24.965901396502876,0.9412849180338797,0.13607807,jitter,1.0
FBP,0,15.636012434985911,0.5014539127479404,0.6016047,jitter,2.0
FBP,1,15.273955359844933,0.6030985457107833,0.48943108,jitter,2.0
FBP,2,16.084226160795186,0.31723817560460016,0.7931585,jitter,2.0
FBP,3,16.016926070076632,0.7050472998193418,0.38872042,jitter,2.0
FBP,4,16.109605990376586,0.5787132853680109,0.55998826,jitter,2.0
FBP,5,15.58378201560963,0.3409420357734948,0.6829237,jitter,2.0
FBP,6,15.23467120663516,0.551235433455783,0.59007204,jitter,2.0
FBP,7,15.440629891507921,0.4644683086836334,0.5670758,jitter,2.0
FBP,8,15.777916485377867,0.6630796355344831,0.44516474,jitter,2.0
FBP,9,15.82079976975952,0.6019484911372304,0.4397621,jitter,2.0
FBP,10,15.642134220149302,0.7113406274148091,0.46778616,jitter,2.0
FBP,11,15.156054492114734,0.6540198755329201,0.5233721,jitter,2.0
FBP,12,14.983708983859845,0.5007902444698374,0.5783085,jitter,2.0
FBP,13,15.320242747327903,0.6734912012936908,0.4852384,jitter,2.0
FBP,14,16.113734474471023,0.3814263791994991,0.5731669,jitter,2.0
FBP,15,14.886591724194956,0.6033969593169057,0.6128522,jitter,2.0
FBP,16,15.389926711083877,0.5784702193374892,0.5481222,jitter,2.0
FBP,17,16.012369896381976,0.5324935314151957,0.50721323,jitter,2.0
FBP,18,16.115655327879132,0.7292830230515933,0.40142158,jitter,2.0
FBP,19,16.15060695254475,0.48075334962209315,0.61802834,jitter,2.0
FBP,20,15.812490786600435,0.5417834482523627,0.4661509,jitter,2.0
FBP,21,15.452677640108723,0.5291766686293933,0.5535346,jitter,2.0
FBP,22,15.334720159975678,0.5927075873820467,0.5468533,jitter,2.0
FBP,23,15.863603176800227,0.5573354711586418,0.5571186,jitter,2.0
FBP,24,15.612285789661648,0.4168319476711009,0.76466024,jitter,2.0
FBP,25,15.527963900179058,0.8049742054016943,0.34049967,jitter,2.0
FBP,26,15.253046194245016,0.4094422333185599,0.7011067,jitter,2.0
FBP,27,15.841439963576875,0.56035503114476,0.52833265,jitter,2.0
FBP,28,15.291946328019431,0.6825062354308268,0.44224307,jitter,2.0
FBP,29,16.316739965855565,0.3504487428572924,0.6551442,jitter,2.0
FBP,30,15.538815022055086,0.5557313306685989,0.50964874,jitter,2.0
FBP,31,16.435827657459715,0.32452089257655214,0.7101325,jitter,2.0
FBP,32,15.00713563009345,0.5695529236339902,0.52970326,jitter,2.0
FBP,33,15.6344597631922,0.6225017841583289,0.51819587,jitter,2.0
FBP,34,15.78824446157682,0.5833882242413516,0.4790154,jitter,2.0
FBP,35,15.302230921766181,0.7243720101717425,0.49110577,jitter,2.0
FBP,36,15.724072409463677,0.5545387033847318,0.5381308,jitter,2.0
FBP,37,16.331853575199855,0.34525467606895405,0.62295794,jitter,2.0
FBP,38,15.110012370658552,0.5013507899615629,0.6431523,jitter,2.0
FBP,39,16.58280169461325,0.39983169472411234,0.5205483,jitter,2.0
FBP,40,16.365427435688947,0.2668485276265205,0.9279393,jitter,2.0
FBP,41,15.488812694743322,0.4658990889934516,0.6460246,jitter,2.0
FBP,42,15.899383286388069,0.5616469273694792,0.4998875,jitter,2.0
FBP,43,15.839356126286217,0.4656748290991262,0.6412624,jitter,2.0
FBP,44,15.837050211282822,0.4582548335461934,0.5711088,jitter,2.0
FBP,45,15.448085106013119,0.5608821355827703,0.6074408,jitter,2.0
FBP,46,16.25448192515883,0.4283078849950756,0.5296332,jitter,2.0
FBP,47,15.291181412341832,0.4554847168090584,0.69364804,jitter,2.0
FBP,48,15.57626915278389,0.6413558726207991,0.39615953,jitter,2.0
FBP,49,16.152884927254583,0.6231074797958646,0.48586282,jitter,2.0
FBP,50,15.609265987936954,0.5052785666121655,0.5742638,jitter,2.0
FBP,51,15.076115309193408,0.7196908873763976,0.43322605,jitter,2.0
FBP,52,15.873838651899721,0.6239574647596715,0.51960206,jitter,2.0
FBP,53,15.615321217603038,0.5697542676428662,0.66380715,jitter,2.0
FBP,54,14.858175886232022,0.6914512571830145,0.4763519,jitter,2.0
FBP,55,15.294322361719175,0.6175662581517827,0.49825743,jitter,2.0
FBP,56,16.10394888631134,0.6519017038126774,0.45030245,jitter,2.0
FBP,57,15.35256650216229,0.29150078903249543,0.8263037,jitter,2.0
FBP,58,15.355035582954992,0.5734185171313584,0.51262444,jitter,2.0
FBP,59,15.816525243998429,0.3965979913167351,0.7570411,jitter,2.0
FBP,60,15.777074003122035,0.5199123080778956,0.47718316,jitter,2.0
FBP,61,15.546418879979642,0.655142598015351,0.4508315,jitter,2.0
FBP,62,16.15917473867873,0.45099172894023926,0.6908303,jitter,2.0
FBP,63,15.292920077345538,0.5437061841337648,0.5686034,jitter,2.0
FBP,64,15.498408125484872,0.6630750067139041,0.45721653,jitter,2.0
FBP,65,15.97872345123928,0.3942013033340403,0.6918796,jitter,2.0
FBP,66,14.602482679284902,0.6050958514028596,0.6045046,jitter,2.0
FBP,67,15.13103343655752,0.5554310434404929,0.5845651,jitter,2.0
FBP,68,16.026704046667884,0.6439368728492245,0.39221504,jitter,2.0
FBP,69,14.984254415797704,0.7002807094973862,0.5102455,jitter,2.0
FBP,70,15.402763005083106,0.5225582191781518,0.5445576,jitter,2.0
FBP,71,15.18228008772301,0.7732750617904172,0.4061389,jitter,2.0
FBP,72,15.266836008404308,0.644338538249895,0.50973487,jitter,2.0
FBP,73,15.592965022661376,0.5404747745408465,0.45727968,jitter,2.0
FBP,74,17.289571834050292,0.37068255688250207,0.5376217,jitter,2.0
FBP,75,15.750115549404402,0.529497064164133,0.5229707,jitter,2.0
FBP,76,15.71001916004798,0.4978451847937848,0.60815376,jitter,2.0
FBP,77,15.505888777227039,0.5705899997546495,0.6269457,jitter,2.0
FBP,78,16.248995094681074,0.4601832625123565,0.52351505,jitter,2.0
FBP,79,15.848523983446768,0.6662547632497817,0.38413432,jitter,2.0
FBP,80,16.000963774451204,0.48261825604649783,0.52752393,jitter,2.0
FBP,81,15.952414635590186,0.5846749720592864,0.47189596,jitter,2.0
FBP,82,15.224654521100936,0.6719905944311513,0.4485245,jitter,2.0
FBP,83,15.503782481427539,0.45690157955795263,0.6137726,jitter,2.0
FBP,84,15.254104336636631,0.6348657173266098,0.50721425,jitter,2.0
FBP,85,16.163094983587353,0.6786492509066997,0.38539946,jitter,2.0
FBP,86,16.442165898436333,0.5347402656245457,0.44524074,jitter,2.0
FBP,87,15.347032961572946,0.598592676289672,0.5010747,jitter,2.0
FBP,88,16.049857017071187,0.616909132246818,0.4611632,jitter,2.0
FBP,89,15.82161794792767,0.3788641916536476,0.59662926,jitter,2.0
FBP,90,15.395394172079088,0.6140222766387989,0.52149206,jitter,2.0
FBP,91,14.844868889102742,0.48870417978270614,0.6026308,jitter,2.0
FBP,92,15.422857979174635,0.4189826925857616,0.7285283,jitter,2.0
FBP,93,15.927448011900555,0.6084129121392068,0.3951888,jitter,2.0
FBP,94,16.130105785288208,0.4389009186272218,0.48068407,jitter,2.0
FBP,95,14.77933496021681,0.6560392639730106,0.42666128,jitter,2.0
FBP,96,16.34970025311653,0.33531117361946433,0.68736106,jitter,2.0
FBP,97,16.139063733954384,0.5874797630534254,0.42599612,jitter,2.0
FBP,98,15.475648043992381,0.5763338062053422,0.54378855,jitter,2.0
FBP,99,15.736074090596441,0.6141926858662305,0.4449079,jitter,2.0
FBP,100,15.213577628900941,0.5302900711202192,0.67681664,jitter,2.0
FBP,101,15.311290105594747,0.6728189633912667,0.51789814,jitter,2.0
FBP,102,15.292699175009833,0.6446964293799516,0.508197,jitter,2.0
FBP,103,15.595655893661974,0.6067533206080329,0.5083582,jitter,2.0
FBP,104,15.516137410021823,0.5809026663610736,0.558765,jitter,2.0
FBP,105,15.978413453264146,0.5443213619634534,0.55186224,jitter,2.0
FBP,106,14.966442632505103,0.7128377899530917,0.516698,jitter,2.0
FBP,107,16.149202908331393,0.3781538971637598,0.64647776,jitter,2.0
FBP,108,15.73850483159302,0.4999463669513761,0.5230728,jitter,2.0
FBP,109,15.402938579406193,0.5252666473110863,0.5879739,jitter,2.0
FBP,110,15.426402999962933,0.5939698670067741,0.48662344,jitter,2.0
FBP,111,16.437045235021028,0.43147011318273865,0.5365699,jitter,2.0
FBP,112,15.71629182103371,0.46678027599977934,0.59716684,jitter,2.0
FBP,113,16.13106351793358,0.5210955874560966,0.49750966,jitter,2.0
FBP,114,15.741110485221528,0.4666135209198961,0.58708274,jitter,2.0
FBP,115,15.964405647385727,0.4650135599949863,0.5977015,jitter,2.0
FBP,116,15.45859253240172,0.41679756350950353,0.6801469,jitter,2.0
FBP,117,16.352096460632886,0.6006947750578517,0.4601769,jitter,2.0
FBP,118,15.606949579800473,0.47216536511988416,0.64577323,jitter,2.0
FBP,119,15.227578576841932,0.6388062298738528,0.48673666,jitter,2.0
FBP,120,15.435680601268068,0.7208446605949546,0.42039505,jitter,2.0
FBP,121,16.105884805424434,0.5558557481893308,0.54574305,jitter,2.0
FBP,122,16.635248466063985,0.40256134495762086,0.62628305,jitter,2.0
FBP,123,15.838543839579541,0.596556177435018,0.50829464,jitter,2.0
FBP,124,15.89007379052152,0.5285149750265837,0.48801675,jitter,2.0
FBP,125,15.549368219670178,0.48451833538617267,0.6020664,jitter,2.0
FBP,126,15.449137243842054,0.7194915784019347,0.48715293,jitter,2.0
FBP,127,15.766713005525446,0.5945538502828865,0.48431885,jitter,2.0
FBP,128,14.795297651010673,0.6393900132669623,0.44327778,jitter,2.0
FBP,129,15.397148649314518,0.5729003360477293,0.5562805,jitter,2.0
FBP,130,15.623665498662238,0.6327924153979552,0.4229777,jitter,2.0
FBP,131,15.460585220128705,0.6810083903278723,0.40316108,jitter,2.0
FBP,132,15.648661719406213,0.708679487096102,0.40778986,jitter,2.0
FBP,133,15.49008607119331,0.6467866984163446,0.445794,jitter,2.0
FBP,134,15.373471705038353,0.5918591349563601,0.48868808,jitter,2.0
FBP,135,16.571209868777075,0.38752209030121587,0.5263283,jitter,2.0
FBP,136,15.527836639836623,0.6274132523920208,0.5125054,jitter,2.0
FBP,137,15.58726449986375,0.4096647177508759,0.549609,jitter,2.0
FBP,138,14.977616581198795,0.5850375083809171,0.5169857,jitter,2.0
FBP,139,15.477259811599604,0.5708517175432559,0.5096145,jitter,2.0
FBP,140,15.145985962999928,0.42152476303431474,0.7147648,jitter,2.0
FBP,141,15.381363566868513,0.44176901981793415,0.6191227,jitter,2.0
FBP,142,15.36741303074856,0.6037253810005375,0.5628463,jitter,2.0
FBP,143,16.64596586494655,0.3312738550506284,0.6729532,jitter,2.0
FBP,144,15.198883996169625,0.5295736065141863,0.5356691,jitter,2.0
FBP,145,16.005434523060707,0.3144634473523604,0.7331222,jitter,2.0
FBP,146,14.90013709068637,0.5929901314324344,0.49064133,jitter,2.0
FBP,147,15.64182835799825,0.7357547302606029,0.40025714,jitter,2.0
FBP,148,15.876742011538116,0.6297748189384391,0.5104876,jitter,2.0
FBP,149,15.28069575685002,0.4849422759450008,0.6806775,jitter,2.0
FBP,150,15.418546380712144,0.5547138275122818,0.54197377,jitter,2.0
FBP,151,15.13312548536966,0.6728420812369147,0.491822,jitter,2.0
FBP,152,15.694751480625238,0.5340662236777154,0.5759054,jitter,2.0
FBP,153,15.773946751043944,0.5732150335160824,0.5846279,jitter,2.0
FBP,154,15.857008629375592,0.2978986434756118,0.79323053,jitter,2.0
FBP,155,15.373870100553667,0.6423940430596146,0.4709644,jitter,2.0
FBP,156,16.524023370054973,0.5297745875359998,0.4984359,jitter,2.0
FBP,157,15.463418135873166,0.6041769800218946,0.53189737,jitter,2.0
FBP,158,15.800157276948628,0.5843195026459436,0.5158203,jitter,2.0
FBP,159,16.530434298119744,0.4495032885176691,0.6050985,jitter,2.0
FBP,160,15.356799242205222,0.5386490496712213,0.5205925,jitter,2.0
FBP,161,15.277650232935486,0.6272381486291545,0.52747935,jitter,2.0
FBP,162,15.592286165851,0.6973209987009187,0.42316213,jitter,2.0
FBP,163,15.704108169437593,0.6244362576827739,0.44814855,jitter,2.0
FBP,164,15.131268516414082,0.5149136167858446,0.5712955,jitter,2.0
FBP,165,15.406275383704955,0.7018584761110918,0.46611726,jitter,2.0
FBP,166,14.766790641249559,0.5273739452564798,0.6185416,jitter,2.0
FBP,167,15.99737716991143,0.5037029957591675,0.5880119,jitter,2.0
FBP,168,16.52553796490199,0.3697398200793257,0.6028608,jitter,2.0
FBP,169,16.392458194500435,0.5250610437844052,0.5337799,jitter,2.0
FBP,170,15.930822901423777,0.464994184554974,0.61455005,jitter,2.0
FBP,171,15.869361011851769,0.597837798824341,0.41631022,jitter,2.0
FBP,172,14.861175557172025,0.6959160631109129,0.49204224,jitter,2.0
FBP,173,15.542092897278117,0.6041354898324252,0.61064124,jitter,2.0
FBP,174,15.50527756259836,0.5568122972712866,0.5339291,jitter,2.0
FBP,175,16.467152098282124,0.3032854267601443,0.89751434,jitter,2.0
FBP,176,16.754589914410293,0.29288479305647674,0.86352855,jitter,2.0
FBP,177,15.592083898057968,0.5634635988023871,0.4979617,jitter,2.0
FBP,178,16.471271433423766,0.3511142325946558,0.62290925,jitter,2.0
FBP,179,15.758655410966728,0.6172367719491301,0.43159148,jitter,2.0
FBP,180,16.964592381274276,0.3374239279559529,0.6286254,jitter,2.0
FBP,181,15.694871111634711,0.6095641693867616,0.44937336,jitter,2.0
FBP,182,16.163616630055554,0.48039552920174683,0.564652,jitter,2.0
FBP,183,15.030514276498092,0.7492961574092432,0.43232682,jitter,2.0
FBP,184,15.796520645172059,0.572586833120481,0.51580334,jitter,2.0
FBP,185,15.304995846347877,0.5338053996218917,0.5595869,jitter,2.0
FBP,186,15.278161965007238,0.6717613741636665,0.41161317,jitter,2.0
FBP,187,15.660044276894379,0.6677768299930242,0.48125383,jitter,2.0
FBP,188,15.201096107134237,0.7192264057749143,0.42584032,jitter,2.0
FBP,189,15.847342509824973,0.2924988828692056,0.8479601,jitter,2.0
FBP,190,16.418947131938257,0.43531769020764916,0.49167147,jitter,2.0
FBP,191,16.302953419634385,0.35964381247508714,0.65610796,jitter,2.0
FBP,192,15.066310588075487,0.6661429267346235,0.4982129,jitter,2.0
FBP,193,15.885352377139315,0.5250846496216754,0.5554592,jitter,2.0
FBP,194,15.45102236832814,0.6931355701914478,0.47235355,jitter,2.0
FBP,195,15.911596638284284,0.3820896768666891,0.7678915,jitter,2.0
FBP,196,16.080573973070923,0.389049173688491,0.53590244,jitter,2.0
FBP,197,15.53892909933892,0.5499744038369958,0.44304085,jitter,2.0
FBP,198,15.562146554824444,0.4713155783457063,0.59314954,jitter,2.0
FBP,199,16.093325652083593,0.6636704690447741,0.37793487,jitter,2.0
Tikhonov,0,17.255887995792122,0.49910233548288196,0.49924925,jitter,2.0
Tikhonov,1,16.27092391244489,0.5978187734291461,0.43635815,jitter,2.0
Tikhonov,2,18.95275362416928,0.338225174473487,0.57007706,jitter,2.0
Tikhonov,3,16.39073791824343,0.6917678835361134,0.3723461,jitter,2.0
Tikhonov,4,17.480100565958693,0.5867097839917064,0.4782491,jitter,2.0
Tikhonov,5,18.29825778738942,0.35942077140847206,0.49962983,jitter,2.0
Tikhonov,6,16.529804687781414,0.5538837282448403,0.5083331,jitter,2.0
Tikhonov,7,17.070581557161667,0.47809612363565346,0.47004938,jitter,2.0
Tikhonov,8,16.921394452077337,0.6642230024502598,0.39025354,jitter,2.0
Tikhonov,9,16.52234361084386,0.5919174211126683,0.4056399,jitter,2.0
Tikhonov,10,16.10457418867355,0.6894422113995957,0.44353244,jitter,2.0
Tikhonov,11,15.881143690997572,0.6230194823044807,0.48145545,jitter,2.0
Tikhonov,12,16.5824124044456,0.507667205437887,0.48108792,jitter,2.0
Tikhonov,13,16.02071831766153,0.664131804194767,0.44764256,jitter,2.0
Tikhonov,14,18.28813940063622,0.385477627190032,0.4462321,jitter,2.0
Tikhonov,15,16.2400055517111,0.6047341038301214,0.52442706,jitter,2.0
Tikhonov,16,16.633987612339,0.578361510088444,0.47497892,jitter,2.0
Tikhonov,17,16.941580022417323,0.533898786144968,0.4557536,jitter,2.0
Tikhonov,18,16.380060489707507,0.7022119629579743,0.3893861,jitter,2.0
Tikhonov,19,17.720979847772,0.4870216777768998,0.51580995,jitter,2.0
Tikhonov,20,17.174285892853888,0.5552266013877339,0.39850777,jitter,2.0
Tikhonov,21,17.09690257780374,0.5333038634988133,0.45807183,jitter,2.0
Tikhonov,22,16.48302056262748,0.5940644339391815,0.47913274,jitter,2.0
Tikhonov,23,16.80302189629717,0.5453375705300392,0.50000775,jitter,2.0
Tikhonov,24,17.40188097839814,0.42463123868604397,0.6222842,jitter,2.0
Tikhonov,25,15.999475325163111,0.7927723454825257,0.32250845,jitter,2.0
Tikhonov,26,16.808967186205198,0.4017308019597106,0.58612204,jitter,2.0
Tikhonov,27,17.07888096456752,0.5641123041758807,0.45817924,jitter,2.0
Tikhonov,28,16.23090065036091,0.6821384383245248,0.3969294,jitter,2.0
Tikhonov,29,18.631361008958052,0.3527913374361132,0.5018869,jitter,2.0
Tikhonov,30,17.032922532136983,0.5669769189995906,0.429107,jitter,2.0
Tikhonov,31,18.811055013630526,0.33250474229970683,0.54022914,jitter,2.0
Tikhonov,32,16.273160399212937,0.5730507093335478,0.45785862,jitter,2.0
Tikhonov,33,16.900816538808346,0.6303113979486602,0.4478949,jitter,2.0
Tikhonov,34,16.778783749268637,0.5850171215891403,0.42738816,jitter,2.0
Tikhonov,35,16.103938246936124,0.7159405734379437,0.44780573,jitter,2.0
Tikhonov,36,16.76170436823591,0.5525455434468944,0.47753617,jitter,2.0
Tikhonov,37,18.32357618494288,0.34386348917821524,0.49530488,jitter,2.0
Tikhonov,38,16.22463457320339,0.4897973468832187,0.56569546,jitter,2.0
Tikhonov,39,18.319925635444026,0.40553973339140137,0.42619154,jitter,2.0
Tikhonov,40,19.150202517955442,0.26663504623950357,0.6734119,jitter,2.0
Tikhonov,41,17.09077013238951,0.46808102458002515,0.53721875,jitter,2.0
Tikhonov,42,17.227342123635193,0.5684281354281794,0.42901686,jitter,2.0
Tikhonov,43,17.421724321957367,0.46436020105183395,0.53446263,jitter,2.0
Tikhonov,44,17.530423252599338,0.46535555992183114,0.46994844,jitter,2.0
Tikhonov,45,16.648312841145323,0.5415477822426502,0.529045,jitter,2.0
Tikhonov,46,18.131340250054492,0.43446110280698225,0.4267095,jitter,2.0
Tikhonov,47,16.479079040588125,0.44927511910507684,0.6049845,jitter,2.0
Tikhonov,48,16.68278380910828,0.6576066062350812,0.34877425,jitter,2.0
Tikhonov,49,17.226565232801864,0.6229642474887246,0.429368,jitter,2.0
Tikhonov,50,17.18419174213159,0.5159138905308748,0.47903275,jitter,2.0
Tikhonov,51,15.769128626595608,0.7039194823866172,0.4000036,jitter,2.0
Tikhonov,52,16.667283405234176,0.6013527950464386,0.47424048,jitter,2.0
Tikhonov,53,16.63218656287345,0.5533256231329003,0.59047115,jitter,2.0
Tikhonov,54,15.547640001438268,0.6753741131084279,0.44000202,jitter,2.0
Tikhonov,55,16.100091246620313,0.598349701431349,0.45411447,jitter,2.0
Tikhonov,56,17.53516452927517,0.6682871340327581,0.38189462,jitter,2.0
Tikhonov,57,17.96384705901432,0.30040140463831094,0.6117524,jitter,2.0
Tikhonov,58,17.07426576822457,0.5878843479556001,0.4205695,jitter,2.0
Tikhonov,59,17.834839439977063,0.4004080775742273,0.60007256,jitter,2.0
Tikhonov,60,17.07092970828256,0.5277352055616741,0.41114247,jitter,2.0
Tikhonov,61,16.202482525409373,0.6377060492888617,0.41803345,jitter,2.0
Tikhonov,62,17.890899177991226,0.4426340269225973,0.5659593,jitter,2.0
Tikhonov,63,16.869696154424137,0.5471628061649659,0.47420993,jitter,2.0
Tikhonov,64,16.45062401181438,0.6578802188576011,0.40974262,jitter,2.0
Tikhonov,65,18.113859402426804,0.396212479446472,0.54109526,jitter,2.0
Tikhonov,66,15.93696551390937,0.5989741591201742,0.5184125,jitter,2.0
Tikhonov,67,16.88362216374726,0.5687009463907404,0.47775304,jitter,2.0
Tikhonov,68,16.87326776686298,0.637146760869294,0.3557919,jitter,2.0
Tikhonov,69,16.07838819248154,0.7004123268834669,0.4498549,jitter,2.0
Tikhonov,70,16.953289646841952,0.5353979132938428,0.4555305,jitter,2.0
Tikhonov,71,16.13776318173384,0.7792418547333526,0.3638316,jitter,2.0
Tikhonov,72,16.138250009059018,0.6425141341222281,0.46107715,jitter,2.0
Tikhonov,73,16.88749859384362,0.5457577833108227,0.3939628,jitter,2.0
Tikhonov,74,19.156485548679257,0.38048359525797903,0.43364173,jitter,2.0
Tikhonov,75,16.865168650667496,0.5280095550004578,0.45996487,jitter,2.0
Tikhonov,76,16.767062886816866,0.48909067956120744,0.53846955,jitter,2.0
Tikhonov,77,17.132015250033458,0.5777886416171369,0.5199045,jitter,2.0
Tikhonov,78,17.671046811807066,0.45574291227654795,0.44445378,jitter,2.0
Tikhonov,79,16.8903494688208,0.6708764513768833,0.3407154,jitter,2.0
Tikhonov,80,17.360261013043253,0.4851609692456151,0.45110464,jitter,2.0
Tikhonov,81,16.6233334991973,0.5699692121976294,0.43681774,jitter,2.0
Tikhonov,82,16.093002993030062,0.6711419704699724,0.40585297,jitter,2.0
Tikhonov,83,17.385556532172266,0.47492334876264336,0.4942183,jitter,2.0
Tikhonov,84,15.797415272098744,0.6083365692877334,0.47645944,jitter,2.0
Tikhonov,85,16.88106699842497,0.679227562592132,0.3548236,jitter,2.0
Tikhonov,86,17.77050324448365,0.5441678474841962,0.38210088,jitter,2.0
Tikhonov,87,16.455256783315996,0.5994618681061259,0.44105342,jitter,2.0
Tikhonov,88,16.73170811389206,0.6110179534716885,0.42634588,jitter,2.0
Tikhonov,89,17.79534518970068,0.39234905159302935,0.47535512,jitter,2.0
Tikhonov,90,16.55513085288146,0.6119095573443746,0.45631093,jitter,2.0
Tikhonov,91,16.642948989322377,0.5004854296218153,0.489945,jitter,2.0
Tikhonov,92,16.919871756270034,0.40744940229390425,0.61319095,jitter,2.0
Tikhonov,93,17.144098401780134,0.6193497046279386,0.34353587,jitter,2.0
Tikhonov,94,17.623684175134898,0.4372993417797141,0.40474436,jitter,2.0
Tikhonov,95,16.298605361720867,0.6724313607271991,0.3581952,jitter,2.0
Tikhonov,96,18.589066989741376,0.34809545918236956,0.53114927,jitter,2.0
Tikhonov,97,17.160102660191875,0.5833807972532578,0.37875095,jitter,2.0
Tikhonov,98,16.535381032312422,0.5666255976048429,0.4813305,jitter,2.0
Tikhonov,99,16.512310708032697,0.6109193176161478,0.40687245,jitter,2.0
Tikhonov,100,16.362535871344473,0.5029222529953007,0.5929569,jitter,2.0
Tikhonov,101,16.25205134311039,0.6581676078424885,0.46473598,jitter,2.0
Tikhonov,102,16.105727665571326,0.6370545205982953,0.4627865,jitter,2.0
Tikhonov,103,17.320104880829245,0.6184749016208739,0.41681886,jitter,2.0
Tikhonov,104,16.888675010342602,0.5830329356696803,0.47709224,jitter,2.0
Tikhonov,105,17.02575322442452,0.5397573064085219,0.48917437,jitter,2.0
Tikhonov,106,15.811587791185104,0.6998257241425901,0.46879128,jitter,2.0
Tikhonov,107,18.839142623247913,0.4057149137514605,0.4743038,jitter,2.0
Tikhonov,108,17.535359354616325,0.5107441993417269,0.42532355,jitter,2.0
Tikhonov,109,16.37218916267035,0.5128847258184721,0.5258907,jitter,2.0
Tikhonov,110,16.45567173407767,0.5842451035263486,0.43224466,jitter,2.0
Tikhonov,111,18.240468589131833,0.43720022921617846,0.4359685,jitter,2.0
Tikhonov,112,17.199151496769893,0.46649573324777355,0.50344574,jitter,2.0
Tikhonov,113,17.37940545068352,0.51783024828399,0.4309079,jitter,2.0
Tikhonov,114,17.489128760491525,0.4747596015068433,0.48006317,jitter,2.0
Tikhonov,115,17.468530935709957,0.45894265895726716,0.5026644,jitter,2.0
Tikhonov,116,17.579676156174887,0.4272470432069068,0.5327807,jitter,2.0
Tikhonov,117,17.165444435958264,0.5954653404408696,0.41904187,jitter,2.0
Tikhonov,118,17.428071715463872,0.4808677934403127,0.5236293,jitter,2.0
Tikhonov,119,16.238473713161984,0.6378077051511746,0.43326068,jitter,2.0
Tikhonov,120,16.32893162694595,0.7245690016247225,0.37931064,jitter,2.0
Tikhonov,121,17.475201232191274,0.5522478207559055,0.46614644,jitter,2.0
Tikhonov,122,18.619486198453473,0.41407206794343243,0.4983779,jitter,2.0
Tikhonov,123,16.59534720740799,0.5794668375535614,0.4658814,jitter,2.0
Tikhonov,124,16.881088295661723,0.5231172498527237,0.43539566,jitter,2.0
Tikhonov,125,17.02138644199646,0.47863813912065906,0.5082103,jitter,2.0
Tikhonov,126,16.067075912771454,0.6958876570401913,0.4536996,jitter,2.0
Tikhonov,127,16.676910722911163,0.5920114880480635,0.43613556,jitter,2.0
Tikhonov,128,15.840193826420727,0.6391845371589557,0.39303493,jitter,2.0
Tikhonov,129,16.525469781012315,0.5646851649185574,0.4885148,jitter,2.0
Tikhonov,130,16.761224030740486,0.6392233929407306,0.37105608,jitter,2.0
Tikhonov,131,16.36786886644439,0.6740110937047996,0.36317375,jitter,2.0
Tikhonov,132,16.048333175912173,0.6965965355120114,0.389451,jitter,2.0
Tikhonov,133,16.832357721355866,0.6610801001411308,0.38196242,jitter,2.0
Tikhonov,134,16.1415840191632,0.5711558989645078,0.44732806,jitter,2.0
Tikhonov,135,18.372510621223867,0.3900284816762086,0.42775166,jitter,2.0
Tikhonov,136,16.531086169789077,0.6163507701135394,0.4566001,jitter,2.0
Tikhonov,137,17.50289986190849,0.42401274524615645,0.44083098,jitter,2.0
Tikhonov,138,16.038991341404646,0.5743195662144591,0.45751974,jitter,2.0
Tikhonov,139,16.41671808562419,0.5670578321870147,0.45737123,jitter,2.0
Tikhonov,140,16.958897246179255,0.4269649985502282,0.58011967,jitter,2.0
Tikhonov,141,16.933313002694007,0.44284414919478093,0.5178205,jitter,2.0
Tikhonov,142,16.296395440091732,0.5990853687899365,0.50575566,jitter,2.0
Tikhonov,143,18.871270844776213,0.3407581734522977,0.5208584,jitter,2.0
Tikhonov,144,16.462505927064687,0.5393585445103668,0.46314344,jitter,2.0
Tikhonov,145,18.482653809740754,0.32395912178557307,0.55120784,jitter,2.0
Tikhonov,146,16.080422277813266,0.5867834744577138,0.42830175,jitter,2.0
Tikhonov,147,16.163135580062253,0.7224282654779693,0.37694132,jitter,2.0
Tikhonov,148,16.77139075131137,0.6149681886616701,0.46052456,jitter,2.0
Tikhonov,149,16.85464481483675,0.4909478177933199,0.5678634,jitter,2.0
Tikhonov,150,16.98597890327033,0.565464477808588,0.4524876,jitter,2.0
Tikhonov,151,15.61457499984489,0.6493305745690942,0.4653026,jitter,2.0
Tikhonov,152,16.85724259061565,0.5208436656617733,0.5037634,jitter,2.0
Tikhonov,153,16.99084050961242,0.5651793123731844,0.5082002,jitter,2.0
Tikhonov,154,18.53438362861808,0.3049987178966441,0.58281493,jitter,2.0
Tikhonov,155,16.703101286113977,0.6527044130883696,0.40413505,jitter,2.0
Tikhonov,156,17.341951205742223,0.52100401185934,0.45364165,jitter,2.0
Tikhonov,157,16.561405548782098,0.5917993158968897,0.46873617,jitter,2.0
Tikhonov,158,17.337095862680695,0.5925663952796993,0.43216693,jitter,2.0
Tikhonov,159,17.805578273405814,0.44075238799641664,0.52247906,jitter,2.0
Tikhonov,160,16.82678703633711,0.5451073783092886,0.43954015,jitter,2.0
Tikhonov,161,16.21735051124618,0.6128983116715431,0.47339153,jitter,2.0
Tikhonov,162,16.27382496033407,0.6890434941569389,0.39122796,jitter,2.0
Tikhonov,163,16.876575107584287,0.639961199474392,0.39156032,jitter,2.0
Tikhonov,164,16.52940451251235,0.517865997571729,0.4863557,jitter,2.0
Tikhonov,165,16.451419807603003,0.6944264050398488,0.41327393,jitter,2.0
Tikhonov,166,16.193078282345766,0.5329129143035009,0.5248733,jitter,2.0
Tikhonov,167,17.29148652308892,0.49696084869638746,0.506618,jitter,2.0
Tikhonov,168,18.988646359992117,0.3788389492864636,0.454006,jitter,2.0
Tikhonov,169,18.083950605509116,0.5342175852546318,0.4393268,jitter,2.0
Tikhonov,170,17.840697613296456,0.47811747581973646,0.49324596,jitter,2.0
Tikhonov,171,17.120417450067713,0.6091004999600782,0.36046594,jitter,2.0
Tikhonov,172,15.45089776862194,0.6769191871283187,0.4597442,jitter,2.0
Tikhonov,173,16.384150524919377,0.5842161380295249,0.55422133,jitter,2.0
Tikhonov,174,16.9010907211436,0.5556517365313528,0.4546665,jitter,2.0
Tikhonov,175,19.14110888757594,0.3297153648805866,0.6596956,jitter,2.0
Tikhonov,176,20.0718457201207,0.3090122315719,0.5894051,jitter,2.0
Tikhonov,177,16.548820630382316,0.5474691937556336,0.44602484,jitter,2.0
Tikhonov,178,18.530915389365283,0.3486905390082104,0.49140835,jitter,2.0
Tikhonov,179,16.205441054956307,0.5955345756850544,0.40995252,jitter,2.0
Tikhonov,180,19.00154494665529,0.3421660612297845,0.49721512,jitter,2.0
Tikhonov,181,16.459346668315096,0.5971894772653084,0.411513,jitter,2.0
Tikhonov,182,17.707803011311867,0.483059330641827,0.47268468,jitter,2.0
Tikhonov,183,15.341882558600888,0.7293782987483212,0.41710344,jitter,2.0
Tikhonov,184,17.148013474395658,0.5722355589343712,0.44147843,jitter,2.0
Tikhonov,185,16.529906269465183,0.5320623934265103,0.48598403,jitter,2.0
Tikhonov,186,16.229158830106904,0.668009911880305,0.36892614,jitter,2.0
Tikhonov,187,16.219256559874353,0.6527610870072433,0.4512462,jitter,2.0
Tikhonov,188,15.986284981245367,0.7153352014318759,0.38903382,jitter,2.0
Tikhonov,189,18.635280048116684,0.29793823985450263,0.61514646,jitter,2.0
Tikhonov,190,18.21534330037371,0.45065071976099985,0.39981145,jitter,2.0
Tikhonov,191,18.397618414998107,0.36293648807226087,0.5155159,jitter,2.0
Tikhonov,192,15.951646250813729,0.6463951604921382,0.44993335,jitter,2.0
Tikhonov,193,16.791166522695026,0.5092913852937228,0.50045085,jitter,2.0
Tikhonov,194,15.940739380616602,0.6699369403039113,0.4464587,jitter,2.0
Tikhonov,195,17.549929905378228,0.3820071028555601,0.6358918,jitter,2.0
Tikhonov,196,17.955764297605345,0.3948021730410959,0.4318433,jitter,2.0
Tikhonov,197,16.52286292030584,0.550675973764232,0.3955916,jitter,2.0
Tikhonov,198,17.02212904259245,0.4759228965214623,0.50137776,jitter,2.0
Tikhonov,199,16.92145253190351,0.6695849381720124,0.34356633,jitter,2.0
TV,0,19.95479082074467,0.6014385284237325,0.3659083,jitter,2.0
TV,1,19.596293354406775,0.7032272555350138,0.29756007,jitter,2.0
TV,2,20.01825484424963,0.4007328541151802,0.50426465,jitter,2.0
TV,3,19.671053271560368,0.8088186959849578,0.2552296,jitter,2.0
TV,4,19.7809782715689,0.6941788982184343,0.36695287,jitter,2.0
TV,5,20.932995463307925,0.45678099858995974,0.3689024,jitter,2.0
TV,6,18.69326935750022,0.6690694631259188,0.39625534,jitter,2.0
TV,7,19.543327905589415,0.5933302130044076,0.35359505,jitter,2.0
TV,8,19.793485457356876,0.7596102307578511,0.28037694,jitter,2.0
TV,9,19.193670714532857,0.7069852856393858,0.29824576,jitter,2.0
TV,10,19.140417911323713,0.8094151423597509,0.31270382,jitter,2.0
TV,11,17.89077840405209,0.7296997845372039,0.3820097,jitter,2.0
TV,12,18.807175903676207,0.6128500899908995,0.3723799,jitter,2.0
TV,13,18.247929500137488,0.7760688943710479,0.34639436,jitter,2.0
TV,14,21.481613876466497,0.47837521528059324,0.3089492,jitter,2.0
TV,15,18.176781004653154,0.7255639133581406,0.41961047,jitter,2.0
TV,16,18.734003464529177,0.7010573093810173,0.37296972,jitter,2.0
TV,17,19.908522649768475,0.656764226649553,0.32387912,jitter,2.0
TV,18,19.158324696704653,0.8038170529444787,0.28279206,jitter,2.0
TV,19,20.050929652113588,0.6211976025207594,0.39445025,jitter,2.0
TV,20,19.684263165919557,0.6617808754552033,0.2984956,jitter,2.0
TV,21,19.77716348612797,0.6405804076093472,0.33644998,jitter,2.0
TV,22,18.258212005183427,0.7306681716052646,0.39056766,jitter,2.0
TV,23,18.88480065688539,0.6663321700208813,0.39344838,jitter,2.0
TV,24,18.24087955182488,0.5243286171438334,0.5649875,jitter,2.0
TV,25,18.922113981964998,0.8800501337906054,0.23036113,jitter,2.0
TV,26,18.420436308330054,0.5065981578567712,0.48687178,jitter,2.0
TV,27,19.592658773400487,0.7019104544046404,0.34304136,jitter,2.0
TV,28,18.82017973575743,0.7899552765696826,0.29461125,jitter,2.0
TV,29,21.670221121689156,0.44742234685017596,0.35372266,jitter,2.0
TV,30,19.742439172201806,0.674363781312242,0.3141158,jitter,2.0
TV,31,21.064069543866715,0.44528243212079366,0.41679958,jitter,2.0
TV,32,18.702060843791408,0.7062665545150699,0.34616756,jitter,2.0
TV,33,19.281559053461056,0.7533115978075637,0.34051716,jitter,2.0
TV,34,19.95376431778424,0.691845613799716,0.29653332,jitter,2.0
TV,35,18.65547756165797,0.8331140583229043,0.33382022,jitter,2.0
TV,36,19.359033540590133,0.6669256810256673,0.3541113,jitter,2.0
TV,37,21.88332741778661,0.4477748049443303,0.3287646,jitter,2.0
TV,38,17.607047848896038,0.6071369861657173,0.48246086,jitter,2.0
TV,39,21.34589641209687,0.5307320286769974,0.30081972,jitter,2.0
TV,40,21.35566132664327,0.41577061871259113,0.5224056,jitter,2.0
TV,41,18.739749483337857,0.561725733670154,0.4443265,jitter,2.0
TV,42,19.951451480728927,0.6757361850680106,0.31352264,jitter,2.0
TV,43,19.759948894944024,0.5638365040524586,0.40832517,jitter,2.0
TV,44,20.468590990688973,0.5742030469104186,0.33507484,jitter,2.0
TV,45,18.455477696929005,0.6494963616231353,0.42966935,jitter,2.0
TV,46,21.301354034989597,0.545726967973573,0.29623175,jitter,2.0
TV,47,17.758331792939032,0.5600030054261308,0.5221336,jitter,2.0
TV,48,19.81467875056951,0.7539324444104832,0.2431922,jitter,2.0
TV,49,19.584416879983088,0.7489490887599474,0.32729328,jitter,2.0
TV,50,19.284757973276406,0.6110605730926272,0.37612906,jitter,2.0
TV,51,18.69922004503191,0.8342810905430743,0.28546923,jitter,2.0
TV,52,18.954043290365,0.7196016305103159,0.36446902,jitter,2.0
TV,53,17.942834375702226,0.6811349243724195,0.5077691,jitter,2.0
TV,54,17.773944608203863,0.7863729203693292,0.34051752,jitter,2.0
TV,55,19.035499742433373,0.7118080809600805,0.323888,jitter,2.0
TV,56,21.25620432595317,0.7945451597444528,0.24882358,jitter,2.0
TV,57,19.64901134372696,0.3846359959662091,0.50386876,jitter,2.0
TV,58,19.48605767763699,0.6939166934837487,0.3186018,jitter,2.0
TV,59,19.143485797396885,0.49960562010047466,0.5161447,jitter,2.0
TV,60,19.619352248697496,0.654993274206503,0.30659935,jitter,2.0
TV,61,18.97947693741313,0.7432948460182837,0.30364165,jitter,2.0
TV,62,20.02689532306007,0.5477991848154579,0.44257343,jitter,2.0
TV,63,19.256535570904834,0.6555568323348464,0.3602705,jitter,2.0
TV,64,19.516658052650783,0.7665546656589116,0.28787863,jitter,2.0
TV,65,19.917276898952124,0.5312457145158055,0.4396457,jitter,2.0
TV,66,17.55943232091015,0.7022617460268912,0.4300828,jitter,2.0
TV,67,18.746116630665163,0.6708276338224908,0.38554826,jitter,2.0
TV,68,20.376112838394413,0.7552170156739837,0.23771347,jitter,2.0
TV,69,18.482033993061226,0.8028653349129922,0.34110668,jitter,2.0
TV,70,19.89836001933368,0.6543343799282058,0.3245368,jitter,2.0
TV,71,19.39668133777888,0.8821429057250738,0.25000837,jitter,2.0
TV,72,18.462291740087377,0.748840036628814,0.3528349,jitter,2.0
TV,73,20.021821618255146,0.6611278821071533,0.27462438,jitter,2.0
TV,74,22.83797765889942,0.5154982998347571,0.28382882,jitter,2.0
TV,75,19.081641378368573,0.6369864753508085,0.35636994,jitter,2.0
TV,76,18.66165883661349,0.6408976990573708,0.43294367,jitter,2.0
TV,77,19.427392633133348,0.7116052202417608,0.3991671,jitter,2.0
TV,78,20.817386048204185,0.578740535782119,0.3093924,jitter,2.0
TV,79,19.55402618485823,0.7690859937930695,0.25073096,jitter,2.0
TV,80,20.459245480193825,0.6034534698956423,0.31573886,jitter,2.0
TV,81,19.79734425984038,0.6884806029082946,0.30310968,jitter,2.0
TV,82,19.06768376458839,0.7811038174044941,0.28816065,jitter,2.0
TV,83,19.46806942321229,0.5739514876728539,0.3888599,jitter,2.0
TV,84,17.782211276214298,0.7293689510956299,0.37912822,jitter,2.0
TV,85,20.012134452377566,0.7761579062270139,0.24743386,jitter,2.0
TV,86,20.551860014546413,0.6647502168077852,0.2774024,jitter,2.0
TV,87,18.457241057745343,0.698737405627304,0.35026118,jitter,2.0
TV,88,18.955468845645832,0.7366110015317051,0.33004567,jitter,2.0
TV,89,20.652321486201156,0.5405431899852081,0.34211284,jitter,2.0
TV,90,18.968636053159056,0.7413833099046976,0.34560943,jitter,2.0
TV,91,18.44242057798021,0.5887252961642355,0.39826643,jitter,2.0
TV,92,18.31073853676219,0.5030750381362947,0.5224592,jitter,2.0
TV,93,19.801242466733314,0.7155503783652113,0.2529967,jitter,2.0
TV,94,20.412128857710666,0.5695505841771787,0.2936017,jitter,2.0
TV,95,19.141510880761516,0.7788260201346283,0.25821084,jitter,2.0
TV,96,20.746132723883846,0.45367354214478145,0.41434616,jitter,2.0
TV,97,20.6212702942753,0.6864499442340913,0.25427014,jitter,2.0
TV,98,18.960732993512465,0.7124760405469324,0.36406237,jitter,2.0
TV,99,18.8306234048023,0.7278991224761853,0.3115607,jitter,2.0
TV,100,17.748964369635605,0.6154160975923084,0.5054773,jitter,2.0
TV,101,18.465264305332983,0.7651157858389457,0.36020163,jitter,2.0
TV,102,18.364593806556172,0.7748807411177145,0.3568103,jitter,2.0
TV,103,20.032309931838313,0.7200512019948637,0.30502617,jitter,2.0
TV,104,19.65613202752182,0.7176477761250297,0.3469201,jitter,2.0
TV,105,19.251620362284807,0.6796024367872294,0.37859103,jitter,2.0
TV,106,18.0379588029723,0.8191249619732603,0.36279473,jitter,2.0
TV,107,21.475583941164263,0.5490729783657815,0.35013422,jitter,2.0
TV,108,20.0389263422119,0.6179117093214858,0.3188167,jitter,2.0
TV,109,18.441027244295974,0.6313046780376395,0.41443226,jitter,2.0
TV,110,18.895710706079598,0.7017890043731794,0.32638308,jitter,2.0
TV,111,21.602586618060702,0.538551831605444,0.29603916,jitter,2.0
TV,112,19.495030659543467,0.5885894781811748,0.38650823,jitter,2.0
TV,113,20.370639837688923,0.6534742875970431,0.3053674,jitter,2.0
TV,114,19.6379606104993,0.5767459798390662,0.37484938,jitter,2.0
TV,115,19.776827515855818,0.5603419130770028,0.38535702,jitter,2.0
TV,116,19.621989178740048,0.5492341893355647,0.42114615,jitter,2.0
TV,117,19.924390254755394,0.7172331608704884,0.30500725,jitter,2.0
TV,118,19.172297109440343,0.5737178369850009,0.4283637,jitter,2.0
TV,119,18.62927455483543,0.7384601593217697,0.32901013,jitter,2.0
TV,120,19.221767800464796,0.8226809339859515,0.27186495,jitter,2.0
TV,121,20.2973174603649,0.6757816075662936,0.3368345,jitter,2.0
TV,122,21.512962743100523,0.5384462834576391,0.3571782,jitter,2.0
TV,123,19.201872035456145,0.731131914485446,0.34510335,jitter,2.0
TV,124,19.546721498528118,0.6267385764503544,0.3203335,jitter,2.0
TV,125,19.399199333680137,0.6123573250427827,0.38650298,jitter,2.0
TV,126,18.42336340222422,0.8098253448578444,0.34590277,jitter,2.0
TV,127,19.468849213239608,0.7126941959891269,0.31624565,jitter,2.0
TV,128,17.74820357872173,0.7339965738339277,0.31552273,jitter,2.0
TV,129,18.62455985840245,0.6632335108660607,0.38363945,jitter,2.0
TV,130,18.986194086233603,0.7337241421505609,0.28720438,jitter,2.0
TV,131,19.39910134890784,0.7914567967820989,0.2561845,jitter,2.0
TV,132,19.456934348513553,0.8180876889166014,0.2630406,jitter,2.0
TV,133,20.026962102900704,0.7697464617686962,0.26441765,jitter,2.0
TV,134,18.793961200846102,0.6933954560865594,0.32961527,jitter,2.0
TV,135,21.547675775330084,0.45914494949835544,0.2967792,jitter,2.0
TV,136,19.252745007427983,0.7300104638568822,0.33377442,jitter,2.0
TV,137,19.774598569450934,0.5009421354493084,0.33938068,jitter,2.0
TV,138,17.852634247251807,0.6751425835325129,0.37130234,jitter,2.0
TV,139,18.515745062009334,0.670571265892753,0.35918444,jitter,2.0
TV,140,18.443439212950402,0.5191414032087176,0.4889793,jitter,2.0
TV,141,19.068643547396217,0.5449217088469535,0.4049605,jitter,2.0
TV,142,18.61342352666329,0.7433129977030787,0.38733733,jitter,2.0
TV,143,21.39243993244581,0.4575987862122884,0.3896379,jitter,2.0
TV,144,18.656211274120714,0.6382138767221477,0.3597744,jitter,2.0
TV,145,20.363715626440314,0.42661369253962095,0.44387662,jitter,2.0
TV,146,17.816359528744666,0.7194386591648005,0.3507139,jitter,2.0
TV,147,19.120404532476,0.8332724816681556,0.26817003,jitter,2.0
TV,148,19.52401750253874,0.7213510696363467,0.3354451,jitter,2.0
TV,149,18.120051324492135,0.6319146094100996,0.490878,jitter,2.0
TV,150,19.34471191753153,0.6816051127004229,0.34488156,jitter,2.0
TV,151,17.538117270601962,0.7517117648962731,0.3728708,jitter,2.0
TV,152,19.155580402118787,0.6311837820870675,0.38664258,jitter,2.0
TV,153,19.50620583340306,0.679545439889439,0.38042286,jitter,2.0
TV,154,20.2396614868847,0.3815743800296933,0.4789242,jitter,2.0
TV,155,19.19461237053378,0.7663295408816669,0.30335486,jitter,2.0
TV,156,20.19199347710412,0.6382439341857906,0.3267464,jitter,2.0
TV,157,19.29399184142047,0.7020646384109027,0.3422151,jitter,2.0
TV,158,20.355116979796286,0.6941998736030415,0.30531663,jitter,2.0
TV,159,19.852512596198867,0.5481850368678878,0.41278335,jitter,2.0
TV,160,19.53780835303096,0.6640759322461326,0.32169735,jitter,2.0
TV,161,18.453270622902636,0.7508414994159421,0.36595228,jitter,2.0
TV,162,19.223111790094872,0.7874915245631786,0.27859,jitter,2.0
TV,163,19.492574818990484,0.7443137953634189,0.28973347,jitter,2.0
TV,164,18.182522487360696,0.6030760737894149,0.40206674,jitter,2.0
TV,165,18.70993761732588,0.7934999838052895,0.31864864,jitter,2.0
TV,166,17.761149504424843,0.6415946665402763,0.43817842,jitter,2.0
TV,167,19.687463571351817,0.6208404833138228,0.38448712,jitter,2.0
TV,168,21.950231569807862,0.4571587230330949,0.32283628,jitter,2.0
TV,169,20.359207683248496,0.651631022842932,0.33808416,jitter,2.0
TV,170,20.047892547138414,0.581374460568869,0.3825637,jitter,2.0
TV,171,20.023109136213044,0.7112981682433555,0.2580653,jitter,2.0
TV,172,17.93192197773944,0.7937908766575712,0.34551352,jitter,2.0
TV,173,17.841447667543726,0.6918112178206105,0.46861738,jitter,2.0
TV,174,19.11864165150512,0.6634054148337835,0.35222113,jitter,2.0
TV,175,20.42744242026608,0.4621134750797098,0.5688882,jitter,2.0
TV,176,22.656701303686972,0.4212457578598468,0.43769455,jitter,2.0
TV,177,19.627195763650594,0.6903952238898463,0.31292504,jitter,2.0
TV,178,21.498280439979098,0.4662493048358443,0.34920004,jitter,2.0
TV,179,18.606157253322806,0.6967194662573709,0.31095517,jitter,2.0
TV,180,22.106587813395695,0.4426238365175033,0.34777004,jitter,2.0
TV,181,18.90911813456585,0.6910337900054018,0.31038088,jitter,2.0
TV,182,20.778798383033994,0.5916131698807379,0.3319111,jitter,2.0
TV,183,18.2928290466143,0.8558981139703523,0.29695895,jitter,2.0
TV,184,19.249270547847935,0.6851274252903825,0.34661445,jitter,2.0
TV,185,18.570044764919945,0.6483605035550869,0.38425106,jitter,2.0
TV,186,19.333986284175822,0.7648157864676265,0.25804654,jitter,2.0
TV,187,18.94337151407377,0.7709726365167678,0.32976747,jitter,2.0
TV,188,19.048891216431937,0.8170955119575644,0.27343684,jitter,2.0
TV,189,21.127002574403697,0.4195371008274138,0.4617346,jitter,2.0
TV,190,21.124992482818037,0.5713413106114026,0.28600445,jitter,2.0
TV,191,20.5294110753886,0.4674565350927397,0.4033225,jitter,2.0
TV,192,18.30800978231055,0.7524261931895494,0.34302837,jitter,2.0
TV,193,18.575222924336227,0.6299570938726226,0.40752912,jitter,2.0
TV,194,18.682182859557177,0.7997908542194396,0.32561857,jitter,2.0
TV,195,18.96735500800409,0.5060276237450163,0.540147,jitter,2.0
TV,196,21.319081508191182,0.473870217674104,0.29319757,jitter,2.0
TV,197,18.687224107990875,0.6501035103288167,0.3083394,jitter,2.0
TV,198,18.990193046992637,0.5960137011215845,0.3997255,jitter,2.0
TV,199,20.308533836812465,0.7764632305089954,0.2326251,jitter,2.0
PnP-DnCNN,0,26.09370081400519,0.9466791827508734,0.18047903,jitter,2.0
PnP-DnCNN,1,24.506083138524822,0.969600151146739,0.16907723,jitter,2.0
PnP-DnCNN,2,25.65881632689131,0.9566038040336499,0.2634089,jitter,2.0
PnP-DnCNN,3,22.84908258043474,0.9567466473961173,0.17702295,jitter,2.0
PnP-DnCNN,4,24.741232479865026,0.9466388545745661,0.20729917,jitter,2.0
PnP-DnCNN,5,25.71365664129237,0.9613475447351282,0.21275432,jitter,2.0
PnP-DnCNN,6,22.828791671468714,0.9257985701522797,0.24614953,jitter,2.0
PnP-DnCNN,7,22.006211649682573,0.9411257122420082,0.26629436,jitter,2.0
PnP-DnCNN,8,24.031962307280242,0.9600197246744613,0.1721149,jitter,2.0
PnP-DnCNN,9,21.172549657460394,0.9323826619108354,0.23748179,jitter,2.0
PnP-DnCNN,10,23.788693545093984,0.9514960769779426,0.1831131,jitter,2.0
PnP-DnCNN,11,23.01254255359236,0.948628379278316,0.21182938,jitter,2.0
PnP-DnCNN,12,22.32311683902969,0.946242112697156,0.24842152,jitter,2.0
PnP-DnCNN,13,24.251981123627377,0.9582768593537659,0.17352746,jitter,2.0
PnP-DnCNN,14,26.00430130308172,0.9680127476857714,0.1835493,jitter,2.0
PnP-DnCNN,15,22.834042449551056,0.9102879246958524,0.24546139,jitter,2.0
PnP-DnCNN,16,23.830097588480506,0.9588171449328257,0.20742871,jitter,2.0
PnP-DnCNN,17,24.450028902439925,0.9545481400795219,0.19200285,jitter,2.0
PnP-DnCNN,18,22.16018645926915,0.9544825348849139,0.20015854,jitter,2.0
PnP-DnCNN,19,25.046272802867875,0.9491945536545485,0.22193463,jitter,2.0
PnP-DnCNN,20,21.55482481874257,0.9316840789719554,0.24066328,jitter,2.0
PnP-DnCNN,21,24.585824498049686,0.954028046143449,0.19341381,jitter,2.0
PnP-DnCNN,22,22.944506085600093,0.9444291956014623,0.22770973,jitter,2.0
PnP-DnCNN,23,23.035415862009394,0.937598147421829,0.24398157,jitter,2.0
PnP-DnCNN,24,20.901532696335863,0.8177460547881047,0.41591656,jitter,2.0
PnP-DnCNN,25,22.456902961791805,0.9601582137883202,0.15334505,jitter,2.0
PnP-DnCNN,26,22.188336562027263,0.9295779166758553,0.31551474,jitter,2.0
PnP-DnCNN,27,24.98521849919452,0.9575366794077818,0.184382,jitter,2.0
PnP-DnCNN,28,23.494869834660086,0.9522325892216903,0.1719946,jitter,2.0
PnP-DnCNN,29,26.515526578653276,0.9676454727930471,0.20248722,jitter,2.0
PnP-DnCNN,30,23.609052371429613,0.9186078429468407,0.20126078,jitter,2.0
PnP-DnCNN,31,24.1968434844779,0.949759098770451,0.29059526,jitter,2.0
PnP-DnCNN,32,23.13313464485916,0.9360844216440335,0.20784171,jitter,2.0
PnP-DnCNN,33,23.923170316261885,0.9314932102137361,0.19955309,jitter,2.0
PnP-DnCNN,34,24.461576031157364,0.954003797797871,0.17647488,jitter,2.0
PnP-DnCNN,35,23.219383099721753,0.9483053952855759,0.19738647,jitter,2.0
PnP-DnCNN,36,22.809715815084445,0.9169666694654228,0.23801576,jitter,2.0
PnP-DnCNN,37,28.92583617145241,0.975452675922843,0.14613679,jitter,2.0
PnP-DnCNN,38,23.40094359305518,0.9296091890101098,0.2476095,jitter,2.0
PnP-DnCNN,39,25.266736507712185,0.9560411086013495,0.19154212,jitter,2.0
PnP-DnCNN,40,26.641919148478735,0.9395525295379733,0.28424639,jitter,2.0
PnP-DnCNN,41,22.74988006845906,0.9228596112821713,0.28002426,jitter,2.0
PnP-DnCNN,42,24.90010381105709,0.9643130593063417,0.17735209,jitter,2.0
PnP-DnCNN,43,24.68774716351074,0.9318680643481164,0.23153478,jitter,2.0
PnP-DnCNN,44,24.67347522567882,0.9457114367507213,0.20648934,jitter,2.0
PnP-DnCNN,45,23.12295229132011,0.907384110968714,0.25105026,jitter,2.0
PnP-DnCNN,46,25.400687131192853,0.9534085108475252,0.18478425,jitter,2.0
PnP-DnCNN,47,21.215993547499117,0.8475338418358044,0.35066995,jitter,2.0
PnP-DnCNN,48,23.23638763890662,0.9411580419737445,0.16400768,jitter,2.0
PnP-DnCNN,49,24.29556279595583,0.9356008116155863,0.19027415,jitter,2.0
PnP-DnCNN,50,22.167789418577865,0.9351298172365535,0.2698891,jitter,2.0
PnP-DnCNN,51,22.631593730029763,0.950637056623116,0.18152675,jitter,2.0
PnP-DnCNN,52,24.338288220194762,0.9410558314609133,0.19608681,jitter,2.0
PnP-DnCNN,53,23.292829104113896,0.9237506277936179,0.27426258,jitter,2.0
PnP-DnCNN,54,20.733182715321266,0.9332629533961785,0.24220191,jitter,2.0
PnP-DnCNN,55,23.48366728337345,0.9589767463443694,0.19408256,jitter,2.0
PnP-DnCNN,56,24.719133390496904,0.9480295894621324,0.167011,jitter,2.0
PnP-DnCNN,57,25.191185577033185,0.9461750595037602,0.26620042,jitter,2.0
PnP-DnCNN,58,23.405086802730594,0.9394389325521948,0.20290686,jitter,2.0
PnP-DnCNN,59,23.25089843325825,0.925405829775432,0.32166278,jitter,2.0
PnP-DnCNN,60,24.387313023329483,0.9499936797444455,0.1770815,jitter,2.0
PnP-DnCNN,61,23.17522315150271,0.9505175542055575,0.18731563,jitter,2.0
PnP-DnCNN,62,23.511057496853045,0.929843061719059,0.2963311,jitter,2.0
PnP-DnCNN,63,22.856565669758645,0.9293896738778461,0.23802753,jitter,2.0
PnP-DnCNN,64,24.144184208782352,0.9673554936716379,0.16897915,jitter,2.0
PnP-DnCNN,65,24.582225574949664,0.9504332402644079,0.256954,jitter,2.0
PnP-DnCNN,66,21.81487839192617,0.9324925342374597,0.2634995,jitter,2.0
PnP-DnCNN,67,21.69837473735771,0.9052645008364493,0.2744516,jitter,2.0
PnP-DnCNN,68,22.835165178500887,0.9431897893178561,0.1791023,jitter,2.0
PnP-DnCNN,69,25.206043204017632,0.9699820002987365,0.15728588,jitter,2.0
PnP-DnCNN,70,26.473632557555046,0.9655015547413471,0.15223002,jitter,2.0
PnP-DnCNN,71,23.553157321842527,0.9640467295284606,0.15492828,jitter,2.0
PnP-DnCNN,72,22.699222842163973,0.9232828345165149,0.21663319,jitter,2.0
PnP-DnCNN,73,25.304931348897885,0.9629992808192229,0.14948016,jitter,2.0
PnP-DnCNN,74,26.12519261361782,0.9672724998686925,0.19439976,jitter,2.0
PnP-DnCNN,75,24.47961262439779,0.9466996186158874,0.1914267,jitter,2.0
PnP-DnCNN,76,21.206864579695747,0.8744928942308261,0.32297662,jitter,2.0
PnP-DnCNN,77,24.371336074382583,0.9516488906642622,0.22592151,jitter,2.0
PnP-DnCNN,78,25.29732028299639,0.9539672394921958,0.18471956,jitter,2.0
PnP-DnCNN,79,23.831616912123895,0.9763272298761636,0.15322459,jitter,2.0
PnP-DnCNN,80,23.508906588055737,0.9369188216476401,0.22225167,jitter,2.0
PnP-DnCNN,81,25.397733860283843,0.960698593623382,0.15906706,jitter,2.0
PnP-DnCNN,82,22.95706868383531,0.9427703562354254,0.18414736,jitter,2.0
PnP-DnCNN,83,23.63569488788467,0.9150235612745866,0.24066442,jitter,2.0
PnP-DnCNN,84,21.846195079987957,0.9330597328684054,0.23745807,jitter,2.0
PnP-DnCNN,85,23.539810536282225,0.9320554098302944,0.16484483,jitter,2.0
PnP-DnCNN,86,24.308548167556925,0.9475314243704327,0.18000138,jitter,2.0
PnP-DnCNN,87,21.882751675463943,0.9376677062885821,0.23611115,jitter,2.0
PnP-DnCNN,88,24.576575834511768,0.9665962707035798,0.17279004,jitter,2.0
PnP-DnCNN,89,24.77675009195994,0.9482355737935536,0.21278839,jitter,2.0
PnP-DnCNN,90,24.314599602636072,0.944395695374278,0.18676153,jitter,2.0
PnP-DnCNN,91,23.422129056056377,0.9411797574297949,0.22448552,jitter,2.0
PnP-DnCNN,92,21.98032164359998,0.9166963963099748,0.34243116,jitter,2.0
PnP-DnCNN,93,23.56809702892228,0.9512462982338322,0.16397294,jitter,2.0
PnP-DnCNN,94,24.040397235221626,0.9482629973391332,0.19335043,jitter,2.0
PnP-DnCNN,95,21.050335575071045,0.9331381716265166,0.20726845,jitter,2.0
PnP-DnCNN,96,23.56508217399552,0.922365655753115,0.2995131,jitter,2.0
PnP-DnCNN,97,23.02715446530366,0.9218769704630553,0.192753,jitter,2.0
PnP-DnCNN,98,24.54963808535449,0.94214193002621,0.19130686,jitter,2.0
PnP-DnCNN,99,24.078419758151522,0.9635049565271898,0.17027578,jitter,2.0
PnP-DnCNN,100,21.217487806899527,0.9165081077001311,0.3390592,jitter,2.0
PnP-DnCNN,101,22.96566867564129,0.9529422637968024,0.21454847,jitter,2.0
PnP-DnCNN,102,20.87163950884397,0.8899011474395216,0.267353,jitter,2.0
PnP-DnCNN,103,24.73317941909801,0.9493734329507864,0.17753895,jitter,2.0
PnP-DnCNN,104,23.32762343619811,0.9360241734168746,0.22732903,jitter,2.0
PnP-DnCNN,105,23.95262283761855,0.9554550443922193,0.22035362,jitter,2.0
PnP-DnCNN,106,20.74091807382931,0.9219549558748884,0.2657743,jitter,2.0
PnP-DnCNN,107,24.439751812082356,0.93371940785942,0.24890074,jitter,2.0
PnP-DnCNN,108,24.83490506521774,0.9663973745913053,0.18354481,jitter,2.0
PnP-DnCNN,109,22.843865865563796,0.9178624268590418,0.24963856,jitter,2.0
PnP-DnCNN,110,23.129319878528072,0.9340489509800249,0.20046899,jitter,2.0
PnP-DnCNN,111,26.31357131245533,0.9528392545324712,0.17210756,jitter,2.0
PnP-DnCNN,112,23.29899909226274,0.9274606069103499,0.24943668,jitter,2.0
PnP-DnCNN,113,25.79185113534106,0.965726947981464,0.16359204,jitter,2.0
PnP-DnCNN,114,23.02739126149856,0.9245744367122404,0.25373787,jitter,2.0
PnP-DnCNN,115,26.64950758971588,0.9555130436523886,0.17467439,jitter,2.0
PnP-DnCNN,116,22.91265949406384,0.9226140509829048,0.28833634,jitter,2.0
PnP-DnCNN,117,23.096544146160344,0.9383025897189605,0.21169102,jitter,2.0
PnP-DnCNN,118,24.112552018710932,0.9515674441498666,0.24254923,jitter,2.0
PnP-DnCNN,119,21.070096568410612,0.9049075235851294,0.24840948,jitter,2.0
PnP-DnCNN,120,22.366846133581024,0.9376529665771595,0.18927765,jitter,2.0
PnP-DnCNN,121,23.672792908189855,0.9302985400946673,0.22837195,jitter,2.0
PnP-DnCNN,122,27.625149357377513,0.9547018125837992,0.17671588,jitter,2.0
PnP-DnCNN,123,22.697108734890268,0.9231912840758104,0.23077422,jitter,2.0
PnP-DnCNN,124,23.878818045450284,0.9522375796944642,0.19453491,jitter,2.0
PnP-DnCNN,125,23.320014685610072,0.9348906064021193,0.24610025,jitter,2.0
PnP-DnCNN,126,22.351759843784734,0.9486366643393336,0.22005649,jitter,2.0
PnP-DnCNN,127,24.326870231172308,0.9597922207033338,0.18076882,jitter,2.0
PnP-DnCNN,128,20.85588377221552,0.9167287132648889,0.2206209,jitter,2.0
PnP-DnCNN,129,24.11169790651387,0.9366033095712504,0.20397003,jitter,2.0
PnP-DnCNN,130,21.366627424091146,0.9319664277598139,0.21835813,jitter,2.0
PnP-DnCNN,131,23.292264299308734,0.9499765513849653,0.16364194,jitter,2.0
PnP-DnCNN,132,21.589718239679172,0.9484246727848841,0.20577075,jitter,2.0
PnP-DnCNN,133,21.9306674997876,0.9311669503361726,0.21237585,jitter,2.0
PnP-DnCNN,134,23.476577790644683,0.9471481576685078,0.19225448,jitter,2.0
PnP-DnCNN,135,25.314466776634525,0.956106816349197,0.19235075,jitter,2.0
PnP-DnCNN,136,23.74182458696827,0.9539515999846222,0.1990669,jitter,2.0
PnP-DnCNN,137,22.708522480654327,0.9381968351619795,0.24209784,jitter,2.0
PnP-DnCNN,138,21.133962958654294,0.9251662687329222,0.25448444,jitter,2.0
PnP-DnCNN,139,21.93406505763459,0.9141263691169664,0.24232686,jitter,2.0
PnP-DnCNN,140,20.470959776574894,0.8400978047529636,0.3871814,jitter,2.0
PnP-DnCNN,141,22.069031510606287,0.9425559775318858,0.28667727,jitter,2.0
PnP-DnCNN,142,22.27782607976716,0.906845498121967,0.25402075,jitter,2.0
PnP-DnCNN,143,25.883229738883887,0.9627032693136822,0.23233877,jitter,2.0
PnP-DnCNN,144,23.186915568351274,0.9352403588223556,0.21354777,jitter,2.0
PnP-DnCNN,145,26.10866933330529,0.9476440609086397,0.22909446,jitter,2.0
PnP-DnCNN,146,21.573310051078913,0.9367478809758158,0.22756499,jitter,2.0
PnP-DnCNN,147,22.61633232143125,0.9369922142999232,0.17931388,jitter,2.0
PnP-DnCNN,148,23.95795143951936,0.9610646072128588,0.20133755,jitter,2.0
PnP-DnCNN,149,22.625582694497,0.9197152131660418,0.29221132,jitter,2.0
PnP-DnCNN,150,23.67304680882087,0.9520901384309304,0.20953341,jitter,2.0
PnP-DnCNN,151,20.01203294327407,0.9362720972127165,0.2804546,jitter,2.0
PnP-DnCNN,152,22.87636447640346,0.9296297916511366,0.25192454,jitter,2.0
PnP-DnCNN,153,23.702536175319477,0.9338214345091631,0.23466595,jitter,2.0
PnP-DnCNN,154,26.192835662026475,0.9472263007740344,0.24132821,jitter,2.0
PnP-DnCNN,155,23.077468891212533,0.9561591886661269,0.19400285,jitter,2.0
PnP-DnCNN,156,25.253029777573467,0.9649262786650461,0.18245634,jitter,2.0
PnP-DnCNN,157,23.071135927972428,0.9452169182256234,0.22153477,jitter,2.0
PnP-DnCNN,158,25.29115067419648,0.95545874616085,0.17296124,jitter,2.0
PnP-DnCNN,159,24.75870028617058,0.9309950828521458,0.2346458,jitter,2.0
PnP-DnCNN,160,24.45360554825387,0.9553694902988504,0.18266596,jitter,2.0
PnP-DnCNN,161,22.671941608468494,0.9381504066842646,0.22515985,jitter,2.0
PnP-DnCNN,162,23.08916274814363,0.9555971721602865,0.17851017,jitter,2.0
PnP-DnCNN,163,22.1547094229781,0.9099076445222147,0.21325143,jitter,2.0
PnP-DnCNN,164,21.152900056727248,0.9166282301322242,0.28561383,jitter,2.0
PnP-DnCNN,165,22.88831328857195,0.9284308529266518,0.19696693,jitter,2.0
PnP-DnCNN,166,22.379100843884395,0.9198525950066314,0.25748587,jitter,2.0
PnP-DnCNN,167,23.293003487032024,0.9437537533808346,0.25386617,jitter,2.0
PnP-DnCNN,168,26.44263465821235,0.9572161927757677,0.19246963,jitter,2.0
PnP-DnCNN,169,24.751246062149427,0.9390301987632709,0.20390266,jitter,2.0
PnP-DnCNN,170,24.522886114606123,0.9260785418354776,0.22853574,jitter,2.0
PnP-DnCNN,171,24.728599797059946,0.9662415591522682,0.15012573,jitter,2.0
PnP-DnCNN,172,22.850725057436463,0.9561189878578028,0.19612136,jitter,2.0
PnP-DnCNN,173,20.412081799775244,0.8360401072196878,0.34856734,jitter,2.0
PnP-DnCNN,174,24.136688306633822,0.9485906520473563,0.1976574,jitter,2.0
PnP-DnCNN,175,23.791336138289974,0.9155529801510582,0.38621777,jitter,2.0
PnP-DnCNN,176,28.869179937171204,0.9654325115040314,0.21406576,jitter,2.0
PnP-DnCNN,177,24.375437167193517,0.9520584704462162,0.18114579,jitter,2.0
PnP-DnCNN,178,27.67949582590534,0.9598961447881273,0.17140107,jitter,2.0
PnP-DnCNN,179,22.798842207900453,0.9519582215450273,0.19189493,jitter,2.0
PnP-DnCNN,180,25.887621431499003,0.9635523398799345,0.22503003,jitter,2.0
PnP-DnCNN,181,23.61388487107449,0.9502189293011161,0.1805746,jitter,2.0
PnP-DnCNN,182,24.420387023888857,0.9418888124695033,0.21824402,jitter,2.0
PnP-DnCNN,183,22.518803331119976,0.9590300043259771,0.18255667,jitter,2.0
PnP-DnCNN,184,22.829927649910093,0.9129703495389789,0.22951643,jitter,2.0
PnP-DnCNN,185,23.927121752615275,0.9638182407568309,0.20737731,jitter,2.0
PnP-DnCNN,186,23.663924580926125,0.937146670346664,0.15674768,jitter,2.0
PnP-DnCNN,187,21.751342980640615,0.9154087555756377,0.23867626,jitter,2.0
PnP-DnCNN,188,23.93395395903994,0.9633706664004602,0.15581308,jitter,2.0
PnP-DnCNN,189,26.65230582830116,0.9587267490704198,0.24441464,jitter,2.0
PnP-DnCNN,190,25.652909846667864,0.9646412305349161,0.16981532,jitter,2.0
PnP-DnCNN,191,25.639118542289427,0.9476068679027814,0.22395825,jitter,2.0
PnP-DnCNN,192,24.080790823251455,0.9722500604785178,0.17647815,jitter,2.0
PnP-DnCNN,193,20.827949858902365,0.9221646250033182,0.31442878,jitter,2.0
PnP-DnCNN,194,23.185650330184476,0.9637085249847617,0.19388123,jitter,2.0
PnP-DnCNN,195,20.118127121939274,0.854785006799281,0.47312227,jitter,2.0
PnP-DnCNN,196,27.503968142878747,0.9665067973585169,0.14385204,jitter,2.0
PnP-DnCNN,197,23.962585234832204,0.9466920927597964,0.16798131,jitter,2.0
PnP-DnCNN,198,23.547184619910247,0.9414673028282883,0.23654419,jitter,2.0
PnP-DnCNN,199,24.48729314881955,0.9352317471826864,0.14378665,jitter,2.0
FBP,0,14.390655256056185,0.44687950532813775,0.69435096,jitter,4.0
FBP,1,13.861495326298858,0.5520557998055109,0.57585686,jitter,4.0
FBP,2,15.855324348227677,0.3104436379367407,0.8143387,jitter,4.0
FBP,3,15.110665717764189,0.6879349925586498,0.43146983,jitter,4.0
FBP,4,15.423207830836454,0.5580212787577348,0.60603654,jitter,4.0
FBP,5,15.97709250927053,0.35325915103716066,0.6526895,jitter,4.0
FBP,6,14.381159850872166,0.5155710545089781,0.6509994,jitter,4.0
FBP,7,14.162889174007276,0.41193007551309097,0.6569437,jitter,4.0
FBP,8,15.096901624406376,0.6424530633642365,0.4814725,jitter,4.0
FBP,9,15.108532464044508,0.5720124380996289,0.47734365,jitter,4.0
FBP,10,15.271405640355534,0.7081556577557887,0.4881843,jitter,4.0
FBP,11,14.70164135770397,0.6427769094589166,0.5514819,jitter,4.0
FBP,12,14.824959946535877,0.49349635763578853,0.58897525,jitter,4.0
FBP,13,14.642336007576933,0.6455612591611393,0.5246268,jitter,4.0
FBP,14,15.520564858802658,0.3586018629943252,0.6136766,jitter,4.0
FBP,15,14.302820240390034,0.5732685945968264,0.6554572,jitter,4.0
FBP,16,15.075502341149761,0.5722697298810961,0.5683274,jitter,4.0
FBP,17,15.206980252812736,0.5115139750036298,0.5564935,jitter,4.0
FBP,18,13.849734976612318,0.653104357937931,0.5210707,jitter,4.0
FBP,19,15.621906519278152,0.4551604007545633,0.6568155,jitter,4.0
FBP,20,15.002908925671992,0.5140731297876397,0.5116885,jitter,4.0
FBP,21,15.102247521517931,0.520784479073739,0.5763235,jitter,4.0
FBP,22,14.405757192016257,0.5704029994350612,0.60858184,jitter,4.0
FBP,23,14.865631542096745,0.5245360787514134,0.62495136,jitter,4.0
FBP,24,15.026043428350093,0.3814630750172857,0.8180515,jitter,4.0
FBP,25,14.78097705836565,0.7843509586104014,0.3710787,jitter,4.0
FBP,26,14.935635117428394,0.39674023316799945,0.72720134,jitter,4.0
FBP,27,15.099292697242419,0.5472825655035028,0.57545954,jitter,4.0
FBP,28,14.800387808708797,0.6746478385754348,0.46799254,jitter,4.0
FBP,29,15.458805842944125,0.3199613503362223,0.7231587,jitter,4.0
FBP,30,15.307793701639213,0.5511136616064016,0.523386,jitter,4.0
FBP,31,15.671083079397645,0.29595461540668094,0.77549064,jitter,4.0
FBP,32,14.38322757600023,0.5479691592769116,0.5691517,jitter,4.0
FBP,33,14.58729458575146,0.5795275765134241,0.58459115,jitter,4.0
FBP,34,14.759777387493244,0.5446006059494923,0.5392285,jitter,4.0
FBP,35,14.499091211761046,0.6867491741490807,0.5386814,jitter,4.0
FBP,36,15.005904977050564,0.5402950785354139,0.58451575,jitter,4.0
FBP,37,15.08577986315098,0.30351625613680383,0.7190555,jitter,4.0
FBP,38,14.62423474253907,0.473889802047749,0.6801469,jitter,4.0
FBP,39,16.42113207632631,0.3996176376438763,0.530328,jitter,4.0
FBP,40,15.887516547872435,0.23781478060061262,0.9804266,jitter,4.0
FBP,41,15.047865628794987,0.45042177723067756,0.67966735,jitter,4.0
FBP,42,15.303550534014052,0.5446848003260784,0.53538215,jitter,4.0
FBP,43,15.356330840313122,0.4429588644458765,0.67793345,jitter,4.0
FBP,44,15.79041527605634,0.45265182779696844,0.57418334,jitter,4.0
FBP,45,15.27593444393515,0.5514335592014211,0.6196002,jitter,4.0
FBP,46,15.846793865497638,0.42929892508735906,0.5550852,jitter,4.0
FBP,47,14.472082291260511,0.42170884200477154,0.7622442,jitter,4.0
FBP,48,14.947739822742784,0.6218168102972383,0.42588913,jitter,4.0
FBP,49,14.725157631195483,0.5756621310642951,0.57266426,jitter,4.0
FBP,50,14.726410305458337,0.4766884215147483,0.635703,jitter,4.0
FBP,51,14.004990129855459,0.6788237231462705,0.49008432,jitter,4.0
FBP,52,15.169148046340853,0.5890072012920398,0.5635149,jitter,4.0
FBP,53,15.356957220072955,0.5551742802298059,0.68384886,jitter,4.0
FBP,54,14.189457936991479,0.6760360981582283,0.51447445,jitter,4.0
FBP,55,14.394549679456878,0.5944178662544154,0.5526401,jitter,4.0
FBP,56,15.16840733695962,0.6197074303954425,0.50151205,jitter,4.0
FBP,57,15.426265714641378,0.2897115134842615,0.8193223,jitter,4.0
FBP,58,15.31051959146186,0.563112942567747,0.51525843,jitter,4.0
FBP,59,15.351930979227632,0.37604978561681823,0.7986366,jitter,4.0
FBP,60,15.130823038607302,0.4966873400320133,0.5140409,jitter,4.0
FBP,61,14.384881849285534,0.6175686596793075,0.51533675,jitter,4.0
FBP,62,14.884322298478597,0.4054625915986818,0.80004424,jitter,4.0
FBP,63,14.49859962046389,0.5185027561080557,0.6230537,jitter,4.0
FBP,64,14.96846294742377,0.6374677591468881,0.4859809,jitter,4.0
FBP,65,15.406359220280322,0.3729435748781808,0.7390073,jitter,4.0
FBP,66,13.931241969705898,0.586742900784373,0.65307283,jitter,4.0
FBP,67,14.852717800391,0.5425091685836317,0.6035992,jitter,4.0
FBP,68,15.364832343404558,0.6238468433159051,0.42327031,jitter,4.0
FBP,69,14.860904976442349,0.696040033997558,0.51754326,jitter,4.0
FBP,70,15.24262488417643,0.520459602083561,0.5546905,jitter,4.0
FBP,71,14.800637981806801,0.7647800765359031,0.42438173,jitter,4.0
FBP,72,14.416563424140676,0.6186871034817069,0.56215745,jitter,4.0
FBP,73,14.93087288550537,0.5190685560081582,0.49349928,jitter,4.0
FBP,74,16.62412185028863,0.351788855848768,0.58042926,jitter,4.0
FBP,75,14.976692634956342,0.501181737453836,0.57167405,jitter,4.0
FBP,76,14.95305649653181,0.4746300893856349,0.6635314,jitter,4.0
FBP,77,15.017930942045943,0.5388860374887297,0.66317445,jitter,4.0
FBP,78,15.793195817994077,0.4422004619205115,0.5517205,jitter,4.0
FBP,79,15.083382589166426,0.6380767744940236,0.41950792,jitter,4.0
FBP,80,14.608284718974677,0.43991442302311135,0.61926436,jitter,4.0
FBP,81,15.167474772828644,0.5636878195054281,0.51652724,jitter,4.0
FBP,82,14.739630464328679,0.653256790686619,0.4742828,jitter,4.0
FBP,83,15.292418525743008,0.45501450140814875,0.62889147,jitter,4.0
FBP,84,14.341435098430225,0.60571016473769,0.5634105,jitter,4.0
FBP,85,15.634279291751376,0.673371752267891,0.4095924,jitter,4.0
FBP,86,15.583510707327282,0.5108746287064417,0.49150467,jitter,4.0
FBP,87,14.79466398573332,0.5822996405940185,0.5339749,jitter,4.0
FBP,88,14.849279038953679,0.5893749422909069,0.5295214,jitter,4.0
FBP,89,15.930546762018894,0.3862490036614068,0.5891937,jitter,4.0
FBP,90,14.84086979988148,0.5935866544947984,0.5558709,jitter,4.0
FBP,91,14.53855370295255,0.48323598424427805,0.6242623,jitter,4.0
FBP,92,15.057161082797705,0.40236438887132703,0.759856,jitter,4.0
FBP,93,15.224918009983504,0.5862771279540494,0.4284806,jitter,4.0
FBP,94,15.617783812904978,0.4184621771631454,0.5098892,jitter,4.0
FBP,95,14.606904370752144,0.659884050863725,0.43521592,jitter,4.0
FBP,96,15.533041649053132,0.31263611691301324,0.75512326,jitter,4.0
FBP,97,15.37408257851439,0.5703615807384071,0.4652161,jitter,4.0
FBP,98,14.9913693774079,0.5502027986788991,0.5749684,jitter,4.0
FBP,99,15.089742326520113,0.5933285404728752,0.47927713,jitter,4.0
FBP,100,14.74296924574486,0.5032019012138966,0.7144987,jitter,4.0
FBP,101,15.113194327770291,0.6674324465968897,0.52984536,jitter,4.0
FBP,102,14.541530267276867,0.608584765949785,0.5541031,jitter,4.0
FBP,103,15.130321037249708,0.5946266713074368,0.5363355,jitter,4.0
FBP,104,14.965375663375314,0.5616082763982444,0.59534305,jitter,4.0
FBP,105,15.555913059220439,0.5304352354356554,0.5793696,jitter,4.0
FBP,106,14.331685924241075,0.6805149778604775,0.5558718,jitter,4.0
FBP,107,15.677764914884225,0.3530798488665057,0.68253595,jitter,4.0
FBP,108,15.053219093151142,0.4751312457753729,0.566013,jitter,4.0
FBP,109,14.748634033617158,0.5039046833032541,0.63397664,jitter,4.0
FBP,110,14.844246260631762,0.5836132024313214,0.52035636,jitter,4.0
FBP,111,16.130116011292436,0.4278692737915219,0.55586934,jitter,4.0
FBP,112,15.394187042480532,0.450286185369106,0.61972773,jitter,4.0
FBP,113,14.945552702386092,0.5023061489032256,0.5702655,jitter,4.0
FBP,114,15.38241242000462,0.4476816549760755,0.6118348,jitter,4.0
FBP,115,15.447181876791563,0.44903059394848305,0.6343742,jitter,4.0
FBP,116,15.183015219915866,0.40601173322455386,0.70207185,jitter,4.0
FBP,117,15.380298486407769,0.5795817467031548,0.51465327,jitter,4.0
FBP,118,15.561436701549907,0.46942123944482916,0.64916587,jitter,4.0
FBP,119,14.846235130507297,0.6293807089581199,0.5085823,jitter,4.0
FBP,120,14.558740700239914,0.6889664171912279,0.46505526,jitter,4.0
FBP,121,15.407927599473393,0.534725769097665,0.59140646,jitter,4.0
FBP,122,16.093727398695794,0.3893155870168248,0.66657144,jitter,4.0
FBP,123,14.894472761694765,0.5585499806683484,0.5666555,jitter,4.0
FBP,124,14.557945102933491,0.4828668335512026,0.5689069,jitter,4.0
FBP,125,14.572685375130611,0.44498200929087606,0.67371863,jitter,4.0
FBP,126,14.14670095473025,0.6849057611656734,0.56596184,jitter,4.0
FBP,127,15.099057738260571,0.5761550702332626,0.52301496,jitter,4.0
FBP,128,14.177940106730116,0.6107211103633985,0.47593084,jitter,4.0
FBP,129,14.83990493670472,0.551511587901519,0.5931384,jitter,4.0
FBP,130,14.98401227836199,0.6105482049010601,0.4553026,jitter,4.0
FBP,131,15.078529054503145,0.6640454523353996,0.42129028,jitter,4.0
FBP,132,15.100557550841152,0.6855126354448432,0.4343518,jitter,4.0
FBP,133,14.608301473254823,0.6187055682166829,0.49342763,jitter,4.0
FBP,134,14.445829095153277,0.5514982881793927,0.54376835,jitter,4.0
FBP,135,15.896235900167415,0.3832467350846494,0.5688601,jitter,4.0
FBP,136,15.227325197763054,0.61472992638012,0.5305472,jitter,4.0
FBP,137,15.126708702657028,0.4045721224208761,0.5795376,jitter,4.0
FBP,138,14.562341188017509,0.5717391050549384,0.5423034,jitter,4.0
FBP,139,14.720372556266168,0.5428056976274964,0.55601454,jitter,4.0
FBP,140,14.4164898395356,0.38844105371799365,0.7773883,jitter,4.0
FBP,141,14.871172789312945,0.431335087683196,0.6565778,jitter,4.0
FBP,142,14.697055818528922,0.5765164232263698,0.60800576,jitter,4.0
FBP,143,16.92014242104421,0.3429938098459027,0.65204275,jitter,4.0
FBP,144,14.47377522126011,0.5034843050396841,0.58230704,jitter,4.0
FBP,145,15.085342270366926,0.27945633309006124,0.8150438,jitter,4.0
FBP,146,14.799873570038653,0.5973688785814991,0.4963377,jitter,4.0
FBP,147,14.91835405664557,0.7180511804033227,0.43502358,jitter,4.0
FBP,148,15.229190148679503,0.618888027037917,0.55000013,jitter,4.0
FBP,149,13.757079843115092,0.4003367948109281,0.8111892,jitter,4.0
FBP,150,14.744255941090739,0.537705322487755,0.58572376,jitter,4.0
FBP,151,14.345552821361663,0.6479962821243488,0.5385011,jitter,4.0
FBP,152,15.404180905717531,0.5186577086762163,0.5954971,jitter,4.0
FBP,153,15.240137697198302,0.5577951078342845,0.62168443,jitter,4.0
FBP,154,14.86043475192938,0.2576095114737121,0.8896684,jitter,4.0
FBP,155,15.083895819787564,0.6335860486474867,0.4869527,jitter,4.0
FBP,156,15.339727292877043,0.5058732514980048,0.5712472,jitter,4.0
FBP,157,14.831689736150393,0.5804834676301419,0.5720239,jitter,4.0
FBP,158,14.673512428960924,0.5508502440997072,0.58726037,jitter,4.0
FBP,159,15.235443607112362,0.404135600185628,0.70238566,jitter,4.0
FBP,160,14.387669909133026,0.4977454631472096,0.58204204,jitter,4.0
FBP,161,14.704868793629071,0.6035652258816442,0.563436,jitter,4.0
FBP,162,14.77051274495567,0.6804554304623053,0.46515265,jitter,4.0
FBP,163,15.26050249654123,0.612077496484917,0.47163093,jitter,4.0
FBP,164,14.458833690668357,0.4910633469996002,0.61728054,jitter,4.0
FBP,165,14.87792515450712,0.6850399847342878,0.49535063,jitter,4.0
FBP,166,14.186853726473982,0.4972246975551924,0.6612501,jitter,4.0
FBP,167,15.131393855503328,0.4748155747972102,0.6496588,jitter,4.0
FBP,168,15.256505666606161,0.3331332980960123,0.6976999,jitter,4.0
FBP,169,16.157706825894483,0.52222919941805,0.548403,jitter,4.0
FBP,170,15.087846400069909,0.4438340439450829,0.67718303,jitter,4.0
FBP,171,15.428471621985784,0.5864871972488732,0.43798733,jitter,4.0
FBP,172,14.644518327150237,0.6886820976755534,0.5044698,jitter,4.0
FBP,173,14.755448021718976,0.5586271908560918,0.6685261,jitter,4.0
FBP,174,14.648080349689497,0.5183110947705584,0.5893095,jitter,4.0
FBP,175,16.32016059653338,0.3049276265268087,0.91283226,jitter,4.0
FBP,176,16.588682667050453,0.2847273007836453,0.88018125,jitter,4.0
FBP,177,14.379369911078372,0.521943997785118,0.572574,jitter,4.0
FBP,178,16.165348542608097,0.3412214370297936,0.6452395,jitter,4.0
FBP,179,14.905099549340573,0.5768986601141486,0.47615752,jitter,4.0
FBP,180,16.631395791416686,0.32741499296197096,0.6532084,jitter,4.0
FBP,181,14.886497682855339,0.5786456845140673,0.4932033,jitter,4.0
FBP,182,15.303403279227222,0.449534455844281,0.62343556,jitter,4.0
FBP,183,14.11331561997782,0.7220160782094015,0.4804764,jitter,4.0
FBP,184,15.032059437476732,0.544512889440333,0.5632578,jitter,4.0
FBP,185,14.945301263813226,0.5220995720649453,0.58324665,jitter,4.0
FBP,186,14.541500447169756,0.6433492322352367,0.4480457,jitter,4.0
FBP,187,15.307707737880767,0.6640901075131469,0.50117683,jitter,4.0
FBP,188,14.757362817751883,0.707421807204479,0.44816038,jitter,4.0
FBP,189,14.984749716562966,0.26604144623085957,0.9364941,jitter,4.0
FBP,190,15.87898876552881,0.42141980576647153,0.5232063,jitter,4.0
FBP,191,15.848034285790028,0.3653764135266432,0.6913871,jitter,4.0
FBP,192,14.380145471068534,0.6474947863877358,0.5391669,jitter,4.0
FBP,193,14.663878621278482,0.48835984235354635,0.63933116,jitter,4.0
FBP,194,14.496190414695214,0.6632727584369266,0.5272405,jitter,4.0
FBP,195,15.479477571124672,0.3459233659167927,0.80706,jitter,4.0
FBP,196,15.283935800309823,0.36584497188512105,0.58737797,jitter,4.0
FBP,197,14.92602034243774,0.534752720194,0.4754328,jitter,4.0
FBP,198,15.279246178734772,0.46882960179377847,0.61278653,jitter,4.0
FBP,199,15.475750809323474,0.6543628352543643,0.40578473,jitter,4.0
Tikhonov,0,16.34959049761116,0.4572820060502561,0.5541563,jitter,4.0
Tikhonov,1,15.539102205311082,0.5660225050369939,0.47471637,jitter,4.0
Tikhonov,2,18.50799145330442,0.3186499886926695,0.6000283,jitter,4.0
Tikhonov,3,15.855530790389878,0.668482698443873,0.39601094,jitter,4.0
Tikhonov,4,16.708601397517434,0.545504232045467,0.5226719,jitter,4.0
Tikhonov,5,18.088478746458044,0.3501542917022689,0.5118436,jitter,4.0
Tikhonov,6,15.979859539940335,0.5196984771965986,0.5415588,jitter,4.0
Tikhonov,7,15.864945009727352,0.41693172739166384,0.54003924,jitter,4.0
Tikhonov,8,16.24962071989512,0.6379708559514496,0.42163393,jitter,4.0
Tikhonov,9,16.0408853885685,0.5690966288735686,0.42875925,jitter,4.0
Tikhonov,10,15.668478802468881,0.6688667385901944,0.46636948,jitter,4.0
Tikhonov,11,15.54629756262145,0.6015034050354542,0.5003783,jitter,4.0
Tikhonov,12,16.227021655704636,0.4847722000433786,0.50118023,jitter,4.0
Tikhonov,13,15.606658845761194,0.6404832557519881,0.46949866,jitter,4.0
Tikhonov,14,17.66831394887103,0.36887642056974657,0.47923893,jitter,4.0
Tikhonov,15,15.627503124098212,0.5674089128634996,0.5627432,jitter,4.0
Tikhonov,16,16.288175872124306,0.5580812929787919,0.4942708,jitter,4.0
Tikhonov,17,16.43660937253109,0.5141992060078427,0.483035,jitter,4.0
Tikhonov,18,15.07693141537787,0.6443118363987339,0.45241484,jitter,4.0
Tikhonov,19,17.371757874569827,0.46523740025783683,0.53697103,jitter,4.0
Tikhonov,20,16.667548427357247,0.5314516169195831,0.4224484,jitter,4.0
Tikhonov,21,16.655428730039045,0.5126181031259311,0.4819559,jitter,4.0
Tikhonov,22,15.80708824271156,0.5568528444283019,0.5179078,jitter,4.0
Tikhonov,23,16.126437619483738,0.514555316327971,0.5405127,jitter,4.0
Tikhonov,24,16.97784109534474,0.39626432898885394,0.6534175,jitter,4.0
Tikhonov,25,15.663255602905686,0.7791031053966134,0.33523712,jitter,4.0
Tikhonov,26,16.488450188838062,0.38146541933726313,0.60815454,jitter,4.0
Tikhonov,27,16.60914547619765,0.5444683457687709,0.48363996,jitter,4.0
Tikhonov,28,15.89061179672165,0.665521055659133,0.41278863,jitter,4.0
Tikhonov,29,18.06446247001397,0.33595292569953017,0.53573596,jitter,4.0
Tikhonov,30,16.86323400527687,0.5596373809996054,0.43757254,jitter,4.0
Tikhonov,31,18.25428671403696,0.31523429061173586,0.5759919,jitter,4.0
Tikhonov,32,15.85233061859845,0.5535781890368435,0.48058793,jitter,4.0
Tikhonov,33,16.085948758561475,0.5879936413411321,0.4919484,jitter,4.0
Tikhonov,34,16.291989805971845,0.5597849918126748,0.45202476,jitter,4.0
Tikhonov,35,15.43205172594822,0.6830555000688788,0.48382017,jitter,4.0
Tikhonov,36,16.343913740816948,0.5356222969599641,0.501067,jitter,4.0
Tikhonov,37,17.59773268158505,0.3220323908935524,0.5384741,jitter,4.0
Tikhonov,38,15.972248496240717,0.47606444580159113,0.58237404,jitter,4.0
Tikhonov,39,17.906473366350106,0.3941237948909941,0.44696906,jitter,4.0
Tikhonov,40,18.557120482310243,0.23954358176868948,0.72099936,jitter,4.0
Tikhonov,41,16.68549130241706,0.44892219186126453,0.56287915,jitter,4.0
Tikhonov,42,16.68174674480323,0.5456278741923507,0.4568295,jitter,4.0
Tikhonov,43,16.89782495407972,0.4349919127233996,0.56769145,jitter,4.0
Tikhonov,44,17.243505617809888,0.4556721671920247,0.4857313,jitter,4.0
Tikhonov,45,16.219368585433806,0.5087828424127584,0.55582726,jitter,4.0
Tikhonov,46,17.81351770948188,0.4275430577416512,0.44261223,jitter,4.0
Tikhonov,47,15.834411842580176,0.41171843729853586,0.6515949,jitter,4.0
Tikhonov,48,16.087088065207112,0.6322496669833098,0.3735332,jitter,4.0
Tikhonov,49,16.279257163910618,0.576418681054454,0.47884515,jitter,4.0
Tikhonov,50,16.723457087748905,0.4978285250172196,0.50512856,jitter,4.0
Tikhonov,51,15.088004409183807,0.6697925448781822,0.43263343,jitter,4.0
Tikhonov,52,16.17575629573446,0.571289265866503,0.5018512,jitter,4.0
Tikhonov,53,16.515024247611827,0.5432095878383757,0.5984899,jitter,4.0
Tikhonov,54,15.115626017100753,0.6533014254860026,0.46244,jitter,4.0
Tikhonov,55,15.578141976991528,0.5733246516772115,0.4822395,jitter,4.0
Tikhonov,56,16.716406859334974,0.6329823719873477,0.4196444,jitter,4.0
Tikhonov,57,17.715581310041205,0.286329130193412,0.6294902,jitter,4.0
Tikhonov,58,16.68105310426192,0.5694577440389524,0.44004634,jitter,4.0
Tikhonov,59,17.497999291733215,0.3799924108296948,0.6238006,jitter,4.0
Tikhonov,60,16.38254216684677,0.5001936296086704,0.44505298,jitter,4.0
Tikhonov,61,15.597467839930149,0.6110606806478771,0.44818962,jitter,4.0
Tikhonov,62,17.029164818472363,0.40109110617440596,0.62498826,jitter,4.0
Tikhonov,63,16.075448203357993,0.5100129659497853,0.51961666,jitter,4.0
Tikhonov,64,15.85983164848004,0.6299845005817565,0.43858197,jitter,4.0
Tikhonov,65,17.55454799198183,0.3714132493627373,0.57708436,jitter,4.0
Tikhonov,66,15.49540627409918,0.5755114730212776,0.545448,jitter,4.0
Tikhonov,67,16.535353334522355,0.5458736639628129,0.49729818,jitter,4.0
Tikhonov,68,16.374403376286402,0.6181022237898774,0.37682462,jitter,4.0
Tikhonov,69,15.810628703769611,0.687063903373922,0.46393856,jitter,4.0
Tikhonov,70,16.639156732416645,0.5225708460721981,0.4723067,jitter,4.0
Tikhonov,71,15.883004113751436,0.767002745615203,0.3746609,jitter,4.0
Tikhonov,72,15.395436316102902,0.605006022520954,0.50224346,jitter,4.0
Tikhonov,73,16.333349572107004,0.5220444372846468,0.4199162,jitter,4.0
Tikhonov,74,18.729906853905575,0.36948543266717476,0.45547026,jitter,4.0
Tikhonov,75,16.37498823924001,0.5017789744857164,0.486669,jitter,4.0
Tikhonov,76,16.333180926852325,0.4633038651216429,0.56605065,jitter,4.0
Tikhonov,77,16.538943457853065,0.5396892975054658,0.55664355,jitter,4.0
Tikhonov,78,17.053241761134313,0.43160490750927816,0.47721803,jitter,4.0
Tikhonov,79,16.420650393391202,0.6531079114916973,0.35964724,jitter,4.0
Tikhonov,80,16.502456711032977,0.4551154725953036,0.49792913,jitter,4.0
Tikhonov,81,16.105347939002023,0.5448376409774877,0.4636599,jitter,4.0
Tikhonov,82,15.818615543218524,0.6562597748735912,0.41887856,jitter,4.0
Tikhonov,83,17.157979039964214,0.465818998563317,0.50733835,jitter,4.0
Tikhonov,84,15.086327457575308,0.5690336099797898,0.5171069,jitter,4.0
Tikhonov,85,16.512102494348632,0.6661190036032445,0.3702207,jitter,4.0
Tikhonov,86,17.105231554711985,0.5243515362842817,0.4125168,jitter,4.0
Tikhonov,87,16.130502384335244,0.5868103328475551,0.45785603,jitter,4.0
Tikhonov,88,15.974438249798922,0.5759891714570728,0.46518487,jitter,4.0
Tikhonov,89,17.5948700605792,0.3824362099102856,0.4864542,jitter,4.0
Tikhonov,90,16.160682815942586,0.5896767603400864,0.47751087,jitter,4.0
Tikhonov,91,16.103296787901435,0.47319329640523083,0.5213507,jitter,4.0
Tikhonov,92,16.671931905166815,0.38871760806405514,0.6309468,jitter,4.0
Tikhonov,93,16.7710494148161,0.6028631243355426,0.35861176,jitter,4.0
Tikhonov,94,17.355230947312684,0.42815858816794383,0.41744903,jitter,4.0
Tikhonov,95,16.01508947033692,0.6623202220429493,0.37007993,jitter,4.0
Tikhonov,96,17.845052000437136,0.3172927354986795,0.57865185,jitter,4.0
Tikhonov,97,16.48838737435935,0.5614687882307031,0.40920362,jitter,4.0
Tikhonov,98,15.991696678564818,0.5334609061780708,0.5124218,jitter,4.0
Tikhonov,99,16.21836661021814,0.5978679368599541,0.4208773,jitter,4.0
Tikhonov,100,15.875509174419625,0.4648165552110088,0.62715435,jitter,4.0
Tikhonov,101,16.018158269820415,0.6418226761235913,0.47742036,jitter,4.0
Tikhonov,102,15.465657170204798,0.6019404540391646,0.49817765,jitter,4.0
Tikhonov,103,16.791684613616372,0.5972349345289586,0.44296396,jitter,4.0
Tikhonov,104,16.31160030421937,0.5534767954293273,0.509866,jitter,4.0
Tikhonov,105,16.700093091407286,0.5199729686247931,0.50786316,jitter,4.0
Tikhonov,106,15.387604793527853,0.6752138218095849,0.49224198,jitter,4.0
Tikhonov,107,18.173064892956386,0.38372511787567104,0.5121068,jitter,4.0
Tikhonov,108,16.98553015509417,0.49119057567200375,0.45311752,jitter,4.0
Tikhonov,109,15.767862235746865,0.4779655093294453,0.5637828,jitter,4.0
Tikhonov,110,15.90927714923,0.5566804050775783,0.46030885,jitter,4.0
Tikhonov,111,17.71294819281975,0.41940349035161306,0.46326676,jitter,4.0
Tikhonov,112,16.781686377495266,0.44524763504135584,0.5282335,jitter,4.0
Tikhonov,113,16.67076390379783,0.5010243774709688,0.46753755,jitter,4.0
Tikhonov,114,16.967702289857087,0.4536427355723548,0.5097647,jitter,4.0
Tikhonov,115,17.066223712189426,0.43870475845678886,0.526494,jitter,4.0
Tikhonov,116,17.05518160062923,0.39335740541665015,0.5659437,jitter,4.0
Tikhonov,117,16.402924672470377,0.5599223414824676,0.45749187,jitter,4.0
Tikhonov,118,17.060296478928272,0.45703051510374715,0.54627675,jitter,4.0
Tikhonov,119,16.150815065837975,0.6347696665262665,0.43765536,jitter,4.0
Tikhonov,120,15.927333458939167,0.7027610236315118,0.3972601,jitter,4.0
Tikhonov,121,17.000398732905804,0.5310558643623078,0.49233702,jitter,4.0
Tikhonov,122,17.972620921401422,0.38736772280203735,0.53691065,jitter,4.0
Tikhonov,123,15.852006548137144,0.5405086426584874,0.50750744,jitter,4.0
Tikhonov,124,16.096637764392042,0.4914701718027407,0.4765479,jitter,4.0
Tikhonov,125,16.353343328288037,0.44352991937675074,0.5488398,jitter,4.0
Tikhonov,126,15.37948868286826,0.6623222423986289,0.49107495,jitter,4.0
Tikhonov,127,16.31899424591133,0.5746873739783552,0.45448267,jitter,4.0
Tikhonov,128,15.496441271016767,0.6191463046043357,0.40890157,jitter,4.0
Tikhonov,129,16.213751804941126,0.5485560510296487,0.50636506,jitter,4.0
Tikhonov,130,16.362972025425112,0.6207188603512497,0.3884652,jitter,4.0
Tikhonov,131,16.05751786288942,0.654191650095692,0.3763847,jitter,4.0
Tikhonov,132,15.65631232489386,0.673462686002878,0.40743083,jitter,4.0
Tikhonov,133,16.022010848313816,0.6263932364352753,0.4193127,jitter,4.0
Tikhonov,134,15.379265955544007,0.5271548618133659,0.48836222,jitter,4.0
Tikhonov,135,18.068577749657543,0.38662333575520885,0.44298434,jitter,4.0
Tikhonov,136,16.15135769787805,0.5971786357233424,0.4770044,jitter,4.0
Tikhonov,137,17.06360637932209,0.4095636796396734,0.46369964,jitter,4.0
Tikhonov,138,15.691890785061398,0.5557740786988846,0.47617307,jitter,4.0
Tikhonov,139,16.067540920313075,0.5471155634553996,0.4761324,jitter,4.0
Tikhonov,140,16.32653495312899,0.3864520398102805,0.62392974,jitter,4.0
Tikhonov,141,16.394025685677132,0.42903523252661674,0.55098987,jitter,4.0
Tikhonov,142,15.842669484342553,0.5755574161447546,0.5328771,jitter,4.0
Tikhonov,143,18.70828522461811,0.3359233335404722,0.5307242,jitter,4.0
Tikhonov,144,16.171915123825933,0.5288883718015667,0.47890022,jitter,4.0
Tikhonov,145,17.788633763272152,0.2997631528424407,0.5970578,jitter,4.0
Tikhonov,146,15.99075182718368,0.5817231408249172,0.43274635,jitter,4.0
Tikhonov,147,15.590861331183776,0.6959946492382841,0.40261266,jitter,4.0
Tikhonov,148,16.255888308244604,0.5924415010831431,0.48868376,jitter,4.0
Tikhonov,149,15.61852411424361,0.41699480049770077,0.6547114,jitter,4.0
Tikhonov,150,16.503966363927354,0.5462376201933746,0.4783076,jitter,4.0
Tikhonov,151,15.194808379227231,0.6259465544416727,0.4883417,jitter,4.0
Tikhonov,152,16.445787538289693,0.4986848456421646,0.52820116,jitter,4.0
Tikhonov,153,16.444150336322906,0.5379429734345672,0.5412144,jitter,4.0
Tikhonov,154,17.930824980184333,0.2812225039368149,0.62475336,jitter,4.0
Tikhonov,155,16.453217117727277,0.6376085517803411,0.41593048,jitter,4.0
Tikhonov,156,16.621805422584725,0.4907986399316429,0.4928562,jitter,4.0
Tikhonov,157,15.951101016758699,0.5586082231025365,0.502856,jitter,4.0
Tikhonov,158,16.561655243525422,0.5559949601859947,0.4725237,jitter,4.0
Tikhonov,159,17.089017103986336,0.41102434561851486,0.56741,jitter,4.0
Tikhonov,160,16.058405982711612,0.5073129936907448,0.48019496,jitter,4.0
Tikhonov,161,15.776372627821596,0.5877295699728698,0.4980459,jitter,4.0
Tikhonov,162,15.640651150289603,0.6633436102966089,0.42081243,jitter,4.0
Tikhonov,163,16.41835286380565,0.6152239780835057,0.41277155,jitter,4.0
Tikhonov,164,15.948991909230992,0.48732631056317444,0.51996565,jitter,4.0
Tikhonov,165,15.974180621913842,0.6762803919357921,0.4366163,jitter,4.0
Tikhonov,166,15.565295561848728,0.4923792253794391,0.56421375,jitter,4.0
Tikhonov,167,16.751214983398018,0.4678113490563417,0.5391309,jitter,4.0
Tikhonov,168,18.04786100040598,0.35526823098934834,0.50594217,jitter,4.0
Tikhonov,169,17.766966759954304,0.5262786502409188,0.45565575,jitter,4.0
Tikhonov,170,17.110603619697528,0.44768630944756205,0.5364981,jitter,4.0
Tikhonov,171,16.550734869139674,0.589814307472634,0.3849004,jitter,4.0
Tikhonov,172,15.282016797213892,0.6677131418541385,0.46877053,jitter,4.0
Tikhonov,173,16.05383846570518,0.5573493023773402,0.57570344,jitter,4.0
Tikhonov,174,16.129885103817195,0.5184766158010822,0.496882,jitter,4.0
Tikhonov,175,18.91467985706808,0.3180526070429536,0.6771191,jitter,4.0
Tikhonov,176,19.58103654795417,0.29339378787885795,0.6236693,jitter,4.0
Tikhonov,177,15.704428532542485,0.5089261555913855,0.49156246,jitter,4.0
Tikhonov,178,18.24759348703035,0.341582370175853,0.50770175,jitter,4.0
Tikhonov,179,15.68168201399262,0.5676623381448674,0.43543318,jitter,4.0
Tikhonov,180,18.649826762718714,0.33274880752558167,0.51776206,jitter,4.0
Tikhonov,181,15.969098399390454,0.5741782447290491,0.43540755,jitter,4.0
Tikhonov,182,17.060165108794006,0.45766236168892344,0.5092763,jitter,4.0
Tikhonov,183,14.880204344774693,0.7106665564022192,0.43987334,jitter,4.0
Tikhonov,184,16.642074817976756,0.5445341541591073,0.46795756,jitter,4.0
Tikhonov,185,16.240277026826146,0.5158052840890663,0.50246227,jitter,4.0
Tikhonov,186,15.871135127100565,0.6572862183449074,0.3844506,jitter,4.0
Tikhonov,187,15.811110020656617,0.6312421453791509,0.47295615,jitter,4.0
Tikhonov,188,15.580561363685536,0.6994514245665459,0.4076369,jitter,4.0
Tikhonov,189,18.056364432692746,0.2732759705318469,0.65754324,jitter,4.0
Tikhonov,190,17.76593028900564,0.4370625758431044,0.42104244,jitter,4.0
Tikhonov,191,18.166522363185685,0.3561596128627059,0.5294157,jitter,4.0
Tikhonov,192,15.443469432484333,0.624648213913772,0.47704244,jitter,4.0
Tikhonov,193,16.09893346647044,0.4723380231875772,0.54196733,jitter,4.0
Tikhonov,194,15.382757059490523,0.6400412274389874,0.47608054,jitter,4.0
Tikhonov,195,17.06416886012859,0.3518097818904164,0.67246747,jitter,4.0
Tikhonov,196,17.36320929828271,0.3782039889524602,0.462332,jitter,4.0
Tikhonov,197,16.117318513727874,0.5334814780775153,0.41449976,jitter,4.0
Tikhonov,198,16.624946212209608,0.45365310855323354,0.52483666,jitter,4.0
Tikhonov,199,16.50316622689187,0.6578707441241165,0.3605163,jitter,4.0
TV,0,17.955882199729174,0.5557388902477312,0.4605934,jitter,4.0
TV,1,18.356183275003797,0.6861624579909373,0.34322596,jitter,4.0
TV,2,19.30591074180389,0.39227356037176947,0.54736334,jitter,4.0
TV,3,19.159801989344846,0.7812348864289493,0.27070335,jitter,4.0
TV,4,18.651275135378384,0.6642979628546933,0.4179222,jitter,4.0
TV,5,20.802672258607167,0.48249997259387056,0.37447914,jitter,4.0
TV,6,18.205355375036614,0.6506778958084231,0.4191513,jitter,4.0
TV,7,17.89562438019975,0.5371427820631772,0.42745593,jitter,4.0
TV,8,18.672845283165422,0.7418973802772643,0.31898797,jitter,4.0
TV,9,18.341529122381985,0.6906521554924702,0.32898897,jitter,4.0
TV,10,18.47427450218572,0.7958048406049363,0.33762947,jitter,4.0
TV,11,17.677798390840685,0.7180805104579738,0.39149246,jitter,4.0
TV,12,18.13523736430304,0.6055320541322431,0.4023307,jitter,4.0
TV,13,17.918510146746446,0.7688856210010242,0.35978395,jitter,4.0
TV,14,20.589157149293683,0.45503146044692516,0.34238124,jitter,4.0
TV,15,17.155177990582906,0.6985012200326189,0.4719831,jitter,4.0
TV,16,18.271258089007183,0.6680629591809678,0.3933787,jitter,4.0
TV,17,19.7901331035885,0.653198244721698,0.32832387,jitter,4.0
TV,18,16.970974860029006,0.7557852350479407,0.36377656,jitter,4.0
TV,19,19.654282753971586,0.617976094832286,0.4128807,jitter,4.0
TV,20,19.35049935768841,0.6499663432937381,0.3101888,jitter,4.0
TV,21,19.53959208141369,0.6400213752419126,0.3457794,jitter,4.0
TV,22,17.433142309322673,0.6962603971064822,0.42948675,jitter,4.0
TV,23,17.849023237379708,0.6315335926998115,0.4432785,jitter,4.0
TV,24,18.335772972786234,0.5364057650300866,0.5588486,jitter,4.0
TV,25,18.91517213303422,0.880350789490102,0.23054528,jitter,4.0
TV,26,18.0155090755064,0.48590709076672867,0.5101067,jitter,4.0
TV,27,18.990244172496624,0.6856622587502664,0.36767766,jitter,4.0
TV,28,18.963055293342887,0.7934373851879,0.2898048,jitter,4.0
TV,29,20.453841752815087,0.4296105197769848,0.40689453,jitter,4.0
TV,30,20.03865132300833,0.6846917260780715,0.30358425,jitter,4.0
TV,31,20.559700608813593,0.4598003751627162,0.44171864,jitter,4.0
TV,32,18.351841744226896,0.7135183794273848,0.3604104,jitter,4.0
TV,33,18.104844165562806,0.7206216321364315,0.3899193,jitter,4.0
TV,34,18.951564033297522,0.679159167535605,0.33280015,jitter,4.0
TV,35,16.944678231770794,0.7939929279695026,0.4064926,jitter,4.0
TV,36,18.99622295997794,0.6701583112681415,0.36921585,jitter,4.0
TV,37,20.72951707861281,0.4576200685624518,0.37547025,jitter,4.0
TV,38,17.312320860103835,0.6020348488376284,0.49911246,jitter,4.0
TV,39,20.61553166834351,0.5359042288700873,0.32720846,jitter,4.0
TV,40,20.96473107686546,0.43412400848590116,0.54645497,jitter,4.0
TV,41,17.993141176942128,0.5324998350425774,0.48420876,jitter,4.0
TV,42,19.37448130044499,0.6832302264548831,0.33505598,jitter,4.0
TV,43,18.29382534169722,0.5305903480880825,0.48340634,jitter,4.0
TV,44,20.483854975787263,0.609977961618892,0.3344865,jitter,4.0
TV,45,18.035992564203614,0.6311218528883255,0.45092946,jitter,4.0
TV,46,20.029220216480113,0.5359806844518205,0.34295592,jitter,4.0
TV,47,16.45828387974182,0.5144703187364007,0.6064347,jitter,4.0
TV,48,17.904259245645775,0.7180549651324222,0.30301952,jitter,4.0
TV,49,18.969390935630216,0.7031283772647696,0.3513083,jitter,4.0
TV,50,18.689436510895852,0.6173887728537387,0.40281254,jitter,4.0
TV,51,17.477240584235844,0.7967370064995994,0.32859296,jitter,4.0
TV,52,18.310192420979263,0.701009257522427,0.3925122,jitter,4.0
TV,53,17.933875396555294,0.6667140239728461,0.50829315,jitter,4.0
TV,54,17.565659800749415,0.7822034266274153,0.3487817,jitter,4.0
TV,55,18.25186620334772,0.7039398181787114,0.35446763,jitter,4.0
TV,56,19.482757707472594,0.7772261828880696,0.30518547,jitter,4.0
TV,57,19.44427535758653,0.38739413150955637,0.51588666,jitter,4.0
TV,58,19.335947323537287,0.7031670224560379,0.32415575,jitter,4.0
TV,59,18.6908610208111,0.5046677198102274,0.5437543,jitter,4.0
TV,60,18.741390561644366,0.610290826964678,0.3392105,jitter,4.0
TV,61,18.15169571154861,0.7257868039387101,0.33400303,jitter,4.0
TV,62,18.752897814048534,0.5353305002670612,0.5124898,jitter,4.0
TV,63,18.43025467301772,0.6298546214217093,0.3962258,jitter,4.0
TV,64,17.777380060094192,0.7340147684911297,0.35170078,jitter,4.0
TV,65,19.325125831904785,0.5191466598001825,0.47066337,jitter,4.0
TV,66,16.955286661051485,0.6888395342206167,0.46106204,jitter,4.0
TV,67,19.16129202696481,0.6696631309253064,0.367553,jitter,4.0
TV,68,19.692724897556687,0.7431152249159184,0.25717172,jitter,4.0
TV,69,18.67563443213663,0.8193878826717962,0.33358783,jitter,4.0
TV,70,20.08189402085739,0.6574863082650387,0.31775123,jitter,4.0
TV,71,19.066879923536366,0.8800085335094405,0.2596836,jitter,4.0
TV,72,17.031845536348747,0.7128943510960657,0.4160005,jitter,4.0
TV,73,18.73198751771776,0.6308389883353721,0.318589,jitter,4.0
TV,74,21.648142970053325,0.5185703030125477,0.32549793,jitter,4.0
TV,75,18.35541133404587,0.6144696026011024,0.3874472,jitter,4.0
TV,76,18.06009068272601,0.6219875957323276,0.46399125,jitter,4.0
TV,77,18.417285518716756,0.673083628937679,0.44839427,jitter,4.0
TV,78,20.162011947897106,0.6029244208427469,0.3336402,jitter,4.0
TV,79,18.65228437268924,0.7436431321983653,0.27816024,jitter,4.0
TV,80,19.102071825517278,0.5748030539374261,0.3691363,jitter,4.0
TV,81,18.389150828881583,0.66740193387709,0.35645887,jitter,4.0
TV,82,18.77876151587347,0.7677184232464445,0.29790708,jitter,4.0
TV,83,19.263973924697606,0.5792534599366429,0.39810526,jitter,4.0
TV,84,16.914183988115372,0.6952872497957077,0.4189744,jitter,4.0
TV,85,19.41993366943079,0.7723642938596211,0.2648922,jitter,4.0
TV,86,19.50432595878186,0.651202756494682,0.31295863,jitter,4.0
TV,87,18.266573387114725,0.7122579896442538,0.35803494,jitter,4.0
TV,88,17.861755371696738,0.7136148788748802,0.37433437,jitter,4.0
TV,89,20.367641223380023,0.5260140802581363,0.35351136,jitter,4.0
TV,90,18.230287725455536,0.7106070075182183,0.37627298,jitter,4.0
TV,91,18.398678816532495,0.5839996619832178,0.4002772,jitter,4.0
TV,92,17.881159353394484,0.49563116779885724,0.5489482,jitter,4.0
TV,93,19.791541480929876,0.7176808181761433,0.25327948,jitter,4.0
TV,94,19.98360032556181,0.5416661491446786,0.30845016,jitter,4.0
TV,95,18.739269037805105,0.7696241675423889,0.27044973,jitter,4.0
TV,96,19.658358416354492,0.45388642226707593,0.46962586,jitter,4.0
TV,97,18.649394391001906,0.66186488253711,0.31907234,jitter,4.0
TV,98,18.049854472118835,0.6800919152038126,0.4043149,jitter,4.0
TV,99,18.215149450444525,0.7239100375284406,0.33443856,jitter,4.0
TV,100,16.94464141284626,0.5758941573069685,0.5545208,jitter,4.0
TV,101,18.72652264659966,0.7635199717305646,0.3495286,jitter,4.0
TV,102,17.1677352881862,0.7434631509784309,0.4095249,jitter,4.0
TV,103,19.83952737386977,0.6976233276871441,0.3118719,jitter,4.0
TV,104,19.180673715301037,0.7071707927966336,0.36643958,jitter,4.0
TV,105,19.140804261584286,0.6704892715336255,0.3834521,jitter,4.0
TV,106,17.371704978754444,0.7998035245051622,0.39171812,jitter,4.0
TV,107,20.699282568433283,0.5334197929713967,0.3828685,jitter,4.0
TV,108,19.40544801336969,0.6082745714547028,0.3429375,jitter,4.0
TV,109,17.743441611862195,0.6277846688123743,0.44908947,jitter,4.0
TV,110,18.126947555598832,0.6672559089455123,0.35658726,jitter,4.0
TV,111,21.451958333067868,0.526451315475851,0.3012178,jitter,4.0
TV,112,18.94924634959403,0.5854276477879737,0.41157404,jitter,4.0
TV,113,19.213131122154397,0.6295475419375022,0.34889773,jitter,4.0
TV,114,18.7805050362379,0.5518274400229296,0.41374198,jitter,4.0
TV,115,19.79408573269424,0.5511838585986902,0.3845921,jitter,4.0
TV,116,18.734964567388186,0.5300887933814867,0.46642745,jitter,4.0
TV,117,18.806735902976545,0.6743636025531479,0.34689084,jitter,4.0
TV,118,18.79008406589819,0.5687580607797323,0.44763425,jitter,4.0
TV,119,19.039256693535048,0.7683523842451078,0.31384134,jitter,4.0
TV,120,18.52401397157365,0.8079498995226339,0.29460552,jitter,4.0
TV,121,19.273679821524333,0.6403187689013502,0.37896442,jitter,4.0
TV,122,19.869462917229704,0.4848330762905496,0.4315786,jitter,4.0
TV,123,18.096165858562237,0.715106011951373,0.3919534,jitter,4.0
TV,124,17.746448570749276,0.6084245481068453,0.39410868,jitter,4.0
TV,125,18.258363779112358,0.589392628074308,0.4407523,jitter,4.0
TV,126,18.040182968221593,0.7991020616826078,0.361504,jitter,4.0
TV,127,19.131029823468467,0.7086362518439423,0.32878768,jitter,4.0
TV,128,17.743691537267054,0.7311403510778419,0.3156867,jitter,4.0
TV,129,18.010604278934295,0.6473284452001002,0.4117381,jitter,4.0
TV,130,18.444412647346134,0.7332065708719748,0.3056892,jitter,4.0
TV,131,18.93485518413928,0.7717360801555117,0.27024963,jitter,4.0
TV,132,18.72490292611506,0.8157769720077761,0.28617015,jitter,4.0
TV,133,18.212168546639788,0.7314421299099104,0.32585928,jitter,4.0
TV,134,17.141967401667966,0.6286566260757602,0.39866397,jitter,4.0
TV,135,21.581896553827825,0.4786254004854324,0.29561225,jitter,4.0
TV,136,18.971954439791002,0.7295107796041618,0.34474072,jitter,4.0
TV,137,19.230420918503363,0.4951491922934824,0.36132333,jitter,4.0
TV,138,17.363220291144764,0.6677948734241976,0.39282432,jitter,4.0
TV,139,17.74059439439257,0.6421609816365358,0.3927128,jitter,4.0
TV,140,17.805364027961318,0.5028309023345933,0.52625257,jitter,4.0
TV,141,17.999791860585887,0.5302902122657392,0.45798925,jitter,4.0
TV,142,17.76709215317347,0.7240793206748237,0.42697838,jitter,4.0
TV,143,21.20895609607063,0.46965603249374593,0.3979563,jitter,4.0
TV,144,18.633572361413936,0.6384256213130372,0.36071333,jitter,4.0
TV,145,19.888942760957537,0.42007089656256213,0.46881434,jitter,4.0
TV,146,18.188975290986004,0.7256003227096901,0.3359868,jitter,4.0
TV,147,18.317251459754694,0.8141188510378038,0.2941494,jitter,4.0
TV,148,19.39283087504426,0.7305079888040584,0.34054992,jitter,4.0
TV,149,16.312215132041604,0.5465438251781917,0.60445696,jitter,4.0
TV,150,18.883285073536594,0.6847920713610447,0.3636984,jitter,4.0
TV,151,17.298813190204196,0.7450633261685667,0.38328654,jitter,4.0
TV,152,18.525479233198826,0.6192084397431049,0.41573325,jitter,4.0
TV,153,18.452962240459723,0.6500310801404474,0.42946595,jitter,4.0
TV,154,20.64074176081644,0.40145139175097744,0.4573122,jitter,4.0
TV,155,19.06703415193323,0.7651711214845616,0.3078434,jitter,4.0
TV,156,19.588985340842353,0.6333365381035323,0.35023636,jitter,4.0
TV,157,18.666447098736395,0.7094701229400302,0.36785477,jitter,4.0
TV,158,19.171304401842242,0.6658722952928025,0.3498977,jitter,4.0
TV,159,18.19236153361207,0.5304287576627983,0.49972343,jitter,4.0
TV,160,19.123509911205787,0.6602968961704707,0.33741346,jitter,4.0
TV,161,17.809379235002925,0.7457878199225092,0.39411145,jitter,4.0
TV,162,18.502521754322583,0.7730745589524154,0.30268788,jitter,4.0
TV,163,18.490922650230278,0.7081716063154345,0.32514814,jitter,4.0
TV,164,17.196553230176455,0.574541638389784,0.45039812,jitter,4.0
TV,165,18.49242514390755,0.7963886269780014,0.326729,jitter,4.0
TV,166,16.89956695578798,0.6067578514772352,0.48387155,jitter,4.0
TV,167,18.49148009259045,0.6055977430020474,0.4412462,jitter,4.0
TV,168,21.4594110052835,0.4701552365522655,0.34160432,jitter,4.0
TV,169,20.03520689236591,0.6749166867942049,0.35093352,jitter,4.0
TV,170,19.310665634285826,0.5678018045919314,0.41645214,jitter,4.0
TV,171,18.452508137826225,0.6738070150830567,0.30921438,jitter,4.0
TV,172,17.512822758136995,0.7871012874582614,0.36259347,jitter,4.0
TV,173,17.505280411080374,0.6823773008563425,0.48710966,jitter,4.0
TV,174,18.271674883406234,0.6588280317541944,0.38829675,jitter,4.0
TV,175,20.011100592027475,0.4582223667280194,0.5968209,jitter,4.0
TV,176,21.328271303460266,0.39400374385901565,0.51002634,jitter,4.0
TV,177,18.065009231933935,0.6538787512058173,0.37458435,jitter,4.0
TV,178,20.48359358583903,0.4690114672461473,0.39247197,jitter,4.0
TV,179,18.25416465622136,0.6864720396538773,0.32381535,jitter,4.0
TV,180,22.103958473898707,0.47172215171466186,0.34787536,jitter,4.0
TV,181,18.235551259197358,0.6836496274071661,0.3354079,jitter,4.0
TV,182,19.351258693508726,0.5728230409512742,0.39119992,jitter,4.0
TV,183,17.529200536995216,0.8346643507435402,0.3242484,jitter,4.0
TV,184,18.85968977254274,0.6703216264689195,0.36251476,jitter,4.0
TV,185,18.301261731642903,0.6632544000369442,0.39632753,jitter,4.0
TV,186,18.71003696638677,0.7613532659260956,0.27726528,jitter,4.0
TV,187,18.10978959614445,0.7476891575646702,0.3629835,jitter,4.0
TV,188,18.744513885979856,0.828810382928807,0.28318867,jitter,4.0
TV,189,19.8136952529111,0.3929591904647364,0.53710324,jitter,4.0
TV,190,19.792035622395986,0.5782858768183631,0.33344224,jitter,4.0
TV,191,20.070700078769068,0.4632089187702345,0.42519483,jitter,4.0
TV,192,17.077340583492276,0.7250885525650984,0.39524233,jitter,4.0
TV,193,17.652106572601973,0.593336148387637,0.4532256,jitter,4.0
TV,194,17.910582960603907,0.7775696794587103,0.35586816,jitter,4.0
TV,195,18.12635195475988,0.5205191762878344,0.59506184,jitter,4.0
TV,196,20.2616909672302,0.47586394720018094,0.3311539,jitter,4.0
TV,197,17.939202156314188,0.6386093977619394,0.33607027,jitter,4.0
TV,198,18.339961797267325,0.590671702470411,0.43079776,jitter,4.0
TV,199,19.402135698813435,0.7687981326454357,0.25821203,jitter,4.0
PnP-DnCNN,0,20.483588411257116,0.884187210266563,0.34429634,jitter,4.0
PnP-DnCNN,1,21.829274153984286,0.929992750348631,0.23010477,jitter,4.0
PnP-DnCNN,2,23.267801189517087,0.9325465175731122,0.34688157,jitter,4.0
PnP-DnCNN,3,21.705158809536528,0.9428532718996371,0.20194158,jitter,4.0
PnP-DnCNN,4,22.77207781666876,0.9103138099216725,0.26004907,jitter,4.0
PnP-DnCNN,5,26.894605280015135,0.9749783744866197,0.18570815,jitter,4.0
PnP-DnCNN,6,20.366396150981863,0.8860966875487246,0.32682765,jitter,4.0
PnP-DnCNN,7,19.623492854483345,0.882390825485826,0.35034662,jitter,4.0
PnP-DnCNN,8,21.315604712911686,0.9311356518017359,0.2353078,jitter,4.0
PnP-DnCNN,9,20.924187438290332,0.9306924493967994,0.2443703,jitter,4.0
PnP-DnCNN,10,23.06340368116175,0.9445352024160141,0.19905995,jitter,4.0
PnP-DnCNN,11,22.73801871504387,0.9543372454229465,0.21863134,jitter,4.0
PnP-DnCNN,12,21.457392811636037,0.9194753900601351,0.2744577,jitter,4.0
PnP-DnCNN,13,22.002775001429423,0.9328300082548098,0.2248167,jitter,4.0
PnP-DnCNN,14,22.919547568270367,0.9456728540422502,0.2618125,jitter,4.0
PnP-DnCNN,15,20.794733774501637,0.8602863463134436,0.31041926,jitter,4.0
PnP-DnCNN,16,23.631084782355806,0.9501322546958431,0.21223623,jitter,4.0
PnP-DnCNN,17,21.79141693409187,0.9354120752166125,0.26075837,jitter,4.0
PnP-DnCNN,18,18.10628251474904,0.897656356438625,0.31920475,jitter,4.0
PnP-DnCNN,19,23.969855282582714,0.9397827952730754,0.25121522,jitter,4.0
PnP-DnCNN,20,20.295251337742243,0.8980868163918846,0.27822012,jitter,4.0
PnP-DnCNN,21,24.939261311946442,0.9597428569816484,0.1857016,jitter,4.0
PnP-DnCNN,22,21.935715440706275,0.9311574523237126,0.25575322,jitter,4.0
PnP-DnCNN,23,20.372155383164202,0.8930820437102032,0.3315279,jitter,4.0
PnP-DnCNN,24,18.873761568032428,0.7494955639146107,0.52528465,jitter,4.0
PnP-DnCNN,25,20.748471067586756,0.9465876695168906,0.18667722,jitter,4.0
PnP-DnCNN,26,22.4068212566478,0.9360439118136429,0.30767724,jitter,4.0
PnP-DnCNN,27,22.631236740988136,0.9244261728830574,0.24177845,jitter,4.0
PnP-DnCNN,28,23.362776004696713,0.9606109462863157,0.17463027,jitter,4.0
PnP-DnCNN,29,23.607920885344967,0.9430557878241559,0.28299442,jitter,4.0
PnP-DnCNN,30,24.429299394421307,0.9240900735978869,0.18312463,jitter,4.0
PnP-DnCNN,31,22.648399525627248,0.938304422182716,0.3473048,jitter,4.0
PnP-DnCNN,32,22.324899324751577,0.9329802595879421,0.22811006,jitter,4.0
PnP-DnCNN,33,21.79259150577157,0.9008964892584553,0.2550277,jitter,4.0
PnP-DnCNN,34,21.442259714520254,0.8870659799792242,0.24983235,jitter,4.0
PnP-DnCNN,35,21.27085675129921,0.9207639302519605,0.24702659,jitter,4.0
PnP-DnCNN,36,21.44381630136982,0.8910229538744392,0.2785484,jitter,4.0
PnP-DnCNN,37,22.63791169286902,0.9294110127101259,0.3014087,jitter,4.0
PnP-DnCNN,38,20.553403000237648,0.8874862948355596,0.34367213,jitter,4.0
PnP-DnCNN,39,24.5951087564934,0.9437037485936457,0.20694059,jitter,4.0
PnP-DnCNN,40,22.77925906554671,0.8876550534647728,0.44343296,jitter,4.0
PnP-DnCNN,41,20.95408335301726,0.8893045165137319,0.34433842,jitter,4.0
PnP-DnCNN,42,22.70736962231986,0.9403575692972368,0.22828269,jitter,4.0
PnP-DnCNN,43,23.08663884700207,0.9136202606749683,0.27840155,jitter,4.0
PnP-DnCNN,44,25.219898101093136,0.9480575107900072,0.19389941,jitter,4.0
PnP-DnCNN,45,22.94358218842779,0.8987400724267787,0.25628853,jitter,4.0
PnP-DnCNN,46,24.28825731544517,0.9573534105804341,0.21003246,jitter,4.0
PnP-DnCNN,47,19.29621831862557,0.8391213650576586,0.43740863,jitter,4.0
PnP-DnCNN,48,22.13230712150985,0.9299070349594286,0.18623798,jitter,4.0
PnP-DnCNN,49,21.888092587076432,0.8959161512676842,0.251046,jitter,4.0
PnP-DnCNN,50,21.236650199304687,0.9208521936858488,0.30042928,jitter,4.0
PnP-DnCNN,51,20.78022238084884,0.9279297955164855,0.22465144,jitter,4.0
PnP-DnCNN,52,20.528110035750828,0.8902515361339531,0.30405858,jitter,4.0
PnP-DnCNN,53,23.15803387593494,0.8962798510670416,0.27855203,jitter,4.0
PnP-DnCNN,54,20.659781244876303,0.9327252129754744,0.24425735,jitter,4.0
PnP-DnCNN,55,22.765065518255625,0.9522488468195781,0.21082233,jitter,4.0
PnP-DnCNN,56,22.8275470168667,0.9312328895754065,0.20764641,jitter,4.0
PnP-DnCNN,57,25.174877080346437,0.9443256798977694,0.2667007,jitter,4.0
PnP-DnCNN,58,23.00934343423566,0.9258442277181124,0.21236546,jitter,4.0
PnP-DnCNN,59,21.551920968374695,0.8958145618931321,0.39115572,jitter,4.0
PnP-DnCNN,60,22.385185377196365,0.9392158412990307,0.22298698,jitter,4.0
PnP-DnCNN,61,20.97584164545994,0.9354362932672678,0.2412921,jitter,4.0
PnP-DnCNN,62,21.73763720855689,0.9072492507802061,0.363453,jitter,4.0
PnP-DnCNN,63,20.59843344581917,0.8988370473750613,0.308698,jitter,4.0
PnP-DnCNN,64,20.88792453388492,0.9280268088106282,0.24583636,jitter,4.0
PnP-DnCNN,65,23.042408510881486,0.9292045949904386,0.30679357,jitter,4.0
PnP-DnCNN,66,20.185091088757694,0.9105638716031205,0.31788436,jitter,4.0
PnP-DnCNN,67,21.171598028568393,0.9075500124003276,0.29161152,jitter,4.0
PnP-DnCNN,68,21.56575211864733,0.9320113258359354,0.2072869,jitter,4.0
PnP-DnCNN,69,25.967473948961693,0.9727168783914945,0.14408481,jitter,4.0
PnP-DnCNN,70,23.89839213849145,0.9437193365013303,0.20476812,jitter,4.0
PnP-DnCNN,71,22.850429770278282,0.9503757475051752,0.16798368,jitter,4.0
PnP-DnCNN,72,22.009894531032245,0.9254148202401794,0.23452622,jitter,4.0
PnP-DnCNN,73,23.266209961729274,0.9413727842702353,0.1890252,jitter,4.0
PnP-DnCNN,74,27.51732408702256,0.97011158313633,0.165611,jitter,4.0
PnP-DnCNN,75,22.624430048433993,0.9149535502930565,0.23700723,jitter,4.0
PnP-DnCNN,76,20.037935743307045,0.8525301144104297,0.36950263,jitter,4.0
PnP-DnCNN,77,23.19422603669409,0.930520685066369,0.2587099,jitter,4.0
PnP-DnCNN,78,23.492420890133886,0.9372850666053532,0.22738296,jitter,4.0
PnP-DnCNN,79,21.035713833428705,0.9076566429874159,0.21140906,jitter,4.0
PnP-DnCNN,80,21.243801354828413,0.9227389049117861,0.28846976,jitter,4.0
PnP-DnCNN,81,23.404416574623895,0.9493976409339215,0.20009957,jitter,4.0
PnP-DnCNN,82,21.55560303847213,0.9193477620455351,0.21639079,jitter,4.0
PnP-DnCNN,83,23.372234631151102,0.9084717120190174,0.24807608,jitter,4.0
PnP-DnCNN,84,20.39983482048057,0.907451813440185,0.28048196,jitter,4.0
PnP-DnCNN,85,22.634281456127457,0.9160658457693606,0.18295814,jitter,4.0
PnP-DnCNN,86,22.19421188221352,0.9219089625249347,0.22961096,jitter,4.0
PnP-DnCNN,87,20.353125702363247,0.8971666253156467,0.28157738,jitter,4.0
PnP-DnCNN,88,22.134389793423797,0.9428818802169355,0.22889061,jitter,4.0
PnP-DnCNN,89,23.545872702709648,0.9417194682827665,0.24518381,jitter,4.0
PnP-DnCNN,90,24.670513264287237,0.9397037818504512,0.17926344,jitter,4.0
PnP-DnCNN,91,22.225791934274763,0.926190991832082,0.25763518,jitter,4.0
PnP-DnCNN,92,21.368325338067542,0.8944896459964312,0.3674287,jitter,4.0
PnP-DnCNN,93,22.333666284569276,0.9168056797944317,0.18901388,jitter,4.0
PnP-DnCNN,94,23.481594095181407,0.9420909407156065,0.20619841,jitter,4.0
PnP-DnCNN,95,21.637031180671503,0.938645140044699,0.1937307,jitter,4.0
PnP-DnCNN,96,23.0820064520457,0.9145293532243414,0.31664282,jitter,4.0
PnP-DnCNN,97,21.959778674317278,0.9185236073907249,0.21795654,jitter,4.0
PnP-DnCNN,98,21.560014381794925,0.8970431530586451,0.26990548,jitter,4.0
PnP-DnCNN,99,22.041379589934735,0.9404288825294203,0.21528059,jitter,4.0
PnP-DnCNN,100,19.328906452032,0.8766883851465777,0.4214098,jitter,4.0
PnP-DnCNN,101,22.851494897320592,0.9436780007417537,0.21738727,jitter,4.0
PnP-DnCNN,102,18.398945281870166,0.8395499635472401,0.35540196,jitter,4.0
PnP-DnCNN,103,23.528548785852866,0.9250214051932466,0.20395067,jitter,4.0
PnP-DnCNN,104,22.532818180647304,0.943181040488984,0.24911231,jitter,4.0
PnP-DnCNN,105,24.335008798965422,0.9621706210877284,0.21086326,jitter,4.0
PnP-DnCNN,106,19.860872101892472,0.8904054865610501,0.29411373,jitter,4.0
PnP-DnCNN,107,22.368727613306735,0.9142251027024482,0.3159202,jitter,4.0
PnP-DnCNN,108,23.21522309676802,0.945817995955013,0.22117,jitter,4.0
PnP-DnCNN,109,21.473136585961342,0.9056906363318774,0.292313,jitter,4.0
PnP-DnCNN,110,21.68417020538648,0.9014405358490373,0.23675801,jitter,4.0
PnP-DnCNN,111,26.41145695088487,0.9532637969275152,0.17017889,jitter,4.0
PnP-DnCNN,112,22.73125187798175,0.910296395821266,0.2662856,jitter,4.0
PnP-DnCNN,113,21.66203986283945,0.9185934196347043,0.2631799,jitter,4.0
PnP-DnCNN,114,22.50632002608458,0.9133321823290557,0.26942557,jitter,4.0
PnP-DnCNN,115,25.861370945746707,0.9497317150235176,0.19126526,jitter,4.0
PnP-DnCNN,116,21.47818023223198,0.8994393626397307,0.34011307,jitter,4.0
PnP-DnCNN,117,21.326786810143506,0.8922170561542042,0.25953165,jitter,4.0
PnP-DnCNN,118,22.962274158579348,0.937590656817452,0.27689415,jitter,4.0
PnP-DnCNN,119,22.158094704228816,0.9313994179641413,0.21916352,jitter,4.0
PnP-DnCNN,120,21.344476498642415,0.8991648068378317,0.21292067,jitter,4.0
PnP-DnCNN,121,21.660563779543583,0.9026530049125517,0.28790832,jitter,4.0
PnP-DnCNN,122,27.13517986139443,0.9630356267833513,0.18697093,jitter,4.0
PnP-DnCNN,123,20.308803763755442,0.8829528671989509,0.30381036,jitter,4.0
PnP-DnCNN,124,20.64669275282788,0.8984141669982721,0.2822304,jitter,4.0
PnP-DnCNN,125,20.95963708592357,0.8962604567285412,0.32294676,jitter,4.0
PnP-DnCNN,126,20.198669299799356,0.9189486381066733,0.2819608,jitter,4.0
PnP-DnCNN,127,21.319502940860005,0.9090302631793897,0.2555594,jitter,4.0
PnP-DnCNN,128,20.44057356363034,0.8999893557287999,0.23142602,jitter,4.0
PnP-DnCNN,129,21.7709128803193,0.9071897275761263,0.267058,jitter,4.0
PnP-DnCNN,130,20.553698248538016,0.9260166095000161,0.23978159,jitter,4.0
PnP-DnCNN,131,22.14152418049622,0.9434338169372525,0.18682359,jitter,4.0
PnP-DnCNN,132,20.33793692999293,0.9197407458747221,0.23766907,jitter,4.0
PnP-DnCNN,133,20.644839826590747,0.8908255574993851,0.24626152,jitter,4.0
PnP-DnCNN,134,21.479190278771885,0.9073546847159212,0.24196127,jitter,4.0
PnP-DnCNN,135,24.237376235176264,0.961048754994288,0.21774513,jitter,4.0
PnP-DnCNN,136,23.64282807787464,0.9550846057736184,0.20134874,jitter,4.0
PnP-DnCNN,137,22.85511118124603,0.9375073880357437,0.23804635,jitter,4.0
PnP-DnCNN,138,21.35194077686802,0.9285068880335605,0.24817747,jitter,4.0
PnP-DnCNN,139,19.65517238797014,0.867238314025689,0.3150258,jitter,4.0
PnP-DnCNN,140,19.040449851247626,0.820314980625783,0.45649913,jitter,4.0
PnP-DnCNN,141,21.29110988816601,0.9394971628419377,0.3135374,jitter,4.0
PnP-DnCNN,142,22.14047814965165,0.9075635075261278,0.25806946,jitter,4.0
PnP-DnCNN,143,28.46914194391095,0.9708325200337024,0.17251469,jitter,4.0
PnP-DnCNN,144,20.618186417015668,0.904727341868907,0.28703278,jitter,4.0
PnP-DnCNN,145,21.783164377076996,0.9080413541610329,0.3769553,jitter,4.0
PnP-DnCNN,146,21.54159195826612,0.9274127694474118,0.22839752,jitter,4.0
PnP-DnCNN,147,22.086819198414588,0.9454245325331846,0.19058536,jitter,4.0
PnP-DnCNN,148,23.4726473475354,0.9557761246384668,0.21290702,jitter,4.0
PnP-DnCNN,149,16.264420816923796,0.76898756450858,0.60779214,jitter,4.0
PnP-DnCNN,150,22.457491066731208,0.9460528063749479,0.2410078,jitter,4.0
PnP-DnCNN,151,19.53165590335129,0.9092934142936729,0.29640222,jitter,4.0
PnP-DnCNN,152,21.822226048329814,0.9194050152181871,0.2844313,jitter,4.0
PnP-DnCNN,153,21.095256472713967,0.8925145201631322,0.31682107,jitter,4.0
PnP-DnCNN,154,24.11039492520169,0.9224576081249339,0.30671155,jitter,4.0
PnP-DnCNN,155,22.00366574731798,0.9422651495753733,0.21953222,jitter,4.0
PnP-DnCNN,156,25.095649471078275,0.966468049228684,0.18579243,jitter,4.0
PnP-DnCNN,157,21.451391089892958,0.9284443484295991,0.26694953,jitter,4.0
PnP-DnCNN,158,23.56832667549538,0.9422325600585169,0.2109065,jitter,4.0
PnP-DnCNN,159,21.179679525577924,0.9010795501314781,0.35429403,jitter,4.0
PnP-DnCNN,160,21.77907129884312,0.9299740263930529,0.24853316,jitter,4.0
PnP-DnCNN,161,20.951412620764778,0.9068938561692095,0.27448422,jitter,4.0
PnP-DnCNN,162,21.561661414370267,0.9333025964115523,0.21283256,jitter,4.0
PnP-DnCNN,163,21.153218351233257,0.8869522733590758,0.2393131,jitter,4.0
PnP-DnCNN,164,21.032865157678536,0.9119740874652774,0.28958827,jitter,4.0
PnP-DnCNN,165,22.57058060255784,0.9310117111010247,0.20430544,jitter,4.0
PnP-DnCNN,166,19.598074188989123,0.8712914045284356,0.3546539,jitter,4.0
PnP-DnCNN,167,21.59182649087285,0.9056612862050841,0.30879033,jitter,4.0
PnP-DnCNN,168,22.86005054073726,0.9243568673668322,0.290731,jitter,4.0
PnP-DnCNN,169,25.9823430072411,0.9520459322582099,0.17695713,jitter,4.0
PnP-DnCNN,170,22.969390476807952,0.9119095827245023,0.27329323,jitter,4.0
PnP-DnCNN,171,21.03825638091785,0.9187484253967596,0.2296002,jitter,4.0
PnP-DnCNN,172,22.64072647777922,0.9530858982446765,0.20092076,jitter,4.0
PnP-DnCNN,173,19.55345307082146,0.8350916386635836,0.38478497,jitter,4.0
PnP-DnCNN,174,21.288926994061846,0.9007407125424255,0.2743476,jitter,4.0
PnP-DnCNN,175,22.823809446002606,0.9131481358088738,0.43172637,jitter,4.0
PnP-DnCNN,176,26.68081380830852,0.9492734419412849,0.275401,jitter,4.0
PnP-DnCNN,177,22.280521998929256,0.9558667068885378,0.2305547,jitter,4.0
PnP-DnCNN,178,27.627356691523886,0.9704042169427084,0.17243303,jitter,4.0
PnP-DnCNN,179,21.32355834268482,0.9218499069525437,0.2274195,jitter,4.0
PnP-DnCNN,180,24.520173550084362,0.9507505470070957,0.26339823,jitter,4.0
PnP-DnCNN,181,20.854456857311263,0.9250758418059053,0.24810074,jitter,4.0
PnP-DnCNN,182,22.257535401313092,0.9148499234059964,0.27995285,jitter,4.0
PnP-DnCNN,183,21.175399241545346,0.9497126073014638,0.21309237,jitter,4.0
PnP-DnCNN,184,21.09309095949095,0.8703752026339023,0.280321,jitter,4.0
PnP-DnCNN,185,22.408005059770346,0.9447665185598303,0.24701144,jitter,4.0
PnP-DnCNN,186,21.631609308456916,0.9137474324569599,0.19806916,jitter,4.0
PnP-DnCNN,187,22.12819151909575,0.9179291489018389,0.22854242,jitter,4.0
PnP-DnCNN,188,22.5183265541397,0.937472700872574,0.18339406,jitter,4.0
PnP-DnCNN,189,24.050176792061713,0.9245507795871659,0.32978714,jitter,4.0
PnP-DnCNN,190,22.965240303503393,0.9340766508224582,0.2313984,jitter,4.0
PnP-DnCNN,191,28.233641624273602,0.9685362760931993,0.16612725,jitter,4.0
PnP-DnCNN,192,20.948324812457713,0.9499155223246448,0.25311288,jitter,4.0
PnP-DnCNN,193,19.63103562947586,0.8867699073796923,0.3608843,jitter,4.0
PnP-DnCNN,194,22.142015257077936,0.956525633958253,0.2186339,jitter,4.0
PnP-DnCNN,195,19.513119285983237,0.8130638041622044,0.50725204,jitter,4.0
PnP-DnCNN,196,22.582989318636596,0.9342993070363752,0.25349241,jitter,4.0
PnP-DnCNN,197,21.512246438451538,0.9196346414791159,0.22272956,jitter,4.0
PnP-DnCNN,198,22.329002020567344,0.9175965205481476,0.2721582,jitter,4.0
PnP-DnCNN,199,22.19861216124923,0.9208793422699837,0.18713395,jitter,4.0
